Aggr started. input=D:\tree-KG\TreeKG-main\src\output\02_hidden_kg\conv_entities.json, output=D:\tree-KG\TreeKG-main\src\output\02_hidden_kg\aggr_entities.json, log=D:\tree-KG\TreeKG-main\src\output\02_hidden_kg\logs\aggr.log
===== [Stage 1] 角色判定（并发=10）=====
[role] 阴阳五行学说 -> core | ok=True attempts=1 fallback=False
[role] 四性五味 -> core | ok=True attempts=1 fallback=False
[role] 《黄帝内经》 -> core | ok=True attempts=1 fallback=False
[role] 《黄帝八十一难经》 -> core | ok=True attempts=1 fallback=False
[role] 中医学理论体系 -> core | ok=True attempts=1 fallback=False
[role] 脏腑病机理论 -> core | ok=True attempts=1 fallback=False
[role] 《神农本草经》 -> core | ok=True attempts=1 fallback=False
[role] 六经辨证 -> core | ok=True attempts=1 fallback=False
[role] 辨证论治 -> core | ok=True attempts=1 fallback=False
[role] 《伤寒杂病论》 -> core | ok=True attempts=1 fallback=False
[role] 脉诊 -> core | ok=True attempts=1 fallback=False
[role] 方书之祖 -> core | ok=True attempts=1 fallback=False
[role] 针灸甲乙经 -> core | ok=True attempts=1 fallback=False
[role] 寸口诊法 -> core | ok=True attempts=1 fallback=False
[role] 寸关尺 -> core | ok=True attempts=1 fallback=False
[role] 经络腧穴 -> core | ok=True attempts=1 fallback=False
[role] 针灸 -> core | ok=True attempts=1 fallback=False
[role] 脉经 -> core | ok=True attempts=1 fallback=False
[role] 脏腑对应关系 -> core | ok=True attempts=1 fallback=False
[role] 诸病源候论 -> core | ok=True attempts=1 fallback=False
[role] 病因病机 -> core | ok=True attempts=1 fallback=False
[role] 新修本草 -> core | ok=True attempts=1 fallback=False
[role] 寒凉学说 -> core | ok=True attempts=1 fallback=False
[role] 三因学说 -> core | ok=True attempts=1 fallback=False
[role] 脏腑辨证 -> core | ok=True attempts=1 fallback=False
[role] 补土学说 -> core | ok=True attempts=1 fallback=False
[role] 大医精诚 -> core | ok=True attempts=1 fallback=False
[role] 滋阴学说 -> core | ok=True attempts=1 fallback=False
[role] 攻邪学说 -> core | ok=True attempts=1 fallback=False
[role] 金元四大家 -> core | ok=True attempts=1 fallback=False
[role] 命门学说 -> core | ok=True attempts=1 fallback=False
[role] 异气病因 -> core | ok=True attempts=1 fallback=False
[role] 本草纲目 -> core | ok=True attempts=1 fallback=False
[role] 肾为先天本 -> core | ok=True attempts=1 fallback=False
[role] 三焦辨证 -> core | ok=True attempts=1 fallback=False
[role] 温病学 -> core | ok=True attempts=1 fallback=False
[role] 脾为后天本 -> core | ok=True attempts=1 fallback=False
[role] 中西汇通派 -> core | ok=True attempts=1 fallback=False
[role] 经络 -> core | ok=True attempts=1 fallback=False
[role] 四诊客观化 -> core | ok=True attempts=1 fallback=False
[role] 卫气营血辨证 -> core | ok=True attempts=1 fallback=False
[role] 中医学整体观念 -> core | ok=True attempts=1 fallback=False
[role] 藏象 -> core | ok=True attempts=1 fallback=False
[role] 中医药法 -> core | ok=True attempts=1 fallback=False
[role] 辨证与辨病结合 -> core | ok=True attempts=1 fallback=False
[role] 青蒿素 -> non-core | ok=True attempts=1 fallback=False
[role] 五脏 -> core | ok=True attempts=1 fallback=False
[role] 脏腑体窍 -> core | ok=True attempts=1 fallback=False
[role] 精气血津液 -> core | ok=True attempts=1 fallback=False
[role] 整体反应 -> core | ok=True attempts=1 fallback=False
[role] 局部病变 -> core | ok=True attempts=1 fallback=False
[role] 面色 -> core | ok=True attempts=1 fallback=False
[role] 脏腑传变 -> core | ok=True attempts=1 fallback=False
[role] 察外知内 -> core | ok=True attempts=1 fallback=False
[role] 舌象 -> core | ok=True attempts=1 fallback=False
[role] 地理环境 -> core | ok=True attempts=1 fallback=False
[role] 季节气候 -> core | ok=True attempts=1 fallback=False
[role] 整体调节 -> core | ok=True attempts=1 fallback=False
[role] 江南腠理疏松 -> non-core | ok=True attempts=1 fallback=False
[role] 昼夜晨昏 -> core | ok=True attempts=1 fallback=False
[role] 社会环境 -> core | ok=True attempts=1 fallback=False
[role] 污染 -> non-core | ok=True attempts=1 fallback=False
[role] 噪声 -> non-core | ok=True attempts=1 fallback=False
[role] 西北腠理致密 -> non-core | ok=True attempts=1 fallback=False
[role] 心 -> core | ok=True attempts=1 fallback=False
[role] 社会地位变化 -> core | ok=True attempts=1 fallback=False
[role] 养生防治 -> core | ok=True attempts=1 fallback=False
[role] 情志 -> core | ok=True attempts=1 fallback=False
[role] 症 -> core | ok=True attempts=1 fallback=False
[role] 病 -> core | ok=True attempts=1 fallback=False
[role] 异病同治 -> core | ok=True attempts=1 fallback=False
[role] 证 -> core | ok=True attempts=1 fallback=False
[role] 辨病论治 -> core | ok=True attempts=1 fallback=False
[role] 类比 -> core | ok=True attempts=1 fallback=False
[role] 辨证 -> core | ok=True attempts=1 fallback=False
[role] 论治 -> core | ok=True attempts=1 fallback=False
[role] 同病异治 -> core | ok=True attempts=1 fallback=False
[role] 或然性推理 -> core | ok=True attempts=1 fallback=False
[role] 对症治疗 -> core | ok=True attempts=1 fallback=False
[role] 比较法 -> core | ok=True attempts=1 fallback=False
[role] 釜底抽薪法 -> core | ok=True attempts=1 fallback=False
[role] 增水行舟法 -> core | ok=True attempts=1 fallback=False
[role] 同一性 -> core | ok=True attempts=1 fallback=False
[role] 五行特性 -> core | ok=True attempts=1 fallback=False
[role] 差异性 -> non-core | ok=True attempts=1 fallback=False
[role] 前提 -> core | ok=True attempts=1 fallback=False
[role] 演绎推理 -> core | ok=True attempts=1 fallback=False
[role] 生长升发 -> non-core | ok=True attempts=1 fallback=False
[role] 木 -> core | ok=True attempts=1 fallback=False
[role] 推理形式 -> core | ok=True attempts=1 fallback=False
[role] 以表知里 -> core | ok=True attempts=1 fallback=False
[role] 条达舒畅 -> non-core | ok=True attempts=1 fallback=False
[role] 藏象学说 -> core | ok=True attempts=1 fallback=False
[role] 肝 -> core | ok=True attempts=1 fallback=False
[role] 象 -> core | ok=True attempts=1 fallback=False
[role] 有诸内必形诸外 -> core | ok=True attempts=1 fallback=False
[role] 藏 -> non-core | ok=True attempts=1 fallback=False
[role] 咯血 -> non-core | ok=True attempts=1 fallback=False
[role] 呼吸 -> core | ok=True attempts=1 fallback=False
[role] 咳嗽 -> core | ok=True attempts=1 fallback=False
[role] 观察与反馈循环 -> core | ok=True attempts=1 fallback=False
[role] 气喘 -> non-core | ok=True attempts=1 fallback=False
[role] 试探 -> core | ok=True attempts=1 fallback=False
[role] 小柴胡汤 -> non-core | ok=True attempts=1 fallback=False
[role] 肺 -> core | ok=True attempts=1 fallback=False
[role] 假设—验证—修正 -> core | ok=True attempts=1 fallback=False
[role] 小建中汤 -> core | ok=True attempts=1 fallback=False
[role] 反证 -> core | ok=True attempts=1 fallback=False
[role] 逆向思维方法 -> core | ok=True attempts=1 fallback=False
[role] 审证求因 -> core | ok=True attempts=1 fallback=False
[role] 湿邪 -> core | ok=True attempts=1 fallback=False
[role] 阳 -> core | ok=True attempts=1 fallback=False
[role] 阴阳 -> core | ok=True attempts=1 fallback=False
[role] 《说文解字》 -> core | ok=True attempts=1 fallback=False
[role] 阴 -> core | ok=True attempts=1 fallback=False
[role] 阴阳学说 -> core | ok=True attempts=1 fallback=False
[role] 对立统一规律 -> core | ok=True attempts=1 fallback=False
[role] 对立互根 -> core | ok=True attempts=1 fallback=False
[role] 《灵枢·阴阳系日月》 -> core | ok=True attempts=1 fallback=False
[role] 消长转化 -> core | ok=True attempts=1 fallback=False
[role] 《类经·阴阳类》 -> core | ok=True attempts=1 fallback=False
[role] 普遍性 -> core | ok=True attempts=1 fallback=False
[role] 相关性 -> core | ok=True attempts=1 fallback=False
[role] 一分为二 -> core | ok=True attempts=1 fallback=False
[role] 有名而无形 -> core | ok=True attempts=1 fallback=False
[role] 相对性 -> core | ok=True attempts=1 fallback=False
[role] 转化性 -> core | ok=True attempts=1 fallback=False
[role] 规定性 -> core | ok=True attempts=1 fallback=False
[role] 可分性 -> core | ok=True attempts=1 fallback=False
[role] 阴阳互藏 -> core | ok=True attempts=1 fallback=False
[role] 推动 -> non-core | ok=True attempts=1 fallback=False
[role] 寒 -> core | ok=True attempts=1 fallback=False
[role] 滋润 -> core | ok=True attempts=1 fallback=False
[role] 寒热证候 -> core | ok=True attempts=1 fallback=False
[role] 兴奋 -> core | ok=True attempts=1 fallback=False
[role] 温煦 -> core | ok=True attempts=1 fallback=False
[role] 阴阳的对立制约 -> core | ok=True attempts=1 fallback=False
[role] 热 -> core | ok=True attempts=1 fallback=False
[role] 凝聚 -> core | ok=True attempts=1 fallback=False
[role] 阳不胜其阴 -> non-core | ok=True attempts=1 fallback=False
[role] 抑制 -> core | ok=True attempts=1 fallback=False
[role] 阴胜则阳病 -> core | ok=True attempts=1 fallback=False
[role] 阳胜则阴病 -> core | ok=True attempts=1 fallback=False
[role] 热者寒之 -> core | ok=True attempts=1 fallback=False
[role] 寒者热之 -> core | ok=True attempts=1 fallback=False
[role] 高者抑之 -> non-core | ok=True attempts=1 fallback=False
[role] 阴不胜其阳 -> non-core | ok=True attempts=1 fallback=False
[role] 阴阳互根 -> core | ok=True attempts=1 fallback=False
[role] 阴阳互根互用关系 -> core | ok=True attempts=1 fallback=False
[role] 下 -> non-core | ok=True attempts=1 fallback=False
[role] 云雨形成 -> non-core | ok=True attempts=1 fallback=False
[role] 下者举之 -> core | ok=True attempts=1 fallback=False
[role] 地气上为云 -> non-core | ok=True attempts=1 fallback=False
[role] 天气下为雨 -> non-core | ok=True attempts=1 fallback=False
[role] 阴寒凝聚 -> non-core | ok=True attempts=1 fallback=False
[role] 阴阳互用 -> core | ok=True attempts=1 fallback=False
[role] 上 -> core | ok=True attempts=1 fallback=False
[role] 阳热蒸化 -> non-core | ok=True attempts=1 fallback=False
[role] 物质结构 -> core | ok=True attempts=1 fallback=False
[role] 上升 -> non-core | ok=True attempts=1 fallback=False
[role] 功能活动 -> core | ok=True attempts=1 fallback=False
[role] 阴阳相互消长 -> core | ok=True attempts=1 fallback=False
[role] 阳生阴长 -> non-core | ok=True attempts=1 fallback=False
[role] 阳杀阴藏 -> non-core | ok=True attempts=1 fallback=False
[role] 阴阳的消长平衡 -> core | ok=True attempts=1 fallback=False
[role] 素问 -> core | ok=True attempts=1 fallback=False
[role] 协调平衡 -> core | ok=True attempts=1 fallback=False
[role] 对立制约 -> core | ok=True attempts=1 fallback=False
[role] 此长彼消 -> core | ok=True attempts=1 fallback=False
[role] 热盛津亏 -> non-core | ok=True attempts=1 fallback=False
[role] 此长彼长 -> non-core | ok=True attempts=1 fallback=False
[role] 互根互用 -> core | ok=True attempts=1 fallback=False
[role] 阴虚火旺 -> core | ok=True attempts=1 fallback=False
[role] 阳长阴消 -> core | ok=True attempts=1 fallback=False
[role] 阳损及阴 -> core | ok=True attempts=1 fallback=False
[role] 此消彼消 -> non-core | ok=True attempts=1 fallback=False
[role] 补气生血 -> non-core | ok=True attempts=1 fallback=False
[role] 阴平阳秘 -> core | ok=True attempts=1 fallback=False
[role] 失调 -> non-core | ok=True attempts=1 fallback=False
[role] 下降 -> non-core | ok=True attempts=1 fallback=False
[role] 阴阳消长 -> core | ok=True attempts=1 fallback=False
[role] 阴阳的相互转化 -> core | ok=True attempts=1 fallback=False
[role] 此消彼长 -> core | ok=True attempts=1 fallback=False
[role] 重阴必阳 -> core | ok=True attempts=1 fallback=False
[role] 质变 -> core | ok=True attempts=1 fallback=False
[role] 重阳必阴 -> core | ok=True attempts=1 fallback=False
[role] 阳胜则热 -> non-core | ok=True attempts=1 fallback=False
[role] 量变 -> core | ok=True attempts=1 fallback=False
[role] 重 -> non-core | ok=True attempts=1 fallback=False
[role] 寒极生热 -> core | ok=True attempts=1 fallback=False
[role] 表里转化 -> core | ok=True attempts=1 fallback=False
[role] 甚 -> non-core | ok=True attempts=1 fallback=False
[role] 极 -> non-core | ok=True attempts=1 fallback=False
[role] 热极生寒 -> core | ok=True attempts=1 fallback=False
[role] 渐变 -> core | ok=True attempts=1 fallback=False
[role] 寒热转化 -> core | ok=True attempts=1 fallback=False
[role] 突变 -> core | ok=True attempts=1 fallback=False
[role] 有机整体 -> core | ok=True attempts=1 fallback=False
[role] 脏腑组织 -> core | ok=True attempts=1 fallback=False
[role] 人体 -> core | ok=True attempts=1 fallback=False
[role] 阴阳证候转化 -> core | ok=True attempts=1 fallback=False
[role] 虚实转化 -> core | ok=True attempts=1 fallback=False
[role] 阴阳对立统一观点 -> core | ok=True attempts=1 fallback=False
[role] 阴阳属性 -> core | ok=True attempts=1 fallback=False
[role] 上部 -> non-core | ok=True attempts=1 fallback=False
[role] 体表 -> non-core | ok=True attempts=1 fallback=False
[role] 四肢外侧 -> non-core | ok=True attempts=1 fallback=False
[role] 背部 -> non-core | ok=True attempts=1 fallback=False
[role] 胸腹部 -> non-core | ok=True attempts=1 fallback=False
[role] 四肢内侧 -> non-core | ok=True attempts=1 fallback=False
[role] 下部 -> non-core | ok=True attempts=1 fallback=False
[role] 传化物而不藏 -> non-core | ok=True attempts=1 fallback=False
[role] 六腑 -> core | ok=True attempts=1 fallback=False
[role] 体内 -> non-core | ok=True attempts=1 fallback=False
[role] 火 -> core | ok=True attempts=1 fallback=False
[role] 阳中之阳 -> non-core | ok=True attempts=1 fallback=False
[role] 化生贮藏精气而不泻 -> non-core | ok=True attempts=1 fallback=False
[role] 夏气 -> non-core | ok=True attempts=1 fallback=False
[role] 温通 -> non-core | ok=True attempts=1 fallback=False
[role] 膈上 -> non-core | ok=True attempts=1 fallback=False
[role] 金 -> core | ok=True attempts=1 fallback=False
[role] 肃降 -> core | ok=True attempts=1 fallback=False
[role] 秋气 -> non-core | ok=True attempts=1 fallback=False
[role] 阳中之阴 -> non-core | ok=True attempts=1 fallback=False
[role] 肾 -> core | ok=True attempts=1 fallback=False
[role] 阴中之阳 -> non-core | ok=True attempts=1 fallback=False
[role] 冬气 -> non-core | ok=True attempts=1 fallback=False
[role] 春气 -> non-core | ok=True attempts=1 fallback=False
[role] 升发 -> core | ok=True attempts=1 fallback=False
[role] 闭藏 -> non-core | ok=True attempts=1 fallback=False
[role] 膈下 -> non-core | ok=True attempts=1 fallback=False
[role] 水 -> core | ok=True attempts=1 fallback=False
[role] 脾 -> core | ok=True attempts=1 fallback=False
[role] 阴中之阴 -> non-core | ok=True attempts=1 fallback=False
[role] 中央 -> non-core | ok=True attempts=1 fallback=False
[role] 土 -> core | ok=True attempts=1 fallback=False
[role] 人体结构层次 -> core | ok=True attempts=1 fallback=False
[role] 阴中之至阴 -> non-core | ok=True attempts=1 fallback=False
[role] 营卫 -> core | ok=True attempts=1 fallback=False
[role] 长夏 -> core | ok=True attempts=1 fallback=False
[role] 阴阳的相对性与统一性 -> core | ok=True attempts=1 fallback=False
[role] 血 -> core | ok=True attempts=1 fallback=False
[role] 津液 -> core | ok=True attempts=1 fallback=False
[role] 气 -> core | ok=True attempts=1 fallback=False
[role] 睡眠活动 -> core | ok=True attempts=1 fallback=False
[role] 精 -> core | ok=True attempts=1 fallback=False
[role] 疾病 -> core | ok=True attempts=1 fallback=False
[role] 入睡 -> non-core | ok=True attempts=1 fallback=False
[role] 阴邪 -> core | ok=True attempts=1 fallback=False
[role] 脏腑 -> core | ok=True attempts=1 fallback=False
[role] 阳邪 -> core | ok=True attempts=1 fallback=False
[role] 阴精 -> non-core | ok=True attempts=1 fallback=False
[role] 病邪 -> core | ok=True attempts=1 fallback=False
[role] 正气 -> core | ok=True attempts=1 fallback=False
[role] 阴阳偏衰 -> core | ok=True attempts=1 fallback=False
[role] 醒寤 -> non-core | ok=True attempts=1 fallback=False
[role] 阳气 -> core | ok=True attempts=1 fallback=False
[role] 阴胜则寒 -> core | ok=True attempts=1 fallback=False
[role] 阴阳偏盛 -> core | ok=True attempts=1 fallback=False
[role] 阴阳互损 -> core | ok=True attempts=1 fallback=False
[role] 阴阳失调 -> core | ok=True attempts=1 fallback=False
[role] 阴虚则热 -> core | ok=True attempts=1 fallback=False
[role] 实证 -> core | ok=True attempts=1 fallback=False
[role] 阴损及阳 -> core | ok=True attempts=1 fallback=False
[role] 阴阳两虚 -> core | ok=True attempts=1 fallback=False
[role] 阴阳转化 -> core | ok=True attempts=1 fallback=False
[role] 阳虚则寒 -> core | ok=True attempts=1 fallback=False
[role] 阴证 -> core | ok=True attempts=1 fallback=False
[role] 色泽晦暗 -> non-core | ok=True attempts=1 fallback=False
[role] 阳证 -> core | ok=True attempts=1 fallback=False
[role] 虚证 -> core | ok=True attempts=1 fallback=False
[role] 阴阳两分法 -> core | ok=True attempts=1 fallback=False
[role] 肺热阳证 -> core | ok=True attempts=1 fallback=False
[role] 色泽鲜明 -> non-core | ok=True attempts=1 fallback=False
[role] 声音高亢多言 -> non-core | ok=True attempts=1 fallback=False
[role] 呼吸有力 -> non-core | ok=True attempts=1 fallback=False
[role] 声音低弱少言 -> non-core | ok=True attempts=1 fallback=False
[role] 呼吸微弱 -> non-core | ok=True attempts=1 fallback=False
[role] 肺寒阴证 -> core | ok=True attempts=1 fallback=False
[role] 数脉 -> core | ok=True attempts=1 fallback=False
[role] 尺脉 -> non-core | ok=True attempts=1 fallback=False
[role] 迟脉 -> core | ok=True attempts=1 fallback=False
[role] 寸脉 -> non-core | ok=True attempts=1 fallback=False
[role] 浮大洪滑 -> non-core | ok=True attempts=1 fallback=False
[role] 虚脉 -> non-core | ok=True attempts=1 fallback=False
[role] 实脉 -> non-core | ok=True attempts=1 fallback=False
[role] 张景岳 -> non-core | ok=True attempts=1 fallback=False
[role] 表证 -> core | ok=True attempts=1 fallback=False
[role] 里证 -> core | ok=True attempts=1 fallback=False
[role] 沉小细涩 -> non-core | ok=True attempts=1 fallback=False
[role] 热证 -> core | ok=True attempts=1 fallback=False
[role] 法于阴阳 -> core | ok=True attempts=1 fallback=False
[role] 审察阴阳 -> core | ok=True attempts=1 fallback=False
[role] 春夏养阳 -> core | ok=True attempts=1 fallback=False
[role] 秋冬养阴 -> core | ok=True attempts=1 fallback=False
[role] 寒证 -> core | ok=True attempts=1 fallback=False
[role] 谨察阴阳所在而调之，以平为期 -> core | ok=True attempts=1 fallback=False
[role] 损其有余 -> core | ok=True attempts=1 fallback=False
[role] 补其不足 -> core | ok=True attempts=1 fallback=False
[role] 医道纲领 -> core | ok=True attempts=1 fallback=False
[role] 阴病治阳 -> core | ok=True attempts=1 fallback=False
[role] 扶阳抑阴 -> core | ok=True attempts=1 fallback=False
[role] 滋阴制阳 -> core | ok=True attempts=1 fallback=False
[role] 阴中求阳 -> core | ok=True attempts=1 fallback=False
[role] 阴阳双补 -> core | ok=True attempts=1 fallback=False
[role] 阳病治阴 -> core | ok=True attempts=1 fallback=False
[role] 阳中求阴 -> core | ok=True attempts=1 fallback=False
[role] 凉 -> non-core | ok=True attempts=1 fallback=False
[role] 温 -> core | ok=True attempts=1 fallback=False
[role] 四气 -> core | ok=True attempts=1 fallback=False
[role] 辛 -> non-core | ok=True attempts=1 fallback=False
[role] 五味 -> core | ok=True attempts=1 fallback=False
[role] 升 -> non-core | ok=True attempts=1 fallback=False
[role] 甘 -> non-core | ok=True attempts=1 fallback=False
[role] 酸 -> core | ok=True attempts=1 fallback=False
[role] 苦 -> non-core | ok=True attempts=1 fallback=False
[role] 升降浮沉 -> core | ok=True attempts=1 fallback=False
[role] 咸 -> non-core | ok=True attempts=1 fallback=False
[role] 浮 -> non-core | ok=True attempts=1 fallback=False
[role] 降 -> non-core | ok=True attempts=1 fallback=False
[role] 淡 -> non-core | ok=True attempts=1 fallback=False
[role] 五行 -> core | ok=True attempts=1 fallback=False
[role] 涩 -> non-core | ok=True attempts=1 fallback=False
[role] 沉 -> non-core | ok=True attempts=1 fallback=False
[role] 五方 -> core | ok=True attempts=1 fallback=False
[role] 资生 -> core | ok=True attempts=1 fallback=False
[role] 五材 -> core | ok=True attempts=1 fallback=False
[role] 制约 -> non-core | ok=True attempts=1 fallback=False
[role] 水曰润下 -> core | ok=True attempts=1 fallback=False
[role] 五行学说 -> core | ok=True attempts=1 fallback=False
[role] 金曰从革 -> core | ok=True attempts=1 fallback=False
[role] 火曰炎上 -> core | ok=True attempts=1 fallback=False
[role] 木曰曲直 -> core | ok=True attempts=1 fallback=False
[role] 土爰稼穑 -> core | ok=True attempts=1 fallback=False
[role] 《尚书·洪范》 -> core | ok=True attempts=1 fallback=False
[role] 生长 -> core | ok=True attempts=1 fallback=False
[role] 明亮 -> core | ok=True attempts=1 fallback=False
[role] 长养 -> core | ok=True attempts=1 fallback=False
[role] 承载 -> core | ok=True attempts=1 fallback=False
[role] 升散 -> core | ok=True attempts=1 fallback=False
[role] 生化 -> core | ok=True attempts=1 fallback=False
[role] 炎热 -> core | ok=True attempts=1 fallback=False
[role] 收敛 -> core | ok=True attempts=1 fallback=False
[role] 肃杀 -> non-core | ok=True attempts=1 fallback=False
[role] 沉降 -> core | ok=True attempts=1 fallback=False
[role] 取象比类 -> core | ok=True attempts=1 fallback=False
[role] 伸展 -> core | ok=True attempts=1 fallback=False
[role] 五腑 -> core | ok=True attempts=1 fallback=False
[role] 胆 -> core | ok=True attempts=1 fallback=False
[role] 五体 -> core | ok=True attempts=1 fallback=False
[role] 目 -> core | ok=True attempts=1 fallback=False
[role] 筋 -> non-core | ok=True attempts=1 fallback=False
[role] 怒 -> core | ok=True attempts=1 fallback=False
[role] 五行分类 -> core | ok=True attempts=1 fallback=False
[role] 五志 -> core | ok=True attempts=1 fallback=False
[role] 耳 -> core | ok=True attempts=1 fallback=False
[role] 膀胱 -> core | ok=True attempts=1 fallback=False
[role] 相生 -> core | ok=True attempts=1 fallback=False
[role] 一般原理 -> core | ok=True attempts=1 fallback=False
[role] 骨 -> core | ok=True attempts=1 fallback=False
[role] 生克制化 -> core | ok=True attempts=1 fallback=False
[role] 恐 -> core | ok=True attempts=1 fallback=False
[role] 五行规律 -> core | ok=True attempts=1 fallback=False
[role] 相克 -> core | ok=True attempts=1 fallback=False
[role] 母 -> non-core | ok=True attempts=1 fallback=False
[role] 制化 -> core | ok=True attempts=1 fallback=False
[role] 所不胜 -> non-core | ok=True attempts=1 fallback=False
[role] 子 -> non-core | ok=True attempts=1 fallback=False
[role] 所胜 -> non-core | ok=True attempts=1 fallback=False
[role] 金生水 -> non-core | ok=True attempts=1 fallback=False
[role] 土生金 -> non-core | ok=True attempts=1 fallback=False
[role] 木生火 -> non-core | ok=True attempts=1 fallback=False
[role] 水生木 -> core | ok=True attempts=1 fallback=False
[role] 土克水 -> non-core | ok=True attempts=1 fallback=False
[role] 火生土 -> non-core | ok=True attempts=1 fallback=False
[role] 木克土 -> core | ok=True attempts=1 fallback=False
[role] 水克火 -> non-core | ok=True attempts=1 fallback=False
[role] 火克金 -> core | ok=True attempts=1 fallback=False
[role] 金克木 -> core | ok=True attempts=1 fallback=False
[role] 母子相及 -> core | ok=True attempts=1 fallback=False
[role] 动态平衡 -> core | ok=True attempts=1 fallback=False
[role] 五行系统 -> core | ok=True attempts=1 fallback=False
[role] 子病及母 -> core | ok=True attempts=1 fallback=False
[role] 母病及子 -> core | ok=True attempts=1 fallback=False
[role] 五行相乘 -> core | ok=True attempts=1 fallback=False
[role] 相克关系 -> core | ok=True attempts=1 fallback=False
[role] 木亢乘土 -> non-core | ok=True attempts=1 fallback=False
[role] 五行相侮 -> core | ok=True attempts=1 fallback=False
[role] 相生关系 -> core | ok=True attempts=1 fallback=False
[role] 木亢侮金 -> non-core | ok=True attempts=1 fallback=False
[role] 土虚木乘 -> non-core | ok=True attempts=1 fallback=False
[role] 金虚木侮 -> non-core | ok=True attempts=1 fallback=False
[role] 五脏系统 -> core | ok=True attempts=1 fallback=False
[role] 气不及则所不胜乘之、所胜侮之 -> non-core | ok=True attempts=1 fallback=False
[role] 水竭木枯 -> non-core | ok=True attempts=1 fallback=False
[role] 肝木 -> core | ok=True attempts=1 fallback=False
[role] 气有余则制所胜而侮所不胜 -> core | ok=True attempts=1 fallback=False
[role] 肺金 -> core | ok=True attempts=1 fallback=False
[role] 脾土 -> core | ok=True attempts=1 fallback=False
[role] 《素问》 -> core | ok=True attempts=1 fallback=False
[role] 心火 -> core | ok=True attempts=1 fallback=False
[role] 五时 -> non-core | ok=True attempts=1 fallback=False
[role] 肾水 -> core | ok=True attempts=1 fallback=False
[role] 五色 -> core | ok=True attempts=1 fallback=False
[role] 五行相克 -> core | ok=True attempts=1 fallback=False
[role] 五窍 -> core | ok=True attempts=1 fallback=False
[role] 五行相生 -> core | ok=True attempts=1 fallback=False
[role] 水不涵木 -> non-core | ok=True attempts=1 fallback=False
[role] 肾阴亏虚 -> core | ok=True attempts=1 fallback=False
[role] 肝阳亢逆 -> non-core | ok=True attempts=1 fallback=False
[role] 五液 -> core | ok=True attempts=1 fallback=False
[role] 相乘传变 -> non-core | ok=True attempts=1 fallback=False
[role] 肝阴失养 -> core | ok=True attempts=1 fallback=False
[role] 五气 -> core | ok=True attempts=1 fallback=False
[role] 肝气郁结 -> core | ok=True attempts=1 fallback=False
[role] 心肝火旺 -> non-core | ok=True attempts=1 fallback=False
[role] 五行母子相及 -> core | ok=True attempts=1 fallback=False
[role] 肝脾不和 -> core | ok=True attempts=1 fallback=False
[role] 木火刑金 -> non-core | ok=True attempts=1 fallback=False
[role] 心火亢盛 -> core | ok=True attempts=1 fallback=False
[role] 脾湿盛 -> non-core | ok=True attempts=1 fallback=False
[role] 肝火上炎 -> core | ok=True attempts=1 fallback=False
[role] 肝胃不和 -> core | ok=True attempts=1 fallback=False
[role] 水湿内停 -> non-core | ok=True attempts=1 fallback=False
[role] 相侮传变 -> core | ok=True attempts=1 fallback=False
[role] 肝火亢盛 -> core | ok=True attempts=1 fallback=False
[role] 肺失清肃 -> core | ok=True attempts=1 fallback=False
[role] 望、闻、问、切 -> core | ok=True attempts=1 fallback=False
[role] 五行归类理论 -> core | ok=True attempts=1 fallback=False
[role] 面青 -> non-core | ok=True attempts=1 fallback=False
[role] 脉弦 -> non-core | ok=True attempts=1 fallback=False
[role] 肝病 -> core | ok=True attempts=1 fallback=False
[role] 脉象 -> core | ok=True attempts=1 fallback=False
[role] 五脏定位诊断 -> core | ok=True attempts=1 fallback=False
[role] 喜酸 -> non-core | ok=True attempts=1 fallback=False
[role] 病脉 -> core | ok=True attempts=1 fallback=False
[role] 脾虚 -> core | ok=True attempts=1 fallback=False
[role] 五行生克理论 -> core | ok=True attempts=1 fallback=False
[role] 浮脉 -> core | ok=True attempts=1 fallback=False
[role] 肝木乘脾土 -> core | ok=True attempts=1 fallback=False
[role] 克色之脉 -> non-core | ok=True attempts=1 fallback=False
[role] 生克乘侮理论 -> core | ok=True attempts=1 fallback=False
[role] 沉脉 -> core | ok=True attempts=1 fallback=False
[role] 病色 -> core | ok=True attempts=1 fallback=False
[role] 控制传变 -> core | ok=True attempts=1 fallback=False
[role] 四诊合参 -> core | ok=True attempts=1 fallback=False
[role] 生色之脉 -> non-core | ok=True attempts=1 fallback=False
[role] 先实其脾气 -> non-core | ok=True attempts=1 fallback=False
[role] 逆证 -> non-core | ok=True attempts=1 fallback=False
[role] 顺证 -> non-core | ok=True attempts=1 fallback=False
[role] 虚者补其母，实者泻其子 -> core | ok=True attempts=1 fallback=False
[role] 滋水涵木 -> core | ok=True attempts=1 fallback=False
[role] 抑强扶弱 -> core | ok=True attempts=1 fallback=False
[role] 培土生金 -> core | ok=True attempts=1 fallback=False
[role] 同气相求 -> core | ok=True attempts=1 fallback=False
[role] 泻南补北 -> non-core | ok=True attempts=1 fallback=False
[role] 佐金平木 -> core | ok=True attempts=1 fallback=False
[role] 精气 -> core | ok=True attempts=1 fallback=False
[role] 奇恒之腑 -> core | ok=True attempts=1 fallback=False
[role] 金水相生 -> core | ok=True attempts=1 fallback=False
[role] 藏而不泻 -> non-core | ok=True attempts=1 fallback=False
[role] 抑木扶土 -> core | ok=True attempts=1 fallback=False
[role] 五色五味 -> non-core | ok=True attempts=1 fallback=False
[role] 五神脏 -> core | ok=True attempts=1 fallback=False
[role] 小肠 -> core | ok=True attempts=1 fallback=False
[role] 胃 -> core | ok=True attempts=1 fallback=False
[role] 三焦 -> core | ok=True attempts=1 fallback=False
[role] 泻而不藏 -> core | ok=True attempts=1 fallback=False
[role] 脑 -> core | ok=True attempts=1 fallback=False
[role] 受盛和传化水谷 -> core | ok=True attempts=1 fallback=False
[role] 大肠 -> core | ok=True attempts=1 fallback=False
[role] 髓 -> core | ok=True attempts=1 fallback=False
[role] 脉 -> core | ok=True attempts=1 fallback=False
[role] 女子胞 -> core | ok=True attempts=1 fallback=False
[role] 腑虚补脏 -> core | ok=True attempts=1 fallback=False
[role] 脏病多虚 -> core | ok=True attempts=1 fallback=False
[role] 腑病多实 -> core | ok=True attempts=1 fallback=False
[role] 脏腑经络生理系统 -> core | ok=True attempts=1 fallback=False
[role] 《内经》 -> core | ok=True attempts=1 fallback=False
[role] 脏实泻腑 -> core | ok=True attempts=1 fallback=False
[role] 健脾 -> core | ok=True attempts=1 fallback=False
[role] 脏腑形体官窍 -> core | ok=True attempts=1 fallback=False
[role] 食欲不振 -> non-core | ok=True attempts=1 fallback=False
[role] 早期解剖实践 -> core | ok=True attempts=1 fallback=False
[role] 腹胀便溏 -> non-core | ok=True attempts=1 fallback=False
[role] 五大功能系统 -> core | ok=True attempts=1 fallback=False
[role] 形体官窍 -> core | ok=True attempts=1 fallback=False
[role] 主肌肉四肢 -> core | ok=True attempts=1 fallback=False
[role] 脾主运化 -> core | ok=True attempts=1 fallback=False
[role] 气一元论 -> core | ok=True attempts=1 fallback=False
[role] 气血 -> core | ok=True attempts=1 fallback=False
[role] 心在志为喜 -> core | ok=True attempts=1 fallback=False
[role] 五行生克制化 -> core | ok=True attempts=1 fallback=False
[role] 肝在志为怒 -> core | ok=True attempts=1 fallback=False
[role] 心主血脉 -> core | ok=True attempts=1 fallback=False
[role] 体质 -> core | ok=True attempts=1 fallback=False
[role] 阴血 -> core | ok=True attempts=1 fallback=False
[role] 心之阳气 -> core | ok=True attempts=1 fallback=False
[role] 面色红润 -> non-core | ok=True attempts=1 fallback=False
[role] 心藏神 -> core | ok=True attempts=1 fallback=False
[role] 舌色荣润 -> non-core | ok=True attempts=1 fallback=False
[role] 心血不足 -> core | ok=True attempts=1 fallback=False
[role] 心气亏虚 -> core | ok=True attempts=1 fallback=False
[role] 心气 -> core | ok=True attempts=1 fallback=False
[role] 脉象和缓 -> non-core | ok=True attempts=1 fallback=False
[role] 面色无华 -> non-core | ok=True attempts=1 fallback=False
[role] 广义之神 -> core | ok=True attempts=1 fallback=False
[role] 唇舌青紫 -> non-core | ok=True attempts=1 fallback=False
[role] 舌淡脉弱 -> non-core | ok=True attempts=1 fallback=False
[role] 狭义之神 -> core | ok=True attempts=1 fallback=False
[role] 其华在面 -> core | ok=True attempts=1 fallback=False
[role] 血脉 -> core | ok=True attempts=1 fallback=False
[role] 心神 -> core | ok=True attempts=1 fallback=False
[role] 心胸刺痛 -> non-core | ok=True attempts=1 fallback=False
[role] 心在体合脉 -> core | ok=True attempts=1 fallback=False
[role] 心之气血 -> core | ok=True attempts=1 fallback=False
[role] 舌 -> core | ok=True attempts=1 fallback=False
[role] 心在液为汗 -> non-core | ok=True attempts=1 fallback=False
[role] 心血充盈 -> non-core | ok=True attempts=1 fallback=False
[role] 心血瘀阻 -> core | ok=True attempts=1 fallback=False
[role] 心开窍于舌 -> core | ok=True attempts=1 fallback=False
[role] 自汗 -> non-core | ok=True attempts=1 fallback=False
[role] 盗汗 -> non-core | ok=True attempts=1 fallback=False
[role] 血汗同源 -> core | ok=True attempts=1 fallback=False
[role] 心阳虚 -> core | ok=True attempts=1 fallback=False
[role] 心阴虚 -> core | ok=True attempts=1 fallback=False
[role] 心烦失眠 -> non-core | ok=True attempts=1 fallback=False
[role] 夏季阳热 -> non-core | ok=True attempts=1 fallback=False
[role] 心包络 -> core | ok=True attempts=1 fallback=False
[role] 喜 -> core | ok=True attempts=1 fallback=False
[role] 心属火 -> core | ok=True attempts=1 fallback=False
[role] 手厥阴心包经 -> core | ok=True attempts=1 fallback=False
[role] 心在时为夏 -> core | ok=True attempts=1 fallback=False
[role] 口舌生疮 -> non-core | ok=True attempts=1 fallback=False
[role] 热入心包 -> core | ok=True attempts=1 fallback=False
[role] 痰热蒙蔽心包 -> core | ok=True attempts=1 fallback=False
[role] 手少阳三焦经 -> core | ok=True attempts=1 fallback=False
[role] 痰浊蒙蔽心包 -> core | ok=True attempts=1 fallback=False
[role] 代心行令 -> core | ok=True attempts=1 fallback=False
[role] 心主神明 -> core | ok=True attempts=1 fallback=False
[role] 代心受邪 -> non-core | ok=True attempts=1 fallback=False
[role] 心之宫城 -> non-core | ok=True attempts=1 fallback=False
[role] 肺主气 -> core | ok=True attempts=1 fallback=False
[role] 通调水道 -> core | ok=True attempts=1 fallback=False
[role] 肺主治节 -> core | ok=True attempts=1 fallback=False
[role] 水之上源 -> core | ok=True attempts=1 fallback=False
[role] 肺朝百脉 -> core | ok=True attempts=1 fallback=False
[role] 司呼吸 -> core | ok=True attempts=1 fallback=False
[role] 宗气 -> core | ok=True attempts=1 fallback=False
[role] 气机 -> core | ok=True attempts=1 fallback=False
[role] 皮毛 -> non-core | ok=True attempts=1 fallback=False
[role] 宣发肃降 -> core | ok=True attempts=1 fallback=False
[role] 提壶揭盖法 -> core | ok=True attempts=1 fallback=False
[role] 水液代谢 -> core | ok=True attempts=1 fallback=False
[role] 血运 -> core | ok=True attempts=1 fallback=False
[role] 水肿 -> core | ok=True attempts=1 fallback=False
[role] 卫气 -> core | ok=True attempts=1 fallback=False
[role] 喉 -> core | ok=True attempts=1 fallback=False
[role] 咽 -> non-core | ok=True attempts=1 fallback=False
[role] 汗孔 -> core | ok=True attempts=1 fallback=False
[role] 肺精 -> non-core | ok=True attempts=1 fallback=False
[role] 秋燥 -> non-core | ok=True attempts=1 fallback=False
[role] 涕 -> core | ok=True attempts=1 fallback=False
[role] 鼻 -> core | ok=True attempts=1 fallback=False
[role] 悲忧 -> core | ok=True attempts=1 fallback=False
[role] 悬雍垂 -> non-core | ok=True attempts=1 fallback=False
[role] 金破不鸣 -> non-core | ok=True attempts=1 fallback=False
[role] 肺气 -> core | ok=True attempts=1 fallback=False
[role] 会厌 -> non-core | ok=True attempts=1 fallback=False
[role] 金实不鸣 -> non-core | ok=True attempts=1 fallback=False
[role] 胃腑 -> core | ok=True attempts=1 fallback=False
[role] 食管 -> non-core | ok=True attempts=1 fallback=False
[role] 水谷通道 -> core | ok=True attempts=1 fallback=False
[role] 进食不利 -> non-core | ok=True attempts=1 fallback=False
[role] 胃系 -> core | ok=True attempts=1 fallback=False
[role] 肺系 -> core | ok=True attempts=1 fallback=False
[role] 胃火上炎 -> non-core | ok=True attempts=1 fallback=False
[role] 咽痛 -> non-core | ok=True attempts=1 fallback=False
[role] 胃气血瘀结 -> non-core | ok=True attempts=1 fallback=False
[role] 吞咽 -> core | ok=True attempts=1 fallback=False
[role] 阴液枯槁 -> non-core | ok=True attempts=1 fallback=False
[role] 食物难下 -> non-core | ok=True attempts=1 fallback=False
[role] 吞咽梗阻 -> non-core | ok=True attempts=1 fallback=False
[role] 形体瘦削 -> non-core | ok=True attempts=1 fallback=False
[role] 运化水谷 -> core | ok=True attempts=1 fallback=False
[role] 水饮难入 -> non-core | ok=True attempts=1 fallback=False
[role] 水谷精微 -> core | ok=True attempts=1 fallback=False
[role] 运化水液 -> core | ok=True attempts=1 fallback=False
[role] 脾为生痰之源 -> core | ok=True attempts=1 fallback=False
[role] 脾气健运 -> core | ok=True attempts=1 fallback=False
[role] 脾失健运 -> core | ok=True attempts=1 fallback=False
[role] 升清 -> core | ok=True attempts=1 fallback=False
[role] 脾气固摄 -> core | ok=True attempts=1 fallback=False
[role] 胃主降浊 -> core | ok=True attempts=1 fallback=False
[role] 脾主升 -> core | ok=True attempts=1 fallback=False
[role] 脾主统血 -> core | ok=True attempts=1 fallback=False
[role] 升举 -> core | ok=True attempts=1 fallback=False
[role] 后天之本 -> core | ok=True attempts=1 fallback=False
[role] 脾运化水谷精微 -> core | ok=True attempts=1 fallback=False
[role] 脾在体合肉 -> core | ok=True attempts=1 fallback=False
[role] 主四肢 -> core | ok=True attempts=1 fallback=False
[role] 脾开窍于口 -> core | ok=True attempts=1 fallback=False
[role] 气血生化之源 -> core | ok=True attempts=1 fallback=False
[role] 其华在唇 -> non-core | ok=True attempts=1 fallback=False
[role] 四肢 -> non-core | ok=True attempts=1 fallback=False
[role] 饮食口味 -> non-core | ok=True attempts=1 fallback=False
[role] 口臭 -> non-core | ok=True attempts=1 fallback=False
[role] 肌肉 -> core | ok=True attempts=1 fallback=False
[role] 口甜腻 -> non-core | ok=True attempts=1 fallback=False
[role] 口淡 -> non-core | ok=True attempts=1 fallback=False
[role] 脾化生气血 -> non-core | ok=True attempts=1 fallback=False
[role] 唇淡白 -> non-core | ok=True attempts=1 fallback=False
[role] 口唇色泽 -> non-core | ok=True attempts=1 fallback=False
[role] 涎 -> non-core | ok=True attempts=1 fallback=False
[role] 唇红润 -> non-core | ok=True attempts=1 fallback=False
[role] 脾精 -> non-core | ok=True attempts=1 fallback=False
[role] 气虚流涎 -> non-core | ok=True attempts=1 fallback=False
[role] 脾在志为思 -> core | ok=True attempts=1 fallback=False
[role] 思则气结 -> non-core | ok=True attempts=1 fallback=False
[role] 纳呆 -> non-core | ok=True attempts=1 fallback=False
[role] 脾在液为涎 -> core | ok=True attempts=1 fallback=False
[role] 阴虚口干 -> non-core | ok=True attempts=1 fallback=False
[role] 思 -> core | ok=True attempts=1 fallback=False
[role] 腹胀 -> non-core | ok=True attempts=1 fallback=False
[role] 湿气 -> non-core | ok=True attempts=1 fallback=False
[role] 脾主长夏 -> core | ok=True attempts=1 fallback=False
[role] 胰 -> core | ok=True attempts=1 fallback=False
[role] 湿盛困脾 -> non-core | ok=True attempts=1 fallback=False
[role] 散膏 -> non-core | ok=True attempts=1 fallback=False
[role] 脾主四时 -> core | ok=True attempts=1 fallback=False
[role] 脾之副脏 -> non-core | ok=True attempts=1 fallback=False
[role] 主消化水谷 -> core | ok=True attempts=1 fallback=False
[role] 脾旺四时不受邪 -> core | ok=True attempts=1 fallback=False
[role] 肝主疏泄 -> core | ok=True attempts=1 fallback=False
[role] 肝主藏血 -> core | ok=True attempts=1 fallback=False
[role] 津血运行 -> core | ok=True attempts=1 fallback=False
[role] 消化 -> core | ok=True attempts=1 fallback=False
[role] 生殖功能 -> core | ok=True attempts=1 fallback=False
[role] 疏泄失常 -> core | ok=True attempts=1 fallback=False
[role] 气机上逆 -> non-core | ok=True attempts=1 fallback=False
[role] 气机阻滞 -> core | ok=True attempts=1 fallback=False
[role] 胀痛 -> non-core | ok=True attempts=1 fallback=False
[role] 急躁 -> non-core | ok=True attempts=1 fallback=False
[role] 血行 -> non-core | ok=True attempts=1 fallback=False
[role] 津液输布 -> core | ok=True attempts=1 fallback=False
[role] 贮藏血液 -> core | ok=True attempts=1 fallback=False
[role] 肝阳 -> core | ok=True attempts=1 fallback=False
[role] 胆汁分泌排泄 -> core | ok=True attempts=1 fallback=False
[role] 冲任 -> non-core | ok=True attempts=1 fallback=False
[role] 防止出血 -> core | ok=True attempts=1 fallback=False
[role] 妇科疾病 -> core | ok=True attempts=1 fallback=False
[role] 在体合筋 -> non-core | ok=True attempts=1 fallback=False
[role] 调节血量 -> core | ok=True attempts=1 fallback=False
[role] 魂 -> core | ok=True attempts=1 fallback=False
[role] 女子以肝为先天 -> core | ok=True attempts=1 fallback=False
[role] 在液为泪 -> non-core | ok=True attempts=1 fallback=False
[role] 开窍于目 -> non-core | ok=True attempts=1 fallback=False
[role] 其华在爪 -> non-core | ok=True attempts=1 fallback=False
[role] 肝阴 -> core | ok=True attempts=1 fallback=False
[role] 在志为怒 -> non-core | ok=True attempts=1 fallback=False
[role] 在时为春 -> non-core | ok=True attempts=1 fallback=False
[role] 肝阳偏亢 -> non-core | ok=True attempts=1 fallback=False
[role] 肝气 -> core | ok=True attempts=1 fallback=False
[role] 肝血 -> core | ok=True attempts=1 fallback=False
[role] 泪 -> core | ok=True attempts=1 fallback=False
[role] 爪甲 -> core | ok=True attempts=1 fallback=False
[role] 肝主筋 -> core | ok=True attempts=1 fallback=False
[role] 肾主藏精 -> core | ok=True attempts=1 fallback=False
[role] 狭义之精 -> core | ok=True attempts=1 fallback=False
[role] 广义之精 -> core | ok=True attempts=1 fallback=False
[role] 先天之精 -> core | ok=True attempts=1 fallback=False
[role] 天癸 -> core | ok=True attempts=1 fallback=False
[role] 肾主一身阴阳 -> core | ok=True attempts=1 fallback=False
[role] 肾气 -> core | ok=True attempts=1 fallback=False
[role] 肾阳 -> core | ok=True attempts=1 fallback=False
[role] 后天之精 -> core | ok=True attempts=1 fallback=False
[role] 肾阴 -> core | ok=True attempts=1 fallback=False
[role] 蒸腾气化 -> core | ok=True attempts=1 fallback=False
[role] 封藏之本 -> core | ok=True attempts=1 fallback=False
[role] 肾主水 -> core | ok=True attempts=1 fallback=False
[role] 肾主纳气 -> core | ok=True attempts=1 fallback=False
[role] 发 -> non-core | ok=True attempts=1 fallback=False
[role] 膀胱开阖 -> non-core | ok=True attempts=1 fallback=False
[role] 肾不纳气 -> core | ok=True attempts=1 fallback=False
[role] 肾精 -> core | ok=True attempts=1 fallback=False
[role] 二阴 -> non-core | ok=True attempts=1 fallback=False
[role] 冬 -> non-core | ok=True attempts=1 fallback=False
[role] 唾 -> non-core | ok=True attempts=1 fallback=False
[role] 冷秘 -> non-core | ok=True attempts=1 fallback=False
[role] 齿 -> core | ok=True attempts=1 fallback=False
[role] 久泄滑脱 -> non-core | ok=True attempts=1 fallback=False
[role] 肾精盛衰 -> core | ok=True attempts=1 fallback=False
[role] 便秘 -> core | ok=True attempts=1 fallback=False
[role] 耳聋 -> non-core | ok=True attempts=1 fallback=False
[role] 泄泻 -> core | ok=True attempts=1 fallback=False
[role] 齿摇脱落 -> non-core | ok=True attempts=1 fallback=False
[role] 枯槁早白 -> non-core | ok=True attempts=1 fallback=False
[role] 骨折 -> non-core | ok=True attempts=1 fallback=False
[role] 耳鸣 -> core | ok=True attempts=1 fallback=False
[role] 腰膝酸软 -> non-core | ok=True attempts=1 fallback=False
[role] 咽干 -> non-core | ok=True attempts=1 fallback=False
[role] 冬藏之气 -> non-core | ok=True attempts=1 fallback=False
[role] 命门 -> core | ok=True attempts=1 fallback=False
[role] 左肾右命门 -> core | ok=True attempts=1 fallback=False
[role] 《灵枢·根结》 -> non-core | ok=True attempts=1 fallback=False
[role] 右肾 -> non-core | ok=True attempts=1 fallback=False
[role] 左尺候肾 -> non-core | ok=True attempts=1 fallback=False
[role] 两肾之间的动气 -> non-core | ok=True attempts=1 fallback=False
[role] 《难经》 -> core | ok=True attempts=1 fallback=False
[role] 水火 -> core | ok=True attempts=1 fallback=False
[role] 右肾为命门说 -> core | ok=True attempts=1 fallback=False
[role] 元气 -> core | ok=True attempts=1 fallback=False
[role] 滑寿 -> non-core | ok=True attempts=1 fallback=False
[role] 寸口脉诊 -> core | ok=True attempts=1 fallback=False
[role] 两肾俱为命门说 -> core | ok=True attempts=1 fallback=False
[role] 虞抟 -> non-core | ok=True attempts=1 fallback=False
[role] 动气 -> core | ok=True attempts=1 fallback=False
[role] 孙一奎 -> core | ok=True attempts=1 fallback=False
[role] 右尺候命门 -> non-core | ok=True attempts=1 fallback=False
[role] 赵献可 -> non-core | ok=True attempts=1 fallback=False
[role] 两肾之间为命门说 -> core | ok=True attempts=1 fallback=False
[role] 造化枢纽 -> core | ok=True attempts=1 fallback=False
[role] 阴阳根蒂 -> core | ok=True attempts=1 fallback=False
[role] 真火 -> core | ok=True attempts=1 fallback=False
[role] 心阳 -> core | ok=True attempts=1 fallback=False
[role] 心阴 -> core | ok=True attempts=1 fallback=False
[role] 心血 -> core | ok=True attempts=1 fallback=False
[role] 脉象和缓有力 -> non-core | ok=True attempts=1 fallback=False
[role] 舌色淡红 -> non-core | ok=True attempts=1 fallback=False
[role] 舌质淡白 -> non-core | ok=True attempts=1 fallback=False
[role] 脉象细弱 -> non-core | ok=True attempts=1 fallback=False
[role] 脾胃 -> core | ok=True attempts=1 fallback=False
[role] 神志清晰 -> non-core | ok=True attempts=1 fallback=False
[role] 心胸憋闷 -> non-core | ok=True attempts=1 fallback=False
[role] 脉象涩滞 -> non-core | ok=True attempts=1 fallback=False
[role] 神志失常 -> non-core | ok=True attempts=1 fallback=False
[role] 精神意识思维活动 -> core | ok=True attempts=1 fallback=False
[role] 脏腑经络形体 -> core | ok=True attempts=1 fallback=False
[role] 思维敏捷 -> non-core | ok=True attempts=1 fallback=False
[role] 心神失常 -> non-core | ok=True attempts=1 fallback=False
[role] 开窍于舌 -> non-core | ok=True attempts=1 fallback=False
[role] 血行失常 -> core | ok=True attempts=1 fallback=False
[role] 在液为汗 -> non-core | ok=True attempts=1 fallback=False
[role] 在志为喜 -> non-core | ok=True attempts=1 fallback=False
[role] 心之阳气阴血 -> core | ok=True attempts=1 fallback=False
[role] 心之液 -> non-core | ok=True attempts=1 fallback=False
[role] 心脏 -> non-core | ok=True attempts=1 fallback=False
[role] 在时为夏 -> non-core | ok=True attempts=1 fallback=False
[role] 在体合脉 -> non-core | ok=True attempts=1 fallback=False
[role] 表里 -> non-core | ok=True attempts=1 fallback=False
[role] 《医学正传》 -> core | ok=True attempts=1 fallback=False
[role] 肺主宣发肃降 -> core | ok=True attempts=1 fallback=False
[role] 《灵枢·胀论》 -> core | ok=True attempts=1 fallback=False
[role] 《灵枢·邪客》 -> core | ok=True attempts=1 fallback=False
[role] 脏 -> core | ok=True attempts=1 fallback=False
[role] 五脏六腑 -> core | ok=True attempts=1 fallback=False
[role] 肺病基本病机 -> core | ok=True attempts=1 fallback=False
[role] 宣降肺气 -> non-core | ok=True attempts=1 fallback=False
[role] 宣发 -> core | ok=True attempts=1 fallback=False
[role] 肺主通调水道 -> core | ok=True attempts=1 fallback=False
[role] 皮 -> non-core | ok=True attempts=1 fallback=False
[role] 呼吸之气 -> core | ok=True attempts=1 fallback=False
[role] 一身之气 -> core | ok=True attempts=1 fallback=False
[role] 宣肺利水法 -> core | ok=True attempts=1 fallback=False
[role] 喉咙 -> non-core | ok=True attempts=1 fallback=False
[role] 秋 -> non-core | ok=True attempts=1 fallback=False
[role] 毛 -> non-core | ok=True attempts=1 fallback=False
[role] 水谷之通道 -> non-core | ok=True attempts=1 fallback=False
[role] 悲 -> core | ok=True attempts=1 fallback=False
[role] 食少 -> non-core | ok=True attempts=1 fallback=False
[role] 肺气宣降 -> core | ok=True attempts=1 fallback=False
[role] 便溏 -> non-core | ok=True attempts=1 fallback=False
[role] 脾升胃降 -> core | ok=True attempts=1 fallback=False
[role] 痰饮 -> non-core | ok=True attempts=1 fallback=False
[role] 脾不统血 -> core | ok=True attempts=1 fallback=False
[role] 肺通调水道 -> core | ok=True attempts=1 fallback=False
[role] 厌食 -> non-core | ok=True attempts=1 fallback=False
[role] 肾藏精 -> core | ok=True attempts=1 fallback=False
[role] 出血证 -> core | ok=True attempts=1 fallback=False
[role] 肺司呼吸 -> core | ok=True attempts=1 fallback=False
[role] 胆汁 -> core | ok=True attempts=1 fallback=False
[role] 湿热蕴结肝胆 -> non-core | ok=True attempts=1 fallback=False
[role] 黄疸 -> core | ok=True attempts=1 fallback=False
[role] 小便色黄 -> non-core | ok=True attempts=1 fallback=False
[role] 目黄 -> non-core | ok=True attempts=1 fallback=False
[role] 睡中惊醒 -> non-core | ok=True attempts=1 fallback=False
[role] 胆气充足 -> non-core | ok=True attempts=1 fallback=False
[role] 身黄 -> non-core | ok=True attempts=1 fallback=False
[role] 胆气虚弱 -> non-core | ok=True attempts=1 fallback=False
[role] 胆主决断 -> core | ok=True attempts=1 fallback=False
[role] 中脘 -> non-core | ok=True attempts=1 fallback=False
[role] 胆怯易惊 -> non-core | ok=True attempts=1 fallback=False
[role] 上脘 -> non-core | ok=True attempts=1 fallback=False
[role] 胃津 -> non-core | ok=True attempts=1 fallback=False
[role] 太仓 -> non-core | ok=True attempts=1 fallback=False
[role] 受纳腐熟 -> core | ok=True attempts=1 fallback=False
[role] 通降 -> core | ok=True attempts=1 fallback=False
[role] 胃气 -> core | ok=True attempts=1 fallback=False
[role] 下脘 -> non-core | ok=True attempts=1 fallback=False
[role] 喜润而恶燥 -> non-core | ok=True attempts=1 fallback=False
[role] 幽门 -> core | ok=True attempts=1 fallback=False
[role] 受盛化物 -> core | ok=True attempts=1 fallback=False
[role] 主液 -> core | ok=True attempts=1 fallback=False
[role] 化物 -> core | ok=True attempts=1 fallback=False
[role] 阑门 -> non-core | ok=True attempts=1 fallback=False
[role] 泌别清浊 -> core | ok=True attempts=1 fallback=False
[role] 食物残渣 -> non-core | ok=True attempts=1 fallback=False
[role] 食糜 -> core | ok=True attempts=1 fallback=False
[role] 受盛 -> core | ok=True attempts=1 fallback=False
[role] 利小便即所以实大便 -> core | ok=True attempts=1 fallback=False
[role] 传化糟粕 -> non-core | ok=True attempts=1 fallback=False
[role] 肛门 -> non-core | ok=True attempts=1 fallback=False
[role] 大肠主津 -> core | ok=True attempts=1 fallback=False
[role] 传道之官 -> core | ok=True attempts=1 fallback=False
[role] 变化出焉 -> non-core | ok=True attempts=1 fallback=False
[role] 虚寒 -> core | ok=True attempts=1 fallback=False
[role] 肠鸣泄泻 -> non-core | ok=True attempts=1 fallback=False
[role] 下痢脓血 -> non-core | ok=True attempts=1 fallback=False
[role] 腹痛便秘 -> non-core | ok=True attempts=1 fallback=False
[role] 实热 -> core | ok=True attempts=1 fallback=False
[role] 肛门灼热 -> non-core | ok=True attempts=1 fallback=False
[role] 暴泻 -> non-core | ok=True attempts=1 fallback=False
[role] 肺气肃降 -> core | ok=True attempts=1 fallback=False
[role] 湿热阻滞 -> non-core | ok=True attempts=1 fallback=False
[role] 排尿 -> core | ok=True attempts=1 fallback=False
[role] 里急后重 -> core | ok=True attempts=1 fallback=False
[role] 肾中阴阳温煦 -> non-core | ok=True attempts=1 fallback=False
[role] 贮尿 -> non-core | ok=True attempts=1 fallback=False
[role] 肾气封藏 -> core | ok=True attempts=1 fallback=False
[role] 气化 -> core | ok=True attempts=1 fallback=False
[role] 开阖 -> non-core | ok=True attempts=1 fallback=False
[role] 胃气降浊 -> core | ok=True attempts=1 fallback=False
[role] 州都之官 -> core | ok=True attempts=1 fallback=False
[role] 遗尿 -> core | ok=True attempts=1 fallback=False
[role] 固摄 -> core | ok=True attempts=1 fallback=False
[role] 尿频 -> non-core | ok=True attempts=1 fallback=False
[role] 尿闭 -> non-core | ok=True attempts=1 fallback=False
[role] 通行元气 -> core | ok=True attempts=1 fallback=False
[role] 膀胱不利 -> core | ok=True attempts=1 fallback=False
[role] 原气之别使 -> non-core | ok=True attempts=1 fallback=False
[role] 尿失禁 -> core | ok=True attempts=1 fallback=False
[role] 尿少 -> non-core | ok=True attempts=1 fallback=False
[role] 运行水液 -> core | ok=True attempts=1 fallback=False
[role] 水道 -> non-core | ok=True attempts=1 fallback=False
[role] 总司全身气机 -> core | ok=True attempts=1 fallback=False
[role] 主持诸气 -> core | ok=True attempts=1 fallback=False
[role] 小便不利 -> non-core | ok=True attempts=1 fallback=False
[role] 决渎之官 -> non-core | ok=True attempts=1 fallback=False
[role] 雾 -> non-core | ok=True attempts=1 fallback=False
[role] 渎 -> non-core | ok=True attempts=1 fallback=False
[role] 下焦 -> core | ok=True attempts=1 fallback=False
[role] 沤 -> non-core | ok=True attempts=1 fallback=False
[role] 上焦 -> core | ok=True attempts=1 fallback=False
[role] 中焦 -> core | ok=True attempts=1 fallback=False
[role] 治中焦如衡，非平不安 -> core | ok=True attempts=1 fallback=False
[role] 治上焦如羽，非轻不举 -> core | ok=True attempts=1 fallback=False
[role] 元神之府 -> core | ok=True attempts=1 fallback=False
[role] 治下焦如权，非重不沉 -> non-core | ok=True attempts=1 fallback=False
[role] 轻 -> non-core | ok=True attempts=1 fallback=False
[role] 髓海 -> core | ok=True attempts=1 fallback=False
[role] 元神 -> core | ok=True attempts=1 fallback=False
[role] 平 -> non-core | ok=True attempts=1 fallback=False
[role] 精髓 -> core | ok=True attempts=1 fallback=False
[role] 脑髓 -> core | ok=True attempts=1 fallback=False
[role] 精神活动 -> core | ok=True attempts=1 fallback=False
[role] 灵机记性 -> core | ok=True attempts=1 fallback=False
[role] 魄 -> core | ok=True attempts=1 fallback=False
[role] 神 -> core | ok=True attempts=1 fallback=False
[role] 意 -> core | ok=True attempts=1 fallback=False
[role] 肺藏魄 -> core | ok=True attempts=1 fallback=False
[role] 情志活动 -> core | ok=True attempts=1 fallback=False
[role] 肝藏魂 -> core | ok=True attempts=1 fallback=False
[role] 忧 -> core | ok=True attempts=1 fallback=False
[role] 志 -> core | ok=True attempts=1 fallback=False
[role] 肾藏志 -> core | ok=True attempts=1 fallback=False
[role] 脾藏意 -> core | ok=True attempts=1 fallback=False
[role] 心、肝、肾三脏 -> core | ok=True attempts=1 fallback=False
[role] 脑与五脏关系 -> core | ok=True attempts=1 fallback=False
[role] 月经 -> core | ok=True attempts=1 fallback=False
[role] 《素问·阴阳应象大论》 -> core | ok=True attempts=1 fallback=False
[role] 惊 -> core | ok=True attempts=1 fallback=False
[role] 脏腑经脉气血 -> core | ok=True attempts=1 fallback=False
[role] 肾中精气 -> core | ok=True attempts=1 fallback=False
[role] 冲任气血 -> non-core | ok=True attempts=1 fallback=False
[role] 冲任二脉 -> core | ok=True attempts=1 fallback=False
[role] 脏腑经络血气 -> core | ok=True attempts=1 fallback=False
[role] 月经来潮 -> core | ok=True attempts=1 fallback=False
[role] 经脉 -> core | ok=True attempts=1 fallback=False
[role] 任脉 -> core | ok=True attempts=1 fallback=False
[role] 胎儿孕育 -> core | ok=True attempts=1 fallback=False
[role] 太冲脉 -> core | ok=True attempts=1 fallback=False
[role] 肝不藏血 -> non-core | ok=True attempts=1 fallback=False
[role] 肝血亏虚 -> core | ok=True attempts=1 fallback=False
[role] 冲脉 -> core | ok=True attempts=1 fallback=False
[role] 月经不调 -> non-core | ok=True attempts=1 fallback=False
[role] 肝失疏泄 -> core | ok=True attempts=1 fallback=False
[role] 经少 -> non-core | ok=True attempts=1 fallback=False
[role] 痛经 -> core | ok=True attempts=1 fallback=False
[role] 经闭 -> non-core | ok=True attempts=1 fallback=False
[role] 不孕 -> non-core | ok=True attempts=1 fallback=False
[role] 心与肺的关系 -> core | ok=True attempts=1 fallback=False
[role] 崩漏 -> core | ok=True attempts=1 fallback=False
[role] 宗气相联 -> non-core | ok=True attempts=1 fallback=False
[role] 《素问·上古天真论》 -> core | ok=True attempts=1 fallback=False
[role] 月经过多 -> core | ok=True attempts=1 fallback=False
[role] 气血互助 -> core | ok=True attempts=1 fallback=False
[role] 气为血之帅 -> core | ok=True attempts=1 fallback=False
[role] 血为气之母 -> core | ok=True attempts=1 fallback=False
[role] 朝百脉 -> core | ok=True attempts=1 fallback=False
[role] 君主之官 -> core | ok=True attempts=1 fallback=False
[role] 心主行血 -> core | ok=True attempts=1 fallback=False
[role] 心脉 -> core | ok=True attempts=1 fallback=False
[role] 肺气壅塞 -> non-core | ok=True attempts=1 fallback=False
[role] 相傅之官 -> non-core | ok=True attempts=1 fallback=False
[role] 肺气虚弱 -> core | ok=True attempts=1 fallback=False
[role] 胸闷 -> non-core | ok=True attempts=1 fallback=False
[role] 息道 -> non-core | ok=True attempts=1 fallback=False
[role] 心悸 -> non-core | ok=True attempts=1 fallback=False
[role] 心气不足 -> core | ok=True attempts=1 fallback=False
[role] 面唇青紫 -> non-core | ok=True attempts=1 fallback=False
[role] 血液生成 -> core | ok=True attempts=1 fallback=False
[role] 心主生血 -> core | ok=True attempts=1 fallback=False
[role] 肺气宣降失常 -> core | ok=True attempts=1 fallback=False
[role] 血行不畅 -> core | ok=True attempts=1 fallback=False
[role] 心阳不振 -> core | ok=True attempts=1 fallback=False
[role] 脾主化生血液 -> core | ok=True attempts=1 fallback=False
[role] 心阳化赤 -> non-core | ok=True attempts=1 fallback=False
[role] 水谷之精 -> non-core | ok=True attempts=1 fallback=False
[role] 血液运行 -> core | ok=True attempts=1 fallback=False
[role] 脾虚不运 -> core | ok=True attempts=1 fallback=False
[role] 统血无权 -> non-core | ok=True attempts=1 fallback=False
[role] 劳神思虑过度 -> non-core | ok=True attempts=1 fallback=False
[role] 心脾两虚 -> core | ok=True attempts=1 fallback=False
[role] 血行迟缓 -> non-core | ok=True attempts=1 fallback=False
[role] 瘀滞 -> non-core | ok=True attempts=1 fallback=False
[role] 失眠 -> non-core | ok=True attempts=1 fallback=False
[role] 脾气 -> core | ok=True attempts=1 fallback=False
[role] 神志活动 -> core | ok=True attempts=1 fallback=False
[role] 出血病证 -> non-core | ok=True attempts=1 fallback=False
[role] 心神不安 -> non-core | ok=True attempts=1 fallback=False
[role] 脾气虚损 -> core | ok=True attempts=1 fallback=False
[role] 眩晕 -> non-core | ok=True attempts=1 fallback=False
[role] 心肝血虚 -> core | ok=True attempts=1 fallback=False
[role] 心烦 -> non-core | ok=True attempts=1 fallback=False
[role] 心肾不交 -> core | ok=True attempts=1 fallback=False
[role] 相火 -> core | ok=True attempts=1 fallback=False
[role] 君火 -> core | ok=True attempts=1 fallback=False
[role] 水火既济 -> core | ok=True attempts=1 fallback=False
[role] 精神互用 -> core | ok=True attempts=1 fallback=False
[role] 气机升降 -> core | ok=True attempts=1 fallback=False
[role] 君相安位 -> core | ok=True attempts=1 fallback=False
[role] 脾肺两虚 -> non-core | ok=True attempts=1 fallback=False
[role] 肺气从右肃降 -> non-core | ok=True attempts=1 fallback=False
[role] 肝气从左升发 -> core | ok=True attempts=1 fallback=False
[role] 龙虎回环 -> non-core | ok=True attempts=1 fallback=False
[role] 肝气郁结化火 -> non-core | ok=True attempts=1 fallback=False
[role] 肾总司气化 -> core | ok=True attempts=1 fallback=False
[role] 咳喘 -> non-core | ok=True attempts=1 fallback=False
[role] 呼吸运动 -> core | ok=True attempts=1 fallback=False
[role] 肝火犯肺 -> core | ok=True attempts=1 fallback=False
[role] 主水之脏 -> core | ok=True attempts=1 fallback=False
[role] 呼吸表浅 -> non-core | ok=True attempts=1 fallback=False
[role] 肺主呼吸 -> core | ok=True attempts=1 fallback=False
[role] 动则喘息 -> non-core | ok=True attempts=1 fallback=False
[role] 津液代谢 -> core | ok=True attempts=1 fallback=False
[role] 骨蒸潮热 -> non-core | ok=True attempts=1 fallback=False
[role] 内热 -> non-core | ok=True attempts=1 fallback=False
[role] 肺肾阴虚 -> core | ok=True attempts=1 fallback=False
[role] 阴液互资 -> core | ok=True attempts=1 fallback=False
[role] 肺阴 -> core | ok=True attempts=1 fallback=False
[role] 颧红 -> non-core | ok=True attempts=1 fallback=False
[role] 干咳 -> non-core | ok=True attempts=1 fallback=False
[role] 水谷消化 -> core | ok=True attempts=1 fallback=False
[role] 脾胃升降 -> core | ok=True attempts=1 fallback=False
[role] 气血生化 -> core | ok=True attempts=1 fallback=False
[role] 木不疏土 -> non-core | ok=True attempts=1 fallback=False
[role] 胁痛 -> non-core | ok=True attempts=1 fallback=False
[role] 土壅木郁 -> core | ok=True attempts=1 fallback=False
[role] 精微 -> core | ok=True attempts=1 fallback=False
[role] 肝藏血 -> core | ok=True attempts=1 fallback=False
[role] 脾统血 -> core | ok=True attempts=1 fallback=False
[role] 精血同源 -> core | ok=True attempts=1 fallback=False
[role] 肝血不足 -> core | ok=True attempts=1 fallback=False
[role] 血虚 -> core | ok=True attempts=1 fallback=False
[role] 出血 -> core | ok=True attempts=1 fallback=False
[role] 脾胃运化的水谷精微 -> core | ok=True attempts=1 fallback=False
[role] 藏泄互用 -> core | ok=True attempts=1 fallback=False
[role] 肝脉 -> non-core | ok=True attempts=1 fallback=False
[role] 阴阳互滋互制 -> core | ok=True attempts=1 fallback=False
[role] 肾主闭藏 -> core | ok=True attempts=1 fallback=False
[role] 先后天相互资生 -> core | ok=True attempts=1 fallback=False
[role] 先天之本 -> core | ok=True attempts=1 fallback=False
[role] 化生气血 -> core | ok=True attempts=1 fallback=False
[role] 运化水谷精微 -> core | ok=True attempts=1 fallback=False
[role] 藏精 -> core | ok=True attempts=1 fallback=False
[role] 肾阳温煦蒸化 -> core | ok=True attempts=1 fallback=False
[role] 生殖 -> core | ok=True attempts=1 fallback=False
[role] 生长发育 -> core | ok=True attempts=1 fallback=False
[role] 命门真火 -> core | ok=True attempts=1 fallback=False
[role] 后天培育先天 -> core | ok=True attempts=1 fallback=False
[role] 先天温养后天 -> core | ok=True attempts=1 fallback=False
[role] 脾气虚弱 -> non-core | ok=True attempts=1 fallback=False
[role] 肾精虚衰 -> non-core | ok=True attempts=1 fallback=False
[role] 阳痿不育 -> non-core | ok=True attempts=1 fallback=False
[role] 腰膝酸冷 -> non-core | ok=True attempts=1 fallback=False
[role] 五更泄泻 -> non-core | ok=True attempts=1 fallback=False
[role] 发育迟缓 -> core | ok=True attempts=1 fallback=False
[role] 脾肾阳虚 -> core | ok=True attempts=1 fallback=False
[role] 主水 -> core | ok=True attempts=1 fallback=False
[role] 肾阳虚 -> core | ok=True attempts=1 fallback=False
[role] 肾阳温煦 -> core | ok=True attempts=1 fallback=False
[role] 脾失运化 -> core | ok=True attempts=1 fallback=False
[role] 司开阖 -> core | ok=True attempts=1 fallback=False
[role] 肾气蒸化 -> core | ok=True attempts=1 fallback=False
[role] 肾水泛滥 -> core | ok=True attempts=1 fallback=False
[role] 脾肾两虚 -> core | ok=True attempts=1 fallback=False
[role] 肾阳虚衰 -> core | ok=True attempts=1 fallback=False
[role] 小肠化物 -> non-core | ok=True attempts=1 fallback=False
[role] 尿少浮肿 -> non-core | ok=True attempts=1 fallback=False
[role] 手太阳经 -> core | ok=True attempts=1 fallback=False
[role] 表里关系 -> core | ok=True attempts=1 fallback=False
[role] 手少阴经 -> core | ok=True attempts=1 fallback=False
[role] 心血濡养 -> core | ok=True attempts=1 fallback=False
[role] 心经实火 -> non-core | ok=True attempts=1 fallback=False
[role] 主血 -> core | ok=True attempts=1 fallback=False
[role] 脾气升清 -> core | ok=True attempts=1 fallback=False
[role] 尿赤涩痛 -> non-core | ok=True attempts=1 fallback=False
[role] 心阳温煦 -> core | ok=True attempts=1 fallback=False
[role] 小肠实热证 -> core | ok=True attempts=1 fallback=False
[role] 藏神 -> core | ok=True attempts=1 fallback=False
[role] 小肠有热 -> non-core | ok=True attempts=1 fallback=False
[role] 舌红 -> non-core | ok=True attempts=1 fallback=False
[role] 口舌糜烂 -> non-core | ok=True attempts=1 fallback=False
[role] 小肠虚寒 -> non-core | ok=True attempts=1 fallback=False
[role] 面色淡白 -> non-core | ok=True attempts=1 fallback=False
[role] 化物失职 -> non-core | ok=True attempts=1 fallback=False
[role] 手太阴经 -> core | ok=True attempts=1 fallback=False
[role] 手阳明经 -> core | ok=True attempts=1 fallback=False
[role] 布散津液 -> non-core | ok=True attempts=1 fallback=False
[role] 糟粕排出 -> non-core | ok=True attempts=1 fallback=False
[role] 大肠传导 -> core | ok=True attempts=1 fallback=False
[role] 心悸怔忡 -> non-core | ok=True attempts=1 fallback=False
[role] 胸满 -> non-core | ok=True attempts=1 fallback=False
[role] 气机调畅 -> core | ok=True attempts=1 fallback=False
[role] 气虚便秘 -> non-core | ok=True attempts=1 fallback=False
[role] 大肠实热 -> non-core | ok=True attempts=1 fallback=False
[role] 气短 -> non-core | ok=True attempts=1 fallback=False
[role] 水谷纳运相得 -> core | ok=True attempts=1 fallback=False
[role] 阴阳燥湿相济 -> non-core | ok=True attempts=1 fallback=False
[role] 胃主受纳腐熟 -> core | ok=True attempts=1 fallback=False
[role] 脾主运化转输精微 -> core | ok=True attempts=1 fallback=False
[role] 饮食消化吸收 -> core | ok=True attempts=1 fallback=False
[role] 气机升降相因 -> core | ok=True attempts=1 fallback=False
[role] 胃纳失和 -> non-core | ok=True attempts=1 fallback=False
[role] 精微输布 -> core | ok=True attempts=1 fallback=False
[role] 胃纳不振 -> non-core | ok=True attempts=1 fallback=False
[role] 胃气下降 -> non-core | ok=True attempts=1 fallback=False
[role] 脾气宜升 -> core | ok=True attempts=1 fallback=False
[role] 脾运失常 -> core | ok=True attempts=1 fallback=False
[role] 脾气上升 -> non-core | ok=True attempts=1 fallback=False
[role] 胃失和降 -> non-core | ok=True attempts=1 fallback=False
[role] 脾气升运 -> non-core | ok=True attempts=1 fallback=False
[role] 脏腑气机升降枢纽 -> core | ok=True attempts=1 fallback=False
[role] 胃气通降 -> core | ok=True attempts=1 fallback=False
[role] 脾为阴脏 -> non-core | ok=True attempts=1 fallback=False
[role] 胃气宜降 -> core | ok=True attempts=1 fallback=False
[role] 脾虚气陷 -> non-core | ok=True attempts=1 fallback=False
[role] 脾湿过盛 -> non-core | ok=True attempts=1 fallback=False
[role] 喜润恶燥 -> core | ok=True attempts=1 fallback=False
[role] 胃为阳腑 -> core | ok=True attempts=1 fallback=False
[role] 胃气不降 -> core | ok=True attempts=1 fallback=False
[role] 胃阴不足 -> non-core | ok=True attempts=1 fallback=False
[role] 喜燥恶湿 -> core | ok=True attempts=1 fallback=False
[role] 足厥阴经 -> core | ok=True attempts=1 fallback=False
[role] 肝之余气 -> core | ok=True attempts=1 fallback=False
[role] 足少阳经 -> core | ok=True attempts=1 fallback=False
[role] 胆腑湿热 -> non-core | ok=True attempts=1 fallback=False
[role] 火旺 -> non-core | ok=True attempts=1 fallback=False
[role] 肝胆气滞 -> non-core | ok=True attempts=1 fallback=False
[role] 肝主谋虑 -> core | ok=True attempts=1 fallback=False
[role] 湿热 -> core | ok=True attempts=1 fallback=False
[role] 肝胆相济 -> core | ok=True attempts=1 fallback=False
[role] 肝气郁滞 -> core | ok=True attempts=1 fallback=False
[role] 胆郁痰扰 -> non-core | ok=True attempts=1 fallback=False
[role] 抑郁 -> core | ok=True attempts=1 fallback=False
[role] 开窍于二阴 -> non-core | ok=True attempts=1 fallback=False
[role] 水腑 -> non-core | ok=True attempts=1 fallback=False
[role] 足少阴经 -> core | ok=True attempts=1 fallback=False
[role] 肾气虚弱 -> non-core | ok=True attempts=1 fallback=False
[role] 气化失常 -> non-core | ok=True attempts=1 fallback=False
[role] 足太阳经 -> core | ok=True attempts=1 fallback=False
[role] 尿液的生成、贮存与排泄 -> core | ok=True attempts=1 fallback=False
[role] 贮尿排尿 -> core | ok=True attempts=1 fallback=False
[role] 蒸化固摄 -> core | ok=True attempts=1 fallback=False
[role] 惊恐 -> non-core | ok=True attempts=1 fallback=False
[role] 固摄无权 -> non-core | ok=True attempts=1 fallback=False
[role] 肾气盛衰 -> core | ok=True attempts=1 fallback=False
[role] 失禁 -> non-core | ok=True attempts=1 fallback=False
[role] 膀胱开阖失度 -> non-core | ok=True attempts=1 fallback=False
[role] 失约 -> non-core | ok=True attempts=1 fallback=False
[role] 尿急 -> non-core | ok=True attempts=1 fallback=False
[role] 尿痛 -> non-core | ok=True attempts=1 fallback=False
[role] 膀胱湿热 -> non-core | ok=True attempts=1 fallback=False
[role] 腰腹疼痛 -> non-core | ok=True attempts=1 fallback=False
[role] 浊 -> non-core | ok=True attempts=1 fallback=False
[role] 腐熟 -> non-core | ok=True attempts=1 fallback=False
[role] 传化物 -> core | ok=True attempts=1 fallback=False
[role] 清 -> non-core | ok=True attempts=1 fallback=False
[role] 排泄 -> core | ok=True attempts=1 fallback=False
[role] 残渣 -> non-core | ok=True attempts=1 fallback=False
[role] 吸收 -> core | ok=True attempts=1 fallback=False
[role] 尿液 -> non-core | ok=True attempts=1 fallback=False
[role] 粪便 -> core | ok=True attempts=1 fallback=False
[role] 燥化传导 -> non-core | ok=True attempts=1 fallback=False
[role] 腑气以降为顺 -> core | ok=True attempts=1 fallback=False
[role] 六腑以通为用 -> core | ok=True attempts=1 fallback=False
[role] 大肠燥结 -> non-core | ok=True attempts=1 fallback=False
[role] 大肠传导不利 -> non-core | ok=True attempts=1 fallback=False
[role] 实而不满 -> core | ok=True attempts=1 fallback=False
[role] 胆失疏泄 -> non-core | ok=True attempts=1 fallback=False
[role] 恶心呕吐 -> non-core | ok=True attempts=1 fallback=False
[role] 宇宙本原 -> core | ok=True attempts=1 fallback=False
[role] 胃气上逆 -> non-core | ok=True attempts=1 fallback=False
[role] 胃热 -> non-core | ok=True attempts=1 fallback=False
[role] 脾胃湿热 -> non-core | ok=True attempts=1 fallback=False
[role] 中医学 -> core | ok=True attempts=1 fallback=False
[role] 口苦 -> non-core | ok=True attempts=1 fallback=False
[role] 官窍 -> core | ok=True attempts=1 fallback=False
[role] 《医门法律》 -> core | ok=True attempts=1 fallback=False
[role] 精微物质 -> core | ok=True attempts=1 fallback=False
[role] 基本物质 -> core | ok=True attempts=1 fallback=False
[role] 灵枢·脉度 -> core | ok=True attempts=1 fallback=False
[role] 人体之气 -> core | ok=True attempts=1 fallback=False
[role] 形体 -> core | ok=True attempts=1 fallback=False
[role] 《素问病机气宜保命集》 -> core | ok=True attempts=1 fallback=False
[role] 气的运动 -> core | ok=True attempts=1 fallback=False
[role] 气的运行畅通与协调平衡 -> non-core | ok=True attempts=1 fallback=False
[role] 出 -> non-core | ok=True attempts=1 fallback=False
[role] 生命活动 -> core | ok=True attempts=1 fallback=False
[role] 人体生理活动与病理变化 -> core | ok=True attempts=1 fallback=False
[role] 气的升降出入运动 -> core | ok=True attempts=1 fallback=False
[role] 对立统一的矛盾运动 -> core | ok=True attempts=1 fallback=False
[role] 入 -> core | ok=True attempts=1 fallback=False
[role] 脏腑组织功能活动 -> core | ok=True attempts=1 fallback=False
[role] 肝肾在下宜升 -> non-core | ok=True attempts=1 fallback=False
[role] 升降出入 -> core | ok=True attempts=1 fallback=False
[role] 心肺在上宜降 -> non-core | ok=True attempts=1 fallback=False
[role] 脾胃居中为气机升降枢纽 -> core | ok=True attempts=1 fallback=False
[role] 肝气升发 -> core | ok=True attempts=1 fallback=False
[role] 脾气主升 -> core | ok=True attempts=1 fallback=False
[role] 肺主宣降 -> core | ok=True attempts=1 fallback=False
[role] 宣发呼浊 -> non-core | ok=True attempts=1 fallback=False
[role] 肃降吸清 -> non-core | ok=True attempts=1 fallback=False
[role] 胃气主降 -> core | ok=True attempts=1 fallback=False
[role] 气闭 -> non-core | ok=True attempts=1 fallback=False
[role] 气逆 -> core | ok=True attempts=1 fallback=False
[role] 气机失调 -> core | ok=True attempts=1 fallback=False
[role] 气滞 -> core | ok=True attempts=1 fallback=False
[role] 气陷 -> core | ok=True attempts=1 fallback=False
[role] 自然界清气 -> core | ok=True attempts=1 fallback=False
[role] 先天之气 -> core | ok=True attempts=1 fallback=False
[role] 先天精气 -> core | ok=True attempts=1 fallback=False
[role] 气脱 -> core | ok=True attempts=1 fallback=False
[role] 胃的腐熟 -> non-core | ok=True attempts=1 fallback=False
[role] 脾的运化 -> core | ok=True attempts=1 fallback=False
[role] 水谷精气 -> core | ok=True attempts=1 fallback=False
[role] 先天禀赋 -> core | ok=True attempts=1 fallback=False
[role] 后天水谷精气 -> core | ok=True attempts=1 fallback=False
[role] 清气匮乏 -> non-core | ok=True attempts=1 fallback=False
[role] 肺的呼吸 -> core | ok=True attempts=1 fallback=False
[role] 饮食失宜 -> core | ok=True attempts=1 fallback=False
[role] 肺、脾、肾之气 -> non-core | ok=True attempts=1 fallback=False
[role] 脾胃之气 -> core | ok=True attempts=1 fallback=False
[role] 肾的纳气功能 -> core | ok=True attempts=1 fallback=False
[role] 脏腑功能失调 -> core | ok=True attempts=1 fallback=False
[role] 体温 -> core | ok=True attempts=1 fallback=False
[role] 得温则行，得寒则凝 -> non-core | ok=True attempts=1 fallback=False
[role] 寒象 -> non-core | ok=True attempts=1 fallback=False
[role] 气主煦之 -> core | ok=True attempts=1 fallback=False
[role] 邪气 -> core | ok=True attempts=1 fallback=False
[role] 气虚 -> core | ok=True attempts=1 fallback=False
[role] 气的固摄作用 -> core | ok=True attempts=1 fallback=False
[role] 固摄血液 -> core | ok=True attempts=1 fallback=False
[role] 腠理 -> core | ok=True attempts=1 fallback=False
[role] 固摄精液 -> non-core | ok=True attempts=1 fallback=False
[role] 固摄汗液 -> core | ok=True attempts=1 fallback=False
[role] 固摄唾液 -> core | ok=True attempts=1 fallback=False
[role] 固护胎儿 -> non-core | ok=True attempts=1 fallback=False
[role] 固摄涕液 -> core | ok=True attempts=1 fallback=False
[role] 固摄二便 -> core | ok=True attempts=1 fallback=False
[role] 气不摄津 -> non-core | ok=True attempts=1 fallback=False
[role] 固摄泪液 -> core | ok=True attempts=1 fallback=False
[role] 气不固胎 -> non-core | ok=True attempts=1 fallback=False
[role] 气不摄血 -> core | ok=True attempts=1 fallback=False
[role] 气不固精 -> non-core | ok=True attempts=1 fallback=False
[role] 汗液 -> non-core | ok=True attempts=1 fallback=False
[role] 气的温煦作用 -> core | ok=True attempts=1 fallback=False
[role] 气的防御作用 -> core | ok=True attempts=1 fallback=False
[role] 气的推动作用 -> non-core | ok=True attempts=1 fallback=False
[role] 脾胃运化功能 -> core | ok=True attempts=1 fallback=False
[role] 气海 -> non-core | ok=True attempts=1 fallback=False
[role] 肌肤腠理 -> core | ok=True attempts=1 fallback=False
[role] 心肺 -> core | ok=True attempts=1 fallback=False
[role] 丹田 -> non-core | ok=True attempts=1 fallback=False
[role] 气街 -> core | ok=True attempts=1 fallback=False
[role] 营阴 -> core | ok=True attempts=1 fallback=False
[role] 离经之血 -> non-core | ok=True attempts=1 fallback=False
[role] 营气 -> core | ok=True attempts=1 fallback=False
[role] 《素问·痹论》 -> non-core | ok=True attempts=1 fallback=False
[role] 营血 -> core | ok=True attempts=1 fallback=False
[role] 卫阳 -> core | ok=True attempts=1 fallback=False
[role] 虚里 -> non-core | ok=True attempts=1 fallback=False
[role] 肾精化血 -> non-core | ok=True attempts=1 fallback=False
[role] 水谷精微化血 -> core | ok=True attempts=1 fallback=False
[role] 血液 -> core | ok=True attempts=1 fallback=False
[role] 脉道 -> core | ok=True attempts=1 fallback=False
[role] 推动作用 -> non-core | ok=True attempts=1 fallback=False
[role] 血即精之属也 -> non-core | ok=True attempts=1 fallback=False
[role] 中焦受气取汁，变化而赤，是谓血 -> non-core | ok=True attempts=1 fallback=False
[role] 疏泄 -> core | ok=True attempts=1 fallback=False
[role] 《难经·二十二难》 -> non-core | ok=True attempts=1 fallback=False
[role] 统血 -> core | ok=True attempts=1 fallback=False
[role] 固摄作用 -> core | ok=True attempts=1 fallback=False
[role] 藏血 -> non-core | ok=True attempts=1 fallback=False
[role] 素问·八正神明论 -> core | ok=True attempts=1 fallback=False
[role] 濡养功能 -> core | ok=True attempts=1 fallback=False
[role] 痰浊 -> core | ok=True attempts=1 fallback=False
[role] 血气者，人之神，不可不谨养 -> non-core | ok=True attempts=1 fallback=False
[role] 血瘀 -> core | ok=True attempts=1 fallback=False
[role] 瘀血 -> core | ok=True attempts=1 fallback=False
[role] 血脉调和 -> non-core | ok=True attempts=1 fallback=False
[role] 扰动心神 -> non-core | ok=True attempts=1 fallback=False
[role] 血液亏虚 -> core | ok=True attempts=1 fallback=False
[role] 多梦 -> non-core | ok=True attempts=1 fallback=False
[role] 邪气侵入营血 -> non-core | ok=True attempts=1 fallback=False
[role] 惊悸 -> core | ok=True attempts=1 fallback=False
[role] 谵语 -> non-core | ok=True attempts=1 fallback=False
[role] 健忘 -> non-core | ok=True attempts=1 fallback=False
[role] 神昏 -> core | ok=True attempts=1 fallback=False
[role] 神志异常 -> core | ok=True attempts=1 fallback=False
[role] 水谷 -> non-core | ok=True attempts=1 fallback=False
[role] 津 -> core | ok=True attempts=1 fallback=False
[role] 伤津 -> core | ok=True attempts=1 fallback=False
[role] 脱液 -> core | ok=True attempts=1 fallback=False
[role] 液 -> core | ok=True attempts=1 fallback=False
[role] 汗 -> non-core | ok=True attempts=1 fallback=False
[role] 饮食水谷 -> core | ok=True attempts=1 fallback=False
[role] 大小肠 -> core | ok=True attempts=1 fallback=False
[role] 液态物质 -> core | ok=True attempts=1 fallback=False
[role] 运化 -> core | ok=True attempts=1 fallback=False
[role] 尿 -> non-core | ok=True attempts=1 fallback=False
[role] 气化功能 -> core | ok=True attempts=1 fallback=False
[role] 游溢精气 -> non-core | ok=True attempts=1 fallback=False
[role] 水分 -> non-core | ok=True attempts=1 fallback=False
[role] 气滞津停 -> non-core | ok=True attempts=1 fallback=False
[role] 三焦气化 -> core | ok=True attempts=1 fallback=False
[role] 脾气散精 -> core | ok=True attempts=1 fallback=False
[role] 滋润作用 -> non-core | ok=True attempts=1 fallback=False
[role] 痰 -> core | ok=True attempts=1 fallback=False
[role] 呼气 -> core | ok=True attempts=1 fallback=False
[role] 濡养作用 -> core | ok=True attempts=1 fallback=False
[role] 湿 -> core | ok=True attempts=1 fallback=False
[role] 水气 -> non-core | ok=True attempts=1 fallback=False
[role] 肌肤毛发 -> non-core | ok=True attempts=1 fallback=False
[role] 形体肢节 -> non-core | ok=True attempts=1 fallback=False
[role] 肌表 -> non-core | ok=True attempts=1 fallback=False
[role] 骨腔 -> non-core | ok=True attempts=1 fallback=False
[role] 关节 -> non-core | ok=True attempts=1 fallback=False
[role] 饮 -> core | ok=True attempts=1 fallback=False
[role] 脏腑官窍 -> core | ok=True attempts=1 fallback=False
[role] 骨髓 -> core | ok=True attempts=1 fallback=False
[role] 脊髓 -> core | ok=True attempts=1 fallback=False
[role] 眼 -> non-core | ok=True attempts=1 fallback=False
[role] 孔窍 -> core | ok=True attempts=1 fallback=False
[role] 脏腑经络 -> core | ok=True attempts=1 fallback=False
[role] 孙脉 -> non-core | ok=True attempts=1 fallback=False
[role] 溪谷 -> non-core | ok=True attempts=1 fallback=False
[role] 润滑作用 -> core | ok=True attempts=1 fallback=False
[role] 口 -> core | ok=True attempts=1 fallback=False
[role] 《灵枢·痈疽》 -> core | ok=True attempts=1 fallback=False
[role] 阴阳平衡 -> core | ok=True attempts=1 fallback=False
[role] 气随津脱 -> core | ok=True attempts=1 fallback=False
[role] 废物 -> core | ok=True attempts=1 fallback=False
[role] 吐下之余，定无完气 -> non-core | ok=True attempts=1 fallback=False
[role] 阴液 -> core | ok=True attempts=1 fallback=False
[role] 大汗亡阳 -> non-core | ok=True attempts=1 fallback=False
[role] 气能行血 -> core | ok=True attempts=1 fallback=False
[role] 气能生血 -> core | ok=True attempts=1 fallback=False
[role] 阳热 -> non-core | ok=True attempts=1 fallback=False
[role] 气能摄血 -> core | ok=True attempts=1 fallback=False
[role] 气行则血行 -> core | ok=True attempts=1 fallback=False
[role] 肝气疏泄 -> core | ok=True attempts=1 fallback=False
[role] 出血病变 -> core | ok=True attempts=1 fallback=False
[role] 脏腑之气 -> core | ok=True attempts=1 fallback=False
[role] 补气 -> core | ok=True attempts=1 fallback=False
[role] 血能养气 -> non-core | ok=True attempts=1 fallback=False
[role] 血随气逆 -> core | ok=True attempts=1 fallback=False
[role] 行气 -> core | ok=True attempts=1 fallback=False
[role] 血能载气 -> core | ok=True attempts=1 fallback=False
[role] 大出血 -> core | ok=True attempts=1 fallback=False
[role] 气能行津 -> core | ok=True attempts=1 fallback=False
[role] 清气 -> non-core | ok=True attempts=1 fallback=False
[role] 饮食水谷精微 -> core | ok=True attempts=1 fallback=False
[role] 气随血脱 -> non-core | ok=True attempts=1 fallback=False
[role] 气能生津 -> core | ok=True attempts=1 fallback=False
[role] 气化作用 -> core | ok=True attempts=1 fallback=False
[role] 肾气蒸腾 -> core | ok=True attempts=1 fallback=False
[role] 气能摄津 -> core | ok=True attempts=1 fallback=False
[role] 气机不畅 -> core | ok=True attempts=1 fallback=False
[role] 气不行水 -> core | ok=True attempts=1 fallback=False
[role] 多尿 -> non-core | ok=True attempts=1 fallback=False
[role] 津能载气 -> core | ok=True attempts=1 fallback=False
[role] 津液不足 -> core | ok=True attempts=1 fallback=False
[role] 补气固摄 -> core | ok=True attempts=1 fallback=False
[role] 多汗 -> non-core | ok=True attempts=1 fallback=False
[role] 汗孔开阖 -> core | ok=True attempts=1 fallback=False
[role] 津能养气 -> core | ok=True attempts=1 fallback=False
[role] 肺宣降通调水道 -> core | ok=True attempts=1 fallback=False
[role] 汗吐下法 -> core | ok=True attempts=1 fallback=False
[role] 津血互生 -> core | ok=True attempts=1 fallback=False
[role] 孙络 -> non-core | ok=True attempts=1 fallback=False
[role] 夺血者无汗 -> core | ok=True attempts=1 fallback=False
[role] 脾升清散精 -> core | ok=True attempts=1 fallback=False
[role] 津血同源 -> core | ok=True attempts=1 fallback=False
[role] 络脉 -> core | ok=True attempts=1 fallback=False
[role] 夺汗者无血 -> core | ok=True attempts=1 fallback=False
[role] 气血津液学说 -> core | ok=True attempts=1 fallback=False
[role] 经脉系统 -> core | ok=True attempts=1 fallback=False
[role] 灵枢 -> core | ok=True attempts=1 fallback=False
[role] 经络系统 -> core | ok=True attempts=1 fallback=False
[role] 足三阳 -> core | ok=True attempts=1 fallback=False
[role] 奇经八脉 -> core | ok=True attempts=1 fallback=False
[role] 十二经脉 -> core | ok=True attempts=1 fallback=False
[role] 足三阴 -> core | ok=True attempts=1 fallback=False
[role] 手三阴 -> core | ok=True attempts=1 fallback=False
[role] 补气摄血 -> core | ok=True attempts=1 fallback=False
[role] 手三阳 -> core | ok=True attempts=1 fallback=False
[role] 肢体官窍 -> core | ok=True attempts=1 fallback=False
[role] 督脉 -> core | ok=True attempts=1 fallback=False
[role] 阴蹻脉 -> core | ok=True attempts=1 fallback=False
[role] 带脉 -> core | ok=True attempts=1 fallback=False
[role] 十二经别 -> core | ok=True attempts=1 fallback=False
[role] 浮络 -> core | ok=True attempts=1 fallback=False
[role] 阳蹻脉 -> core | ok=True attempts=1 fallback=False
[role] 阴维脉 -> core | ok=True attempts=1 fallback=False
[role] 阳维脉 -> core | ok=True attempts=1 fallback=False
[role] 十二正经 -> core | ok=True attempts=1 fallback=False
[role] 别络 -> core | ok=True attempts=1 fallback=False
[role] 脾之大络 -> core | ok=True attempts=1 fallback=False
[role] 经络的连属部分 -> core | ok=True attempts=1 fallback=False
[role] 空窍 -> non-core | ok=True attempts=1 fallback=False
[role] 内属 -> core | ok=True attempts=1 fallback=False
[role] 十五别络 -> core | ok=True attempts=1 fallback=False
[role] 十二皮部 -> core | ok=True attempts=1 fallback=False
[role] 外连 -> core | ok=True attempts=1 fallback=False
[role] 阴脉 -> core | ok=True attempts=1 fallback=False
[role] 肢节 -> non-core | ok=True attempts=1 fallback=False
[role] 五官九窍 -> core | ok=True attempts=1 fallback=False
[role] 十二经筋 -> core | ok=True attempts=1 fallback=False
[role] 筋骨 -> non-core | ok=True attempts=1 fallback=False
[role] 阳脉 -> core | ok=True attempts=1 fallback=False
[role] 人体信息传递的载体 -> core | ok=True attempts=1 fallback=False
[role] 感应功能 -> core | ok=True attempts=1 fallback=False
[role] 传导信息功能 -> core | ok=True attempts=1 fallback=False
[role] 信息传导网 -> core | ok=True attempts=1 fallback=False
[role] 推拿 -> core | ok=True attempts=1 fallback=False
[role] 外治手段 -> core | ok=True attempts=1 fallback=False
[role] 运行气血 -> core | ok=True attempts=1 fallback=False
[role] 司外揣内 -> core | ok=True attempts=1 fallback=False
[role] 足三里穴 -> non-core | ok=True attempts=1 fallback=False
[role] 泻其有余，补其不足，阴阳平复 -> core | ok=True attempts=1 fallback=False
[role] 双向性调节 -> core | ok=True attempts=1 fallback=False
[role] 经络之气 -> core | ok=True attempts=1 fallback=False
[role] 邪滞 -> non-core | ok=True attempts=1 fallback=False
[role] 足阳明胃经 -> core | ok=True attempts=1 fallback=False
[role] 泻法 -> non-core | ok=True attempts=1 fallback=False
[role] 补法 -> core | ok=True attempts=1 fallback=False
[role] 阴阳三分法 -> core | ok=True attempts=1 fallback=False
[role] 手经 -> core | ok=True attempts=1 fallback=False
[role] 太阴 -> core | ok=True attempts=1 fallback=False
[role] 阴经 -> core | ok=True attempts=1 fallback=False
[role] 足经 -> core | ok=True attempts=1 fallback=False
[role] 阳经 -> core | ok=True attempts=1 fallback=False
[role] 厥阴 -> core | ok=True attempts=1 fallback=False
[role] 手太阴肺经 -> core | ok=True attempts=1 fallback=False
[role] 少阴 -> core | ok=True attempts=1 fallback=False
[role] 阳明 -> core | ok=True attempts=1 fallback=False
[role] 少阳 -> core | ok=True attempts=1 fallback=False
[role] 太阳 -> core | ok=True attempts=1 fallback=False
[role] 手少阴心经 -> core | ok=True attempts=1 fallback=False
[role] 足太阴脾经 -> core | ok=True attempts=1 fallback=False
[role] 手阳明大肠经 -> core | ok=True attempts=1 fallback=False
[role] 足少阴肾经 -> core | ok=True attempts=1 fallback=False
[role] 手三阴经 -> core | ok=True attempts=1 fallback=False
[role] 手太阳小肠经 -> core | ok=True attempts=1 fallback=False
[role] 手三阳经 -> core | ok=True attempts=1 fallback=False
[role] 足厥阴肝经 -> core | ok=True attempts=1 fallback=False
[role] 足少阳胆经 -> core | ok=True attempts=1 fallback=False
[role] 足太阳膀胱经 -> core | ok=True attempts=1 fallback=False
[role] 手三阴起于胸中 -> non-core | ok=True attempts=1 fallback=False
[role] 足三阳经 -> core | ok=True attempts=1 fallback=False
[role] 手三阳起于手 -> non-core | ok=True attempts=1 fallback=False
[role] 首尾相接形成循环 -> non-core | ok=True attempts=1 fallback=False
[role] 足三阴经 -> core | ok=True attempts=1 fallback=False
[role] 足三阴起于足 -> core | ok=True attempts=1 fallback=False
[role] 足三阳起于头 -> non-core | ok=True attempts=1 fallback=False
[role] 经络系统整体运行机制 -> core | ok=True attempts=1 fallback=False
[role] 经脉的起始与循行方向 -> core | ok=True attempts=1 fallback=False
[role] 同名手足阳经 -> core | ok=True attempts=1 fallback=False
[role] 相为表里 -> core | ok=True attempts=1 fallback=False
[role] 异名手足阴经 -> core | ok=True attempts=1 fallback=False
[role] 面部 -> non-core | ok=True attempts=1 fallback=False
[role] 额部 -> non-core | ok=True attempts=1 fallback=False
[role] 阴阳相贯，如环无端 -> core | ok=True attempts=1 fallback=False
[role] 《灵枢·营卫生会》 -> core | ok=True attempts=1 fallback=False
[role] 头部 -> core | ok=True attempts=1 fallback=False
[role] 手足太阳经 -> core | ok=True attempts=1 fallback=False
[role] 手足少阳经 -> core | ok=True attempts=1 fallback=False
[role] 侧头部 -> non-core | ok=True attempts=1 fallback=False
[role] 手足阳明经 -> core | ok=True attempts=1 fallback=False
[role] 面颊 -> non-core | ok=True attempts=1 fallback=False
[role] 头后部 -> non-core | ok=True attempts=1 fallback=False
[role] 头顶 -> non-core | ok=True attempts=1 fallback=False
[role] 阳明经 -> core | ok=True attempts=1 fallback=False
[role] 经络循行 -> core | ok=True attempts=1 fallback=False
[role] 经脉所过，主治所及 -> core | ok=True attempts=1 fallback=False
[role] 少阳经 -> core | ok=True attempts=1 fallback=False
[role] 腋下 -> non-core | ok=True attempts=1 fallback=False
[role] 太阳经 -> core | ok=True attempts=1 fallback=False
[role] 背面 -> non-core | ok=True attempts=1 fallback=False
[role] 两侧 -> non-core | ok=True attempts=1 fallback=False
[role] 胸腹面 -> non-core | ok=True attempts=1 fallback=False
[role] 肩胛部 -> core | ok=True attempts=1 fallback=False
[role] 腑 -> non-core | ok=True attempts=1 fallback=False
[role] 下肢内侧内踝尖上8寸以下 -> non-core | ok=True attempts=1 fallback=False
[role] 下肢 -> non-core | ok=True attempts=1 fallback=False
[role] 内踝尖上8寸以上 -> non-core | ok=True attempts=1 fallback=False
[role] 后缘 -> non-core | ok=True attempts=1 fallback=False
[role] 内侧面 -> core | ok=True attempts=1 fallback=False
[role] 外侧面 -> core | ok=True attempts=1 fallback=False
[role] 手足三阴经 -> core | ok=True attempts=1 fallback=False
[role] 前缘 -> non-core | ok=True attempts=1 fallback=False
[role] 上肢 -> core | ok=True attempts=1 fallback=False
[role] 中线 -> core | ok=True attempts=1 fallback=False
[role] 膈肌 -> core | ok=True attempts=1 fallback=False
[role] 表里相合 -> core | ok=True attempts=1 fallback=False
[role] 经别 -> non-core | ok=True attempts=1 fallback=False
[role] 循环体系 -> core | ok=True attempts=1 fallback=False
[role] 贲门 -> non-core | ok=True attempts=1 fallback=False
[role] 手足三阳经 -> core | ok=True attempts=1 fallback=False
[role] 脏腑经络表里关系 -> core | ok=True attempts=1 fallback=False
[role] 流注次序 -> core | ok=True attempts=1 fallback=False
[role] 中焦脾胃 -> core | ok=True attempts=1 fallback=False
[role] 上肢内侧前缘 -> non-core | ok=True attempts=1 fallback=False
[role] 肘窝 -> non-core | ok=True attempts=1 fallback=False
[role] 列缺穴 -> non-core | ok=True attempts=1 fallback=False
[role] 肺脏 -> core | ok=True attempts=1 fallback=False
[role] 商阳穴 -> non-core | ok=True attempts=1 fallback=False
[role] 鱼际 -> non-core | ok=True attempts=1 fallback=False
[role] 少商穴 -> non-core | ok=True attempts=1 fallback=False
[role] 缺盆穴 -> non-core | ok=True attempts=1 fallback=False
[role] 大椎穴 -> non-core | ok=True attempts=1 fallback=False
[role] 寸口 -> core | ok=True attempts=1 fallback=False
[role] 水沟穴 -> non-core | ok=True attempts=1 fallback=False
[role] 下齿 -> non-core | ok=True attempts=1 fallback=False
[role] 口唇 -> non-core | ok=True attempts=1 fallback=False
[role] 合谷穴 -> non-core | ok=True attempts=1 fallback=False
[role] 迎香穴 -> non-core | ok=True attempts=1 fallback=False
[role] 鼻根 -> non-core | ok=True attempts=1 fallback=False
[role] 目内眦 -> non-core | ok=True attempts=1 fallback=False
[role] 承浆穴 -> non-core | ok=True attempts=1 fallback=False
[role] 上齿 -> non-core | ok=True attempts=1 fallback=False
[role] 中府穴 -> non-core | ok=True attempts=1 fallback=False
[role] 额前 -> non-core | ok=True attempts=1 fallback=False
[role] 大迎穴 -> non-core | ok=True attempts=1 fallback=False
[role] 下颌角 -> non-core | ok=True attempts=1 fallback=False
[role] 脐 -> non-core | ok=True attempts=1 fallback=False
[role] 人迎穴 -> non-core | ok=True attempts=1 fallback=False
[role] 膝髌 -> non-core | ok=True attempts=1 fallback=False
[role] 乳中线 -> non-core | ok=True attempts=1 fallback=False
[role] 缺盆 -> non-core | ok=True attempts=1 fallback=False
[role] 气街穴 -> non-core | ok=True attempts=1 fallback=False
[role] 大腿前外侧 -> non-core | ok=True attempts=1 fallback=False
[role] 胫骨前缘 -> non-core | ok=True attempts=1 fallback=False
[role] 足中趾外侧 -> non-core | ok=True attempts=1 fallback=False
[role] 足第二趾外侧 -> non-core | ok=True attempts=1 fallback=False
[role] 属脾络胃 -> non-core | ok=True attempts=1 fallback=False
[role] 冲阳穴 -> non-core | ok=True attempts=1 fallback=False
[role] 足大趾内侧 -> non-core | ok=True attempts=1 fallback=False
[role] 厉兑穴 -> non-core | ok=True attempts=1 fallback=False
[role] 隐白穴 -> non-core | ok=True attempts=1 fallback=False
[role] 心系 -> non-core | ok=True attempts=1 fallback=False
[role] 连舌本，散舌下 -> non-core | ok=True attempts=1 fallback=False
[role] 注入心中 -> non-core | ok=True attempts=1 fallback=False
[role] 掌后锐骨端 -> non-core | ok=True attempts=1 fallback=False
[role] 目系 -> non-core | ok=True attempts=1 fallback=False
[role] 掌中 -> non-core | ok=True attempts=1 fallback=False
[role] 肘中 -> non-core | ok=True attempts=1 fallback=False
[role] 极泉穴 -> non-core | ok=True attempts=1 fallback=False
[role] 小指桡侧 -> non-core | ok=True attempts=1 fallback=False
[role] 食道 -> non-core | ok=True attempts=1 fallback=False
[role] 少冲穴 -> non-core | ok=True attempts=1 fallback=False
[role] 少泽穴 -> non-core | ok=True attempts=1 fallback=False
[role] 听宫穴 -> non-core | ok=True attempts=1 fallback=False
[role] 睛明穴 -> non-core | ok=True attempts=1 fallback=False
[role] 委中穴 -> non-core | ok=True attempts=1 fallback=False
[role] 百会穴 -> non-core | ok=True attempts=1 fallback=False
[role] 昆仑穴 -> non-core | ok=True attempts=1 fallback=False
[role] 目外眦 -> non-core | ok=True attempts=1 fallback=False
[role] 天柱穴 -> non-core | ok=True attempts=1 fallback=False
[role] 至阴穴 -> non-core | ok=True attempts=1 fallback=False
[role] 肾俞穴 -> non-core | ok=True attempts=1 fallback=False
[role] 项部 -> non-core | ok=True attempts=1 fallback=False
[role] 枕骨 -> core | ok=True attempts=1 fallback=False
[role] 颅腔 -> non-core | ok=True attempts=1 fallback=False
[role] 膂 -> non-core | ok=True attempts=1 fallback=False
[role] 头侧部耳上角 -> non-core | ok=True attempts=1 fallback=False
[role] 腰部 -> non-core | ok=True attempts=1 fallback=False
[role] 腘窝 -> non-core | ok=True attempts=1 fallback=False
[role] 臀部 -> non-core | ok=True attempts=1 fallback=False
[role] 脊柱 -> core | ok=True attempts=1 fallback=False
[role] 足外踝 -> non-core | ok=True attempts=1 fallback=False
[role] 腓肠肌 -> non-core | ok=True attempts=1 fallback=False
[role] 大腿后侧 -> non-core | ok=True attempts=1 fallback=False
[role] 小趾外侧端 -> non-core | ok=True attempts=1 fallback=False
[role] 足背外侧缘 -> non-core | ok=True attempts=1 fallback=False
[role] 髀枢 -> non-core | ok=True attempts=1 fallback=False
[role] 内侧分支 -> non-core | ok=True attempts=1 fallback=False
[role] 涌泉穴 -> non-core | ok=True attempts=1 fallback=False
[role] 直行主干 -> non-core | ok=True attempts=1 fallback=False
[role] 外侧分支 -> non-core | ok=True attempts=1 fallback=False
[role] 然谷穴 -> non-core | ok=True attempts=1 fallback=False
[role] 长强穴 -> non-core | ok=True attempts=1 fallback=False
[role] 俞府穴 -> non-core | ok=True attempts=1 fallback=False
[role] 足心 -> non-core | ok=True attempts=1 fallback=False
[role] 内踝 -> non-core | ok=True attempts=1 fallback=False
[role] 锁骨下缘 -> non-core | ok=True attempts=1 fallback=False
[role] 足小趾 -> non-core | ok=True attempts=1 fallback=False
[role] 舟骨粗隆 -> non-core | ok=True attempts=1 fallback=False
[role] 足跟 -> non-core | ok=True attempts=1 fallback=False
[role] 脊 -> non-core | ok=True attempts=1 fallback=False
[role] 舌根 -> non-core | ok=True attempts=1 fallback=False
[role] 胸部 -> non-core | ok=True attempts=1 fallback=False
[role] 劳宫穴 -> non-core | ok=True attempts=1 fallback=False
[role] 天池穴 -> non-core | ok=True attempts=1 fallback=False
[role] 胸中 -> non-core | ok=True attempts=1 fallback=False
[role] 腹部前正中线 -> non-core | ok=True attempts=1 fallback=False
[role] 关冲穴 -> non-core | ok=True attempts=1 fallback=False
[role] 膻中 -> non-core | ok=True attempts=1 fallback=False
[role] 颔厌穴 -> non-core | ok=True attempts=1 fallback=False
[role] 中冲穴 -> non-core | ok=True attempts=1 fallback=False
[role] 阳白穴 -> non-core | ok=True attempts=1 fallback=False
[role] 瞳子髎穴 -> non-core | ok=True attempts=1 fallback=False
[role] 翳风穴 -> non-core | ok=True attempts=1 fallback=False
[role] 上关穴 -> non-core | ok=True attempts=1 fallback=False
[role] 心包 -> core | ok=True attempts=1 fallback=False
[role] 完骨穴 -> non-core | ok=True attempts=1 fallback=False
[role] 环跳穴 -> non-core | ok=True attempts=1 fallback=False
[role] 手少阳经 -> non-core | ok=True attempts=1 fallback=False
[role] 足窍阴穴 -> non-core | ok=True attempts=1 fallback=False
[role] 悬钟穴 -> non-core | ok=True attempts=1 fallback=False
[role] 足临泣穴 -> non-core | ok=True attempts=1 fallback=False
[role] 期门穴 -> non-core | ok=True attempts=1 fallback=False
[role] 颊车穴 -> non-core | ok=True attempts=1 fallback=False
[role] 风池穴 -> core | ok=True attempts=1 fallback=False
[role] 章门穴 -> non-core | ok=True attempts=1 fallback=False
[role] 中封穴 -> non-core | ok=True attempts=1 fallback=False
[role] 阳跷脉 -> core | ok=True attempts=1 fallback=False
[role] 奇经 -> core | ok=True attempts=1 fallback=False
[role] 阴跷脉 -> core | ok=True attempts=1 fallback=False
[role] 《奇经八脉考》 -> core | ok=True attempts=1 fallback=False
[role] 湖泽 -> non-core | ok=True attempts=1 fallback=False
[role] 正经 -> core | ok=True attempts=1 fallback=False
[role] 会阴 -> non-core | ok=True attempts=1 fallback=False
[role] 李时珍 -> core | ok=True attempts=1 fallback=False
[role] 沟渠 -> non-core | ok=True attempts=1 fallback=False
[role] 胞中 -> non-core | ok=True attempts=1 fallback=False
[role] 咽喉 -> non-core | ok=True attempts=1 fallback=False
[role] 龈交穴 -> non-core | ok=True attempts=1 fallback=False
[role] 风府穴 -> non-core | ok=True attempts=1 fallback=False
[role] 阳脉之海 -> core | ok=True attempts=1 fallback=False
[role] 目下 -> non-core | ok=True attempts=1 fallback=False
[role] 脊里 -> non-core | ok=True attempts=1 fallback=False
[role] 总督阳经 -> core | ok=True attempts=1 fallback=False
[role] 脊强 -> core | ok=True attempts=1 fallback=False
[role] 头部正中线 -> non-core | ok=True attempts=1 fallback=False
[role] 鼻柱 -> non-core | ok=True attempts=1 fallback=False
[role] 不孕不育 -> core | ok=True attempts=1 fallback=False
[role] 脊柱前 -> non-core | ok=True attempts=1 fallback=False
[role] 任主胞胎 -> core | ok=True attempts=1 fallback=False
[role] 目眶下 -> non-core | ok=True attempts=1 fallback=False
[role] 总任阴经 -> core | ok=True attempts=1 fallback=False
[role] 下颌 -> non-core | ok=True attempts=1 fallback=False
[role] 足底 -> non-core | ok=True attempts=1 fallback=False
[role] 厥 -> non-core | ok=True attempts=1 fallback=False
[role] 足背 -> non-core | ok=True attempts=1 fallback=False
[role] 生殖疾病 -> core | ok=True attempts=1 fallback=False
[role] 脊柱内 -> non-core | ok=True attempts=1 fallback=False
[role] 带脉穴 -> non-core | ok=True attempts=1 fallback=False
[role] 十二经气血 -> core | ok=True attempts=1 fallback=False
[role] 季胁 -> core | ok=True attempts=1 fallback=False
[role] 孕育功能 -> core | ok=True attempts=1 fallback=False
[role] 妊娠 -> core | ok=True attempts=1 fallback=False
[role] 腰腹部 -> core | ok=True attempts=1 fallback=False
[role] 少腹 -> non-core | ok=True attempts=1 fallback=False
[role] 横行经脉 -> core | ok=True attempts=1 fallback=False
[role] 纵行经脉 -> non-core | ok=True attempts=1 fallback=False
[role] 所过脏腑传变 -> non-core | ok=True attempts=1 fallback=False
[role] 原穴 -> core | ok=True attempts=1 fallback=False
[role] 带下 -> core | ok=True attempts=1 fallback=False
[role] 子宫脱垂 -> core | ok=True attempts=1 fallback=False
[role] 虚弱脏腑传变 -> non-core | ok=True attempts=1 fallback=False
[role] 心经有热 -> non-core | ok=True attempts=1 fallback=False
[role] 十二原 -> core | ok=True attempts=1 fallback=False
[role] 肝火犯肺证 -> core | ok=True attempts=1 fallback=False
[role] 传导作用 -> non-core | ok=True attempts=1 fallback=False
[role] 表里传变 -> core | ok=True attempts=1 fallback=False
[role] 肝气不舒 -> core | ok=True attempts=1 fallback=False
[role] 属络脏腑 -> core | ok=True attempts=1 fallback=False
[role] 循经诊断 -> core | ok=True attempts=1 fallback=False
[role] 肝气犯胃证 -> core | ok=True attempts=1 fallback=False
[role] 肝气乘脾 -> non-core | ok=True attempts=1 fallback=False
[role] 肝郁脾虚证 -> core | ok=True attempts=1 fallback=False
[role] 经络理论 -> core | ok=True attempts=1 fallback=False
[role] 真心痛 -> core | ok=True attempts=1 fallback=False
[role] 胸痹心痛 -> core | ok=True attempts=1 fallback=False
[role] 腧穴诊断 -> core | ok=True attempts=1 fallback=False
[role] 脏腑经络之气 -> core | ok=True attempts=1 fallback=False
[role] 肺俞穴 -> non-core | ok=True attempts=1 fallback=False
[role] 视诊 -> core | ok=True attempts=1 fallback=False
[role] 心系疾病 -> core | ok=True attempts=1 fallback=False
[role] 梭状结节 -> non-core | ok=True attempts=1 fallback=False
[role] 腧穴 -> core | ok=True attempts=1 fallback=False
[role] 按诊 -> core | ok=True attempts=1 fallback=False
[role] 肝胆疾病 -> core | ok=True attempts=1 fallback=False
[role] 条索状结节 -> non-core | ok=True attempts=1 fallback=False
[role] 遗精 -> non-core | ok=True attempts=1 fallback=False
[role] 横骨穴 -> non-core | ok=True attempts=1 fallback=False
[role] 异常反应 -> core | ok=True attempts=1 fallback=False
[role] 阑尾穴 -> non-core | ok=True attempts=1 fallback=False
[role] 经络学说 -> core | ok=True attempts=1 fallback=False
[role] 引经报使 -> core | ok=True attempts=1 fallback=False
[role] 分经诊断 -> core | ok=True attempts=1 fallback=False
[role] 肠痈 -> non-core | ok=True attempts=1 fallback=False
[role] 归经诊断 -> core | ok=True attempts=1 fallback=False
[role] 病变部位 -> core | ok=True attempts=1 fallback=False
[role] 四气五味 -> core | ok=True attempts=1 fallback=False
[role] 细辛 -> non-core | ok=True attempts=1 fallback=False
[role] 厥阴经 -> core | ok=True attempts=1 fallback=False
[role] 白芷 -> non-core | ok=True attempts=1 fallback=False
[role] 羌活 -> non-core | ok=True attempts=1 fallback=False
[role] 归经 -> core | ok=True attempts=1 fallback=False
[role] 少阴经 -> core | ok=True attempts=1 fallback=False
[role] 黄连 -> non-core | ok=True attempts=1 fallback=False
[role] 有毒无毒 -> core | ok=True attempts=1 fallback=False
[role] 柴胡 -> non-core | ok=True attempts=1 fallback=False
[role] 肝胆火 -> non-core | ok=True attempts=1 fallback=False
[role] 肺火 -> non-core | ok=True attempts=1 fallback=False
[role] 石膏 -> non-core | ok=True attempts=1 fallback=False
[role] 藁本 -> non-core | ok=True attempts=1 fallback=False
[role] 黄芩 -> non-core | ok=True attempts=1 fallback=False
[role] 木通 -> non-core | ok=True attempts=1 fallback=False
[role] 胃火 -> non-core | ok=True attempts=1 fallback=False
[role] 气功疗法 -> core | ok=True attempts=1 fallback=False
[role] 小肠火 -> non-core | ok=True attempts=1 fallback=False
[role] 针灸配穴 -> core | ok=True attempts=1 fallback=False
[role] 循经所过，主治所及 -> core | ok=True attempts=1 fallback=False
[role] 防风 -> non-core | ok=True attempts=1 fallback=False
[role] 十二经表里配穴 -> core | ok=True attempts=1 fallback=False
[role] 俞募配穴 -> core | ok=True attempts=1 fallback=False
[role] 循经取穴 -> core | ok=True attempts=1 fallback=False
[role] 调身 -> core | ok=True attempts=1 fallback=False
[role] 三调 -> core | ok=True attempts=1 fallback=False
[role] 中医外治法 -> core | ok=True attempts=1 fallback=False
[role] 阴阳配穴 -> core | ok=True attempts=1 fallback=False
[role] 调息 -> core | ok=True attempts=1 fallback=False
[role] 调心 -> core | ok=True attempts=1 fallback=False
[role] 灸法 -> core | ok=True attempts=1 fallback=False
[role] 针刺 -> core | ok=True attempts=1 fallback=False
[role] 刮痧 -> core | ok=True attempts=1 fallback=False
[role] 整脊 -> core | ok=True attempts=1 fallback=False
[role] 传统功法 -> core | ok=True attempts=1 fallback=False
[role] 拔罐 -> core | ok=True attempts=1 fallback=False
[role] 人体功能调节网络 -> core | ok=True attempts=1 fallback=False
[role] 十二时辰养生 -> core | ok=True attempts=1 fallback=False
[role] 预防康复保健操 -> core | ok=True attempts=1 fallback=False
[role] 生理功能 -> core | ok=True attempts=1 fallback=False
[role] 形态结构 -> core | ok=True attempts=1 fallback=False
[role] 后天调养 -> core | ok=True attempts=1 fallback=False
[role] 经络气血运行 -> core | ok=True attempts=1 fallback=False
[role] 心理活动 -> core | ok=True attempts=1 fallback=False
[role] 健康 -> core | ok=True attempts=1 fallback=False
[role] 天人一体 -> core | ok=True attempts=1 fallback=False
[role] 形神合一 -> core | ok=True attempts=1 fallback=False
[role] 适应能力 -> core | ok=True attempts=1 fallback=False
[role] 先天遗传性 -> core | ok=True attempts=1 fallback=False
[role] 相对稳定性 -> core | ok=True attempts=1 fallback=False
[role] 差异多样性 -> core | ok=True attempts=1 fallback=False
[role] 形神一体性 -> core | ok=True attempts=1 fallback=False
[role] 动态可变性 -> core | ok=True attempts=1 fallback=False
[role] 连续可测性 -> core | ok=True attempts=1 fallback=False
[role] 后天可调性 -> core | ok=True attempts=1 fallback=False
[role] 父母肾中精气 -> core | ok=True attempts=1 fallback=False
[role] 群类趋同性 -> core | ok=True attempts=1 fallback=False
[role] 形态 -> core | ok=True attempts=1 fallback=False
[role] 营养 -> core | ok=True attempts=1 fallback=False
[role] 后天环境 -> core | ok=True attempts=1 fallback=False
[role] 脏腑功能 -> core | ok=True attempts=1 fallback=False
[role] 精神情志 -> core | ok=True attempts=1 fallback=False
[role] 针药 -> non-core | ok=True attempts=1 fallback=False
[role] 生存环境 -> core | ok=True attempts=1 fallback=False
[role] 先天因素 -> core | ok=True attempts=1 fallback=False
[role] 同种族或地域人群 -> core | ok=True attempts=1 fallback=False
[role] 疾病倾向 -> core | ok=True attempts=1 fallback=False
[role] 体型 -> core | ok=True attempts=1 fallback=False
[role] 心理状态 -> core | ok=True attempts=1 fallback=False
[role] 气血津液 -> core | ok=True attempts=1 fallback=False
[role] 体重 -> core | ok=True attempts=1 fallback=False
[role] 体质偏颇 -> core | ok=True attempts=1 fallback=False
[role] 体格 -> core | ok=True attempts=1 fallback=False
[role] 瘦人火多 -> core | ok=True attempts=1 fallback=False
[role] 肥人湿多 -> core | ok=True attempts=1 fallback=False
[role] 肥瘦人 -> non-core | ok=True attempts=1 fallback=False
[role] 心率 -> core | ok=True attempts=1 fallback=False
[role] 土型人 -> non-core | ok=True attempts=1 fallback=False
[role] 好利人 -> non-core | ok=True attempts=1 fallback=False
[role] 朱震亨 -> core | ok=True attempts=1 fallback=False
[role] 《灵枢》 -> core | ok=True attempts=1 fallback=False
[role] 安心 -> non-core | ok=True attempts=1 fallback=False
[role] 睡眠 -> core | ok=True attempts=1 fallback=False
[role] 脏腑经络气血 -> core | ok=True attempts=1 fallback=False
[role] 后天因素 -> core | ok=True attempts=1 fallback=False
[role] 父母生殖之精 -> core | ok=True attempts=1 fallback=False
[role] 性别 -> core | ok=True attempts=1 fallback=False
[role] 饮食 -> core | ok=True attempts=1 fallback=False
[role] 喜怒悲忧恐 -> core | ok=True attempts=1 fallback=False
[role] 地理 -> core | ok=True attempts=1 fallback=False
[role] 年龄 -> core | ok=True attempts=1 fallback=False
[role] 痰湿 -> core | ok=True attempts=1 fallback=False
[role] 劳逸 -> core | ok=True attempts=1 fallback=False
[role] 稚阴稚阳 -> core | ok=True attempts=1 fallback=False
[role] 纯阳之体 -> non-core | ok=True attempts=1 fallback=False
[role] 气郁 -> core | ok=True attempts=1 fallback=False
[role] 阳热体质 -> core | ok=True attempts=1 fallback=False
[role] 体质分类 -> core | ok=True attempts=1 fallback=False
[role] 五行分类法 -> core | ok=True attempts=1 fallback=False
[role] 刚柔分类 -> core | ok=True attempts=1 fallback=False
[role] 阴虚 -> core | ok=True attempts=1 fallback=False
[role] 阴阳分类法 -> core | ok=True attempts=1 fallback=False
[role] 形态与功能特征分类法 -> core | ok=True attempts=1 fallback=False
[role] 藏象阴阳分类 -> core | ok=True attempts=1 fallback=False
[role] 形志苦乐分类 -> core | ok=True attempts=1 fallback=False
[role] 心理特征分类法 -> core | ok=True attempts=1 fallback=False
[role] 勇怯分类 -> core | ok=True attempts=1 fallback=False
[role] 五分法 -> core | ok=True attempts=1 fallback=False
[role] 六分法 -> core | ok=True attempts=1 fallback=False
[role] 七分法 -> core | ok=True attempts=1 fallback=False
[role] 阴阳属性分类 -> core | ok=True attempts=1 fallback=False
[role] 九分法 -> core | ok=True attempts=1 fallback=False
[role] 四分法 -> core | ok=True attempts=1 fallback=False
[role] 阴阳虚实分类 -> core | ok=True attempts=1 fallback=False
[role] 阴阳平和质 -> non-core | ok=True attempts=1 fallback=False
[role] 偏阳质 -> core | ok=True attempts=1 fallback=False
[role] 十二分法 -> core | ok=True attempts=1 fallback=False
[role] 痰火 -> non-core | ok=True attempts=1 fallback=False
[role] 偏阴质 -> core | ok=True attempts=1 fallback=False
[role] 阳虚 -> core | ok=True attempts=1 fallback=False
[role] 阳亢 -> core | ok=True attempts=1 fallback=False
[role] 暑热邪 -> non-core | ok=True attempts=1 fallback=False
[role] 体质因素 -> core | ok=True attempts=1 fallback=False
[role] 证候 -> core | ok=True attempts=1 fallback=False
[role] 发病倾向 -> core | ok=True attempts=1 fallback=False
[role] 小儿脏腑娇嫩 -> core | ok=True attempts=1 fallback=False
[role] 肥人或痰湿内盛者 -> non-core | ok=True attempts=1 fallback=False
[role] 五脏皆柔弱者，善病消瘅 -> core | ok=True attempts=1 fallback=False
[role] 寒邪 -> core | ok=True attempts=1 fallback=False
[role] 年高者精气虚 -> non-core | ok=True attempts=1 fallback=False
[role] 风邪 -> core | ok=True attempts=1 fallback=False
[role] 瘦人或阴虚者 -> core | ok=True attempts=1 fallback=False
[role] 精气并肺则悲 -> non-core | ok=True attempts=1 fallback=False
[role] 抗病力 -> core | ok=True attempts=1 fallback=False
[role] 民族、家族长期先天因素 -> non-core | ok=True attempts=1 fallback=False
[role] 脏气偏聚盈虚 -> core | ok=True attempts=1 fallback=False
[role] 精气并心则喜 -> non-core | ok=True attempts=1 fallback=False
[role] 伏而后发 -> core | ok=True attempts=1 fallback=False
[role] 体质羸弱 -> core | ok=True attempts=1 fallback=False
[role] 即时发作 -> non-core | ok=True attempts=1 fallback=False
[role] 发病 -> core | ok=True attempts=1 fallback=False
[role] 生活环境差异 -> core | ok=True attempts=1 fallback=False
[role] 弱者 -> non-core | ok=True attempts=1 fallback=False
[role] 临床证候类型 -> core | ok=True attempts=1 fallback=False
[role] 医宗金鉴 -> core | ok=True attempts=1 fallback=False
[role] 时而复发 -> non-core | ok=True attempts=1 fallback=False
[role] 壮者 -> non-core | ok=True attempts=1 fallback=False
[role] 内伤杂病 -> core | ok=True attempts=1 fallback=False
[role] 情志刺激 -> core | ok=True attempts=1 fallback=False
[role] 病势 -> core | ok=True attempts=1 fallback=False
[role] 质势 -> core | ok=True attempts=1 fallback=False
[role] 从化 -> core | ok=True attempts=1 fallback=False
[role] 质化 -> core | ok=True attempts=1 fallback=False
[role] 素体阴虚阳亢 -> non-core | ok=True attempts=1 fallback=False
[role] 津亏血耗 -> non-core | ok=True attempts=1 fallback=False
[role] 热化 -> non-core | ok=True attempts=1 fallback=False
[role] 阳虚阴盛 -> core | ok=True attempts=1 fallback=False
[role] 气虚湿盛 -> core | ok=True attempts=1 fallback=False
[role] 从阴化寒 -> non-core | ok=True attempts=1 fallback=False
[role] 燥化 -> core | ok=True attempts=1 fallback=False
[role] 从阳化热 -> non-core | ok=True attempts=1 fallback=False
[role] 寒化 -> core | ok=True attempts=1 fallback=False
[role] 湿化 -> non-core | ok=True attempts=1 fallback=False
[role] 异病同证 -> core | ok=True attempts=1 fallback=False
[role] 虚热 -> core | ok=True attempts=1 fallback=False
[role] 虚实 -> core | ok=True attempts=1 fallback=False
[role] 实寒 -> core | ok=True attempts=1 fallback=False
[role] 证候类型 -> core | ok=True attempts=1 fallback=False
[role] 证候特征 -> core | ok=True attempts=1 fallback=False
[role] 寒热 -> core | ok=True attempts=1 fallback=False
[role] 同病异证 -> core | ok=True attempts=1 fallback=False
[role] 体质特征 -> core | ok=True attempts=1 fallback=False
[role] 体质差异 -> core | ok=True attempts=1 fallback=False
[role] 临床辨证 -> core | ok=True attempts=1 fallback=False
[role] 治病求本 -> core | ok=True attempts=1 fallback=False
[role] 体质状况 -> core | ok=True attempts=1 fallback=False
[role] 体质类型 -> core | ok=True attempts=1 fallback=False
[role] 偏阳体质 -> core | ok=True attempts=1 fallback=False
[role] 偏阴体质 -> core | ok=True attempts=1 fallback=False
[role] 气虚体质 -> core | ok=True attempts=1 fallback=False
[role] 湿热体质 -> core | ok=True attempts=1 fallback=False
[role] 苦寒 -> non-core | ok=True attempts=1 fallback=False
[role] 瘀血体质 -> core | ok=True attempts=1 fallback=False
[role] 甘寒酸寒 -> non-core | ok=True attempts=1 fallback=False
[role] 痰湿体质 -> core | ok=True attempts=1 fallback=False
[role] 辛热 -> non-core | ok=True attempts=1 fallback=False
[role] 耗散 -> non-core | ok=True attempts=1 fallback=False
[role] 滋补 -> non-core | ok=True attempts=1 fallback=False
[role] 温补 -> core | ok=True attempts=1 fallback=False
[role] 厚味 -> non-core | ok=True attempts=1 fallback=False
[role] 健脾芳化 -> non-core | ok=True attempts=1 fallback=False
[role] 强壮者 -> non-core | ok=True attempts=1 fallback=False
[role] 瘦弱者 -> non-core | ok=True attempts=1 fallback=False
[role] 清热利湿 -> core | ok=True attempts=1 fallback=False
[role] 疏利气血 -> core | ok=True attempts=1 fallback=False
[role] 深刺重刺激 -> non-core | ok=True attempts=1 fallback=False
[role] 酸涩 -> non-core | ok=True attempts=1 fallback=False
[role] 用药剂量 -> core | ok=True attempts=1 fallback=False
[role] 食饵 -> non-core | ok=True attempts=1 fallback=False
[role] 针灸宜忌 -> core | ok=True attempts=1 fallback=False
[role] 药物 -> core | ok=True attempts=1 fallback=False
[role] 疾病康复期 -> core | ok=True attempts=1 fallback=False
[role] 心理 -> core | ok=True attempts=1 fallback=False
[role] 形神共养 -> core | ok=True attempts=1 fallback=False
[role] 浅刺轻刺激 -> non-core | ok=True attempts=1 fallback=False
[role] 生活习惯 -> core | ok=True attempts=1 fallback=False
[role] 个体体质特征 -> core | ok=True attempts=1 fallback=False
[role] 音乐调摄精神 -> non-core | ok=True attempts=1 fallback=False
[role] 顺时摄养 -> core | ok=True attempts=1 fallback=False
[role] 调摄精神 -> core | ok=True attempts=1 fallback=False
[role] 运动锻炼 -> core | ok=True attempts=1 fallback=False
[role] 劳逸适度 -> non-core | ok=True attempts=1 fallback=False
[role] 起居有常 -> core | ok=True attempts=1 fallback=False
[role] 《商》 -> non-core | ok=True attempts=1 fallback=False
[role] 《乐礼·师已》 -> non-core | ok=True attempts=1 fallback=False
[role] 饮食调养 -> core | ok=True attempts=1 fallback=False
[role] 《颂》 -> non-core | ok=True attempts=1 fallback=False
[role] 《齐》 -> non-core | ok=True attempts=1 fallback=False
[role] 《小雅》 -> non-core | ok=True attempts=1 fallback=False
[role] 仁爱者 -> non-core | ok=True attempts=1 fallback=False
[role] 《大雅》 -> non-core | ok=True attempts=1 fallback=False
[role] 温良果断者 -> non-core | ok=True attempts=1 fallback=False
[role] 《风》 -> non-core | ok=True attempts=1 fallback=False
[role] 宽柔正直者 -> non-core | ok=True attempts=1 fallback=False
[role] 轻扬开泄 -> non-core | ok=True attempts=1 fallback=False
[role] 恭俭好礼者 -> non-core | ok=True attempts=1 fallback=False
[role] 广静通达者 -> non-core | ok=True attempts=1 fallback=False
[role] 春季 -> non-core | ok=True attempts=1 fallback=False
[role] 正直谦和者 -> non-core | ok=True attempts=1 fallback=False
[role] 动摇不定 -> non-core | ok=True attempts=1 fallback=False
[role] 善行数变 -> non-core | ok=True attempts=1 fallback=False
[role] 外邪 -> core | ok=True attempts=1 fallback=False
[role] 外风病证 -> core | ok=True attempts=1 fallback=False
[role] 皮毛肌腠 -> core | ok=True attempts=1 fallback=False
[role] 小儿风水病 -> non-core | ok=True attempts=1 fallback=False
[role] 行痹 -> non-core | ok=True attempts=1 fallback=False
[role] 风木 -> core | ok=True attempts=1 fallback=False
[role] 动风症状 -> core | ok=True attempts=1 fallback=False
[role] 风 -> core | ok=True attempts=1 fallback=False
[role] 破伤风 -> non-core | ok=True attempts=1 fallback=False
[role] 荨麻疹 -> core | ok=True attempts=1 fallback=False
[role] 伤寒 -> non-core | ok=True attempts=1 fallback=False
[role] 六淫 -> core | ok=True attempts=1 fallback=False
[role] 寒凉 -> core | ok=True attempts=1 fallback=False
[role] 凝滞 -> non-core | ok=True attempts=1 fallback=False
[role] 收引 -> non-core | ok=True attempts=1 fallback=False
[role] 中寒 -> non-core | ok=True attempts=1 fallback=False
[role] 外寒 -> core | ok=True attempts=1 fallback=False
[role] 风为百病之长 -> core | ok=True attempts=1 fallback=False
[role] 恶寒 -> core | ok=True attempts=1 fallback=False
[role] 手足厥冷 -> core | ok=True attempts=1 fallback=False
[role] 局部冷痛 -> non-core | ok=True attempts=1 fallback=False
[role] 脘腹冷痛 -> non-core | ok=True attempts=1 fallback=False
[role] 脾阳 -> core | ok=True attempts=1 fallback=False
[role] 吐泻清稀 -> non-core | ok=True attempts=1 fallback=False
[role] 经脉气血 -> core | ok=True attempts=1 fallback=False
[role] 心肾阳虚 -> core | ok=True attempts=1 fallback=False
[role] 恶寒蜷卧 -> non-core | ok=True attempts=1 fallback=False
[role] 不通则痛 -> core | ok=True attempts=1 fallback=False
[role] 绞痛 -> non-core | ok=True attempts=1 fallback=False
[role] 痛痹 -> core | ok=True attempts=1 fallback=False
[role] 伤暑 -> core | ok=True attempts=1 fallback=False
[role] 经脉筋脉挛急 -> non-core | ok=True attempts=1 fallback=False
[role] 脉紧 -> core | ok=True attempts=1 fallback=False
[role] 血脉挛缩 -> non-core | ok=True attempts=1 fallback=False
[role] 毛窍 -> non-core | ok=True attempts=1 fallback=False
[role] 肢体关节屈伸不利 -> non-core | ok=True attempts=1 fallback=False
[role] 寒则气收 -> non-core | ok=True attempts=1 fallback=False
[role] 暑厥 -> core | ok=True attempts=1 fallback=False
[role] 中暑 -> core | ok=True attempts=1 fallback=False
[role] 暑邪 -> core | ok=True attempts=1 fallback=False
[role] 暑性升散 -> core | ok=True attempts=1 fallback=False
[role] 头昏目眩 -> non-core | ok=True attempts=1 fallback=False
[role] 面赤 -> non-core | ok=True attempts=1 fallback=False
[role] 暑 -> core | ok=True attempts=1 fallback=False
[role] 暑多夹湿 -> core | ok=True attempts=1 fallback=False
[role] 《素问·热论》 -> non-core | ok=True attempts=1 fallback=False
[role] 腠理开泄 -> non-core | ok=True attempts=1 fallback=False
[role] 壮热 -> non-core | ok=True attempts=1 fallback=False
[role] 大汗出 -> non-core | ok=True attempts=1 fallback=False
[role] 伤津耗气 -> non-core | ok=True attempts=1 fallback=False
[role] 脉洪大 -> non-core | ok=True attempts=1 fallback=False
[role] 口渴喜饮 -> non-core | ok=True attempts=1 fallback=False
[role] 气短乏力 -> non-core | ok=True attempts=1 fallback=False
[role] 唇干舌燥 -> non-core | ok=True attempts=1 fallback=False
[role] 突然昏倒 -> non-core | ok=True attempts=1 fallback=False
[role] 尿少色黄 -> non-core | ok=True attempts=1 fallback=False
[role] 胸闷呕恶 -> non-core | ok=True attempts=1 fallback=False
[role] 四肢困倦 -> non-core | ok=True attempts=1 fallback=False
[role] 大便溏泄不爽 -> non-core | ok=True attempts=1 fallback=False
[role] 不省人事 -> non-core | ok=True attempts=1 fallback=False
[role] 烦渴 -> non-core | ok=True attempts=1 fallback=False
[role] 发热 -> non-core | ok=True attempts=1 fallback=False
[role] 暑湿夹杂证候 -> core | ok=True attempts=1 fallback=False
[role] 外湿 -> core | ok=True attempts=1 fallback=False
[role] 重浊 -> core | ok=True attempts=1 fallback=False
[role] 外感病邪 -> core | ok=True attempts=1 fallback=False
[role] 趋下 -> core | ok=True attempts=1 fallback=False
[role] 黏滞 -> core | ok=True attempts=1 fallback=False
[role] 居处伤湿 -> non-core | ok=True attempts=1 fallback=False
[role] 气候潮湿 -> non-core | ok=True attempts=1 fallback=False
[role] 以水为事 -> non-core | ok=True attempts=1 fallback=False
[role] 脘痞 -> non-core | ok=True attempts=1 fallback=False
[role] 涉水淋雨 -> non-core | ok=True attempts=1 fallback=False
[role] 大便不爽 -> non-core | ok=True attempts=1 fallback=False
[role] 小便短赤 -> non-core | ok=True attempts=1 fallback=False
[role] 化气利湿 -> core | ok=True attempts=1 fallback=False
[role] 头身困重 -> non-core | ok=True attempts=1 fallback=False
[role] 湿胜则阳微 -> core | ok=True attempts=1 fallback=False
[role] 四肢沉重 -> non-core | ok=True attempts=1 fallback=False
[role] 通利小便 -> non-core | ok=True attempts=1 fallback=False
[role] 着痹 -> non-core | ok=True attempts=1 fallback=False
[role] 面垢 -> non-core | ok=True attempts=1 fallback=False
[role] 关节疼痛重着不移 -> non-core | ok=True attempts=1 fallback=False
[role] 眵多 -> non-core | ok=True attempts=1 fallback=False
[role] 大便溏泄黏腻 -> non-core | ok=True attempts=1 fallback=False
[role] 食少纳呆 -> non-core | ok=True attempts=1 fallback=False
[role] 小便浑浊 -> non-core | ok=True attempts=1 fallback=False
[role] 脘痞腹胀 -> non-core | ok=True attempts=1 fallback=False
[role] 疮疡脓水秽浊 -> non-core | ok=True attempts=1 fallback=False
[role] 带下过多 -> non-core | ok=True attempts=1 fallback=False
[role] 湿温 -> core | ok=True attempts=1 fallback=False
[role] 下痢 -> non-core | ok=True attempts=1 fallback=False
[role] 便溏不爽 -> non-core | ok=True attempts=1 fallback=False
[role] 下肢水肿 -> non-core | ok=True attempts=1 fallback=False
[role] 湿疹 -> core | ok=True attempts=1 fallback=False
[role] 阴位 -> non-core | ok=True attempts=1 fallback=False
[role] 秋季主气 -> core | ok=True attempts=1 fallback=False
[role] 妇女带下 -> non-core | ok=True attempts=1 fallback=False
[role] 燥邪 -> core | ok=True attempts=1 fallback=False
[role] 口干唇燥 -> non-core | ok=True attempts=1 fallback=False
[role] 燥与寒相合 -> non-core | ok=True attempts=1 fallback=False
[role] 皮肤皴裂 -> non-core | ok=True attempts=1 fallback=False
[role] 凉燥 -> core | ok=True attempts=1 fallback=False
[role] 外燥病证 -> core | ok=True attempts=1 fallback=False
[role] 温燥 -> core | ok=True attempts=1 fallback=False
[role] 燥胜则干 -> non-core | ok=True attempts=1 fallback=False
[role] 小便短少 -> non-core | ok=True attempts=1 fallback=False
[role] 燥与热相合 -> non-core | ok=True attempts=1 fallback=False
[role] 大便干结 -> non-core | ok=True attempts=1 fallback=False
[role] 口鼻 -> non-core | ok=True attempts=1 fallback=False
[role] 清肃失职 -> non-core | ok=True attempts=1 fallback=False
[role] 肺津 -> non-core | ok=True attempts=1 fallback=False
[role] 清肃滋润 -> non-core | ok=True attempts=1 fallback=False
[role] 喘息胸痛 -> non-core | ok=True attempts=1 fallback=False
[role] 干咳少痰 -> non-core | ok=True attempts=1 fallback=False
[role] 秋令 -> core | ok=True attempts=1 fallback=False
[role] 痰黏难咳 -> non-core | ok=True attempts=1 fallback=False
[role] 痰中带血 -> non-core | ok=True attempts=1 fallback=False
[role] 燥湿相反 -> non-core | ok=True attempts=1 fallback=False
[role] 火邪 -> non-core | ok=True attempts=1 fallback=False
[role] 刘完素 -> non-core | ok=True attempts=1 fallback=False
[role] 素问玄机原病式 -> core | ok=True attempts=1 fallback=False
[role] 暑热 -> non-core | ok=True attempts=1 fallback=False
[role] 头痛 -> non-core | ok=True attempts=1 fallback=False
[role] 热邪 -> core | ok=True attempts=1 fallback=False
[role] 心火上炎 -> core | ok=True attempts=1 fallback=False
[role] 温邪 -> core | ok=True attempts=1 fallback=False
[role] 大汗 -> non-core | ok=True attempts=1 fallback=False
[role] 风热 -> non-core | ok=True attempts=1 fallback=False
[role] 口渴 -> non-core | ok=True attempts=1 fallback=False
[role] 壮火食气 -> core | ok=True attempts=1 fallback=False
[role] 倦怠乏力 -> non-core | ok=True attempts=1 fallback=False
[role] 牙痛 -> non-core | ok=True attempts=1 fallback=False
[role] 生风动血 -> non-core | ok=True attempts=1 fallback=False
[role] 抽搐 -> non-core | ok=True attempts=1 fallback=False
[role] 迫血妄行 -> non-core | ok=True attempts=1 fallback=False
[role] 热极生风 -> core | ok=True attempts=1 fallback=False
[role] 衄血 -> non-core | ok=True attempts=1 fallback=False
[role] 神昏谵语 -> non-core | ok=True attempts=1 fallback=False
[role] 吐血 -> non-core | ok=True attempts=1 fallback=False
[role] 便血 -> non-core | ok=True attempts=1 fallback=False
[role] 扰心神 -> non-core | ok=True attempts=1 fallback=False
[role] 角弓反张 -> non-core | ok=True attempts=1 fallback=False
[role] 血分 -> non-core | ok=True attempts=1 fallback=False
[role] 疮疡 -> non-core | ok=True attempts=1 fallback=False
[role] 红 -> non-core | ok=True attempts=1 fallback=False
[role] 肿 -> non-core | ok=True attempts=1 fallback=False
[role] 痛 -> non-core | ok=True attempts=1 fallback=False
[role] 肿疡 -> core | ok=True attempts=1 fallback=False
[role] 《医宗金鉴》 -> core | ok=True attempts=1 fallback=False
[role] 痈疽 -> core | ok=True attempts=1 fallback=False
[role] 火毒 -> core | ok=True attempts=1 fallback=False
[role] 传染性 -> non-core | ok=True attempts=1 fallback=False
[role] 疫气 -> core | ok=True attempts=1 fallback=False
[role] 流行性 -> non-core | ok=True attempts=1 fallback=False
[role] 热盛 -> non-core | ok=True attempts=1 fallback=False
[role] 热毒之邪 -> core | ok=True attempts=1 fallback=False
[role] 一气一病 -> core | ok=True attempts=1 fallback=False
[role] 扰神 -> non-core | ok=True attempts=1 fallback=False
[role] 痄腮 -> non-core | ok=True attempts=1 fallback=False
[role] 动血 -> non-core | ok=True attempts=1 fallback=False
[role] 疫病 -> core | ok=True attempts=1 fallback=False
[role] 特异亲和力 -> non-core | ok=True attempts=1 fallback=False
[role] 生风 -> non-core | ok=True attempts=1 fallback=False
[role] 酷热 -> non-core | ok=True attempts=1 fallback=False
[role] 久旱 -> non-core | ok=True attempts=1 fallback=False
[role] 严重吐泻 -> non-core | ok=True attempts=1 fallback=False
[role] 气候反常 -> non-core | ok=True attempts=1 fallback=False
[role] 水灾 -> non-core | ok=True attempts=1 fallback=False
[role] 湿雾瘴气 -> non-core | ok=True attempts=1 fallback=False
[role] 水源污染 -> non-core | ok=True attempts=1 fallback=False
[role] 环境污染 -> core | ok=True attempts=1 fallback=False
[role] 疫痢 -> non-core | ok=True attempts=1 fallback=False
[role] 空气污染 -> core | ok=True attempts=1 fallback=False
[role] 战乱 -> non-core | ok=True attempts=1 fallback=False
[role] 疫黄 -> non-core | ok=True attempts=1 fallback=False
[role] 预防隔离工作 -> non-core | ok=True attempts=1 fallback=False
[role] 饮食不洁 -> non-core | ok=True attempts=1 fallback=False
[role] 社会因素 -> core | ok=True attempts=1 fallback=False
[role] 贫困 -> non-core | ok=True attempts=1 fallback=False
[role] 国家安定 -> non-core | ok=True attempts=1 fallback=False
[role] 社会动荡 -> core | ok=True attempts=1 fallback=False
[role] 恶劣工作环境 -> non-core | ok=True attempts=1 fallback=False
[role] 七情内伤 -> core | ok=True attempts=1 fallback=False
[role] 脏腑阴阳气血失调 -> core | ok=True attempts=1 fallback=False
[role] 卫生防疫措施 -> core | ok=True attempts=1 fallback=False
[role] 七情 -> core | ok=True attempts=1 fallback=False
[role] 气机紊乱 -> core | ok=True attempts=1 fallback=False
[role] 喜伤心 -> non-core | ok=True attempts=1 fallback=False
[role] 疾病因素 -> core | ok=True attempts=1 fallback=False
[role] 环境因素 -> core | ok=True attempts=1 fallback=False
[role] 气血失调 -> core | ok=True attempts=1 fallback=False
[role] 思伤脾 -> core | ok=True attempts=1 fallback=False
[role] 悲忧伤肺 -> non-core | ok=True attempts=1 fallback=False
[role] 怒伤肝 -> core | ok=True attempts=1 fallback=False
[role] 心气涣散 -> non-core | ok=True attempts=1 fallback=False
[role] 怒则气上 -> non-core | ok=True attempts=1 fallback=False
[role] 肝气上逆 -> core | ok=True attempts=1 fallback=False
[role] 惊恐伤肾 -> core | ok=True attempts=1 fallback=False
[role] 恐则气下 -> non-core | ok=True attempts=1 fallback=False
[role] 悲则气消 -> non-core | ok=True attempts=1 fallback=False
[role] 喜则气缓 -> non-core | ok=True attempts=1 fallback=False
[role] 脾气郁结 -> non-core | ok=True attempts=1 fallback=False
[role] 心神不定 -> non-core | ok=True attempts=1 fallback=False
[role] 惊则气乱 -> non-core | ok=True attempts=1 fallback=False
[role] 饥饱失常 -> core | ok=True attempts=1 fallback=False
[role] 肾气不固 -> core | ok=True attempts=1 fallback=False
[role] 食量过少 -> non-core | ok=True attempts=1 fallback=False
[role] 气血衰少 -> non-core | ok=True attempts=1 fallback=False
[role] 饮食不节 -> core | ok=True attempts=1 fallback=False
[role] 脏腑功能减退 -> core | ok=True attempts=1 fallback=False
[role] 饮食无时 -> core | ok=True attempts=1 fallback=False
[role] 正气虚损 -> core | ok=True attempts=1 fallback=False
[role] 食量过多 -> non-core | ok=True attempts=1 fallback=False
[role] 嗳腐吞酸 -> non-core | ok=True attempts=1 fallback=False
[role] 肥甘厚味 -> non-core | ok=True attempts=1 fallback=False
[role] 疳积 -> non-core | ok=True attempts=1 fallback=False
[role] 消渴病 -> core | ok=True attempts=1 fallback=False
[role] 脘腹胀满 -> non-core | ok=True attempts=1 fallback=False
[role] 痈疽疮毒 -> non-core | ok=True attempts=1 fallback=False
[role] 小儿 -> non-core | ok=True attempts=1 fallback=False
[role] 热病初愈 -> non-core | ok=True attempts=1 fallback=False
[role] 食复 -> core | ok=True attempts=1 fallback=False
[role] 食滞化热 -> non-core | ok=True attempts=1 fallback=False
[role] 余热 -> non-core | ok=True attempts=1 fallback=False
[role] 腹痛 -> core | ok=True attempts=1 fallback=False
[role] 蛲虫病 -> non-core | ok=True attempts=1 fallback=False
[role] 吐泻 -> non-core | ok=True attempts=1 fallback=False
[role] 绦虫病 -> core | ok=True attempts=1 fallback=False
[role] 痢疾 -> non-core | ok=True attempts=1 fallback=False
[role] 面黄肌瘦 -> non-core | ok=True attempts=1 fallback=False
[role] 蛔虫病 -> non-core | ok=True attempts=1 fallback=False
[role] 寄生虫病 -> core | ok=True attempts=1 fallback=False
[role] 吐蛔 -> non-core | ok=True attempts=1 fallback=False
[role] 嗜食异物 -> non-core | ok=True attempts=1 fallback=False
[role] 蛔厥 -> non-core | ok=True attempts=1 fallback=False
[role] 四肢厥冷 -> non-core | ok=True attempts=1 fallback=False
[role] 死亡 -> non-core | ok=True attempts=1 fallback=False
[role] 昏迷 -> non-core | ok=True attempts=1 fallback=False
[role] 上腹部剧痛 -> non-core | ok=True attempts=1 fallback=False
[role] 食物中毒 -> core | ok=True attempts=1 fallback=False
[role] 偏嗜饮酒 -> non-core | ok=True attempts=1 fallback=False
[role] 五味偏嗜 -> core | ok=True attempts=1 fallback=False
[role] 饮食偏嗜 -> core | ok=True attempts=1 fallback=False
[role] 寒热偏嗜 -> core | ok=True attempts=1 fallback=False
[role] 脏腑协调 -> non-core | ok=True attempts=1 fallback=False
[role] 寒热温凉 -> core | ok=True attempts=1 fallback=False
[role] 过酸伤肝乘脾 -> non-core | ok=True attempts=1 fallback=False
[role] 过咸伤肾乘心 -> non-core | ok=True attempts=1 fallback=False
[role] 寒湿 -> core | ok=True attempts=1 fallback=False
[role] 口苦苔腻 -> non-core | ok=True attempts=1 fallback=False
[role] 病理传变 -> core | ok=True attempts=1 fallback=False
[role] 脾胃阳气 -> core | ok=True attempts=1 fallback=False
[role] 胃肠积热 -> core | ok=True attempts=1 fallback=False
[role] 肝脾 -> core | ok=True attempts=1 fallback=False
[role] 脾胃运化 -> core | ok=True attempts=1 fallback=False
[role] 发胖臃肿 -> non-core | ok=True attempts=1 fallback=False
[role] 营养均衡 -> core | ok=True attempts=1 fallback=False
[role] 酒精中毒 -> non-core | ok=True attempts=1 fallback=False
[role] 脾胃呆滞 -> non-core | ok=True attempts=1 fallback=False
[role] 阳气不振 -> non-core | ok=True attempts=1 fallback=False
[role] 水湿痰饮内生 -> non-core | ok=True attempts=1 fallback=False
[role] 过逸 -> core | ok=True attempts=1 fallback=False
[role] 体力过逸 -> core | ok=True attempts=1 fallback=False
[role] 脑力过逸 -> core | ok=True attempts=1 fallback=False
[role] 动则心悸 -> non-core | ok=True attempts=1 fallback=False
[role] 体倦神疲 -> non-core | ok=True attempts=1 fallback=False
[role] 气滞血瘀 -> core | ok=True attempts=1 fallback=False
[role] 精神萎靡 -> non-core | ok=True attempts=1 fallback=False
[role] 易感外邪 -> non-core | ok=True attempts=1 fallback=False
[role] 气喘汗出 -> non-core | ok=True attempts=1 fallback=False
[role] 正气虚弱 -> non-core | ok=True attempts=1 fallback=False
[role] 外感六淫 -> core | ok=True attempts=1 fallback=False
[role] 久卧伤气 -> core | ok=True attempts=1 fallback=False
[role] 素问·宣明五气 -> core | ok=True attempts=1 fallback=False
[role] 疫疠之气 -> core | ok=True attempts=1 fallback=False
[role] 反应迟钝 -> non-core | ok=True attempts=1 fallback=False
[role] 津液停聚 -> core | ok=True attempts=1 fallback=False
[role] 肺失宣降 -> core | ok=True attempts=1 fallback=False
[role] 内伤七情 -> core | ok=True attempts=1 fallback=False
[role] 结石 -> core | ok=True attempts=1 fallback=False
[role] 水液代谢障碍 -> core | ok=True attempts=1 fallback=False
[role] 百病多由痰作祟 -> core | ok=True attempts=1 fallback=False
[role] 饮食劳逸 -> core | ok=True attempts=1 fallback=False
[role] 三焦气化失常 -> core | ok=True attempts=1 fallback=False
[role] 怪病多痰 -> core | ok=True attempts=1 fallback=False
[role] 肾失蒸腾 -> non-core | ok=True attempts=1 fallback=False
[role] 痰浊上蒙清窍 -> non-core | ok=True attempts=1 fallback=False
[role] 痰阻肺 -> non-core | ok=True attempts=1 fallback=False
[role] 清窍 -> non-core | ok=True attempts=1 fallback=False
[role] 痰迷心窍 -> non-core | ok=True attempts=1 fallback=False
[role] 饮停肠胃 -> non-core | ok=True attempts=1 fallback=False
[role] 痰结咽喉 -> non-core | ok=True attempts=1 fallback=False
[role] 心之行血 -> non-core | ok=True attempts=1 fallback=False
[role] 痰火扰心 -> non-core | ok=True attempts=1 fallback=False
[role] 心窍 -> non-core | ok=True attempts=1 fallback=False
[role] 肝之藏血 -> core | ok=True attempts=1 fallback=False
[role] 血液充盈 -> non-core | ok=True attempts=1 fallback=False
[role] 脾之统血 -> core | ok=True attempts=1 fallback=False
[role] 肺之助心行血 -> non-core | ok=True attempts=1 fallback=False
[role] 脉道通利 -> non-core | ok=True attempts=1 fallback=False
[role] 经络涩滞 -> non-core | ok=True attempts=1 fallback=False
[role] 寒温适宜 -> non-core | ok=True attempts=1 fallback=False
[role] 疫疠 -> core | ok=True attempts=1 fallback=False
[role] 五脏功能失常 -> core | ok=True attempts=1 fallback=False
[role] 外伤 -> core | ok=True attempts=1 fallback=False
[role] 气虚致瘀 -> core | ok=True attempts=1 fallback=False
[role] 津亏致瘀 -> non-core | ok=True attempts=1 fallback=False
[role] 气血运行失调 -> core | ok=True attempts=1 fallback=False
[role] 血热致瘀 -> non-core | ok=True attempts=1 fallback=False
[role] 气滞致瘀 -> core | ok=True attempts=1 fallback=False
[role] 血寒致瘀 -> non-core | ok=True attempts=1 fallback=False
[role] 血液正常的濡养作用 -> non-core | ok=True attempts=1 fallback=False
[role] 阻滞气机 -> core | ok=True attempts=1 fallback=False
[role] 肺气虚损 -> non-core | ok=True attempts=1 fallback=False
[role] 影响血行 -> non-core | ok=True attempts=1 fallback=False
[role] 恶性循环 -> core | ok=True attempts=1 fallback=False
[role] 致病因素 -> core | ok=True attempts=1 fallback=False
[role] 损伤内脏 -> non-core | ok=True attempts=1 fallback=False
[role] 新血不生 -> non-core | ok=True attempts=1 fallback=False
[role] 伤及脏腑 -> non-core | ok=True attempts=1 fallback=False
[role] 病理产物 -> core | ok=True attempts=1 fallback=False
[role] 癥积肿块 -> non-core | ok=True attempts=1 fallback=False
[role] 疾病丛生 -> non-core | ok=True attempts=1 fallback=False
[role] 瘀血不去，新血不生 -> non-core | ok=True attempts=1 fallback=False
[role] 胞宫瘀阻 -> non-core | ok=True attempts=1 fallback=False
[role] 疼痛 -> core | ok=True attempts=1 fallback=False
[role] 喘促 -> non-core | ok=True attempts=1 fallback=False
[role] 瘀塞经脉 -> core | ok=True attempts=1 fallback=False
[role] 胃肠瘀血 -> non-core | ok=True attempts=1 fallback=False
[role] 咳血 -> non-core | ok=True attempts=1 fallback=False
[role] 肺瘀 -> non-core | ok=True attempts=1 fallback=False
[role] 胸痛 -> core | ok=True attempts=1 fallback=False
[role] 刺痛 -> non-core | ok=True attempts=1 fallback=False
[role] 闭经 -> non-core | ok=True attempts=1 fallback=False
[role] 面色黧黑 -> non-core | ok=True attempts=1 fallback=False
[role] 肌肤甲错 -> non-core | ok=True attempts=1 fallback=False
[role] 肢障 -> non-core | ok=True attempts=1 fallback=False
[role] 脑络瘀阻 -> non-core | ok=True attempts=1 fallback=False
[role] 经脉阻滞 -> non-core | ok=True attempts=1 fallback=False
[role] 肝胆疏泄 -> non-core | ok=True attempts=1 fallback=False
[role] 色紫暗 -> non-core | ok=True attempts=1 fallback=False
[role] 肿块 -> core | ok=True attempts=1 fallback=False
[role] 善忘 -> non-core | ok=True attempts=1 fallback=False
[role] 胆汁排泄 -> non-core | ok=True attempts=1 fallback=False
[role] 湿热下注 -> non-core | ok=True attempts=1 fallback=False
[role] 膀胱结石 -> non-core | ok=True attempts=1 fallback=False
[role] 未成熟柿子 -> non-core | ok=True attempts=1 fallback=False
[role] 肝胆结石 -> core | ok=True attempts=1 fallback=False
[role] 肾结石 -> core | ok=True attempts=1 fallback=False
[role] 胃石 -> non-core | ok=True attempts=1 fallback=False
[role] 情志内伤 -> core | ok=True attempts=1 fallback=False
[role] 胆道 -> non-core | ok=True attempts=1 fallback=False
[role] 黑枣 -> non-core | ok=True attempts=1 fallback=False
[role] 寄生虫感染 -> non-core | ok=True attempts=1 fallback=False
[role] 气机郁滞 -> core | ok=True attempts=1 fallback=False
[role] 磺胺类药物 -> core | ok=True attempts=1 fallback=False
[role] 蛔虫 -> non-core | ok=True attempts=1 fallback=False
[role] 碱性药物 -> non-core | ok=True attempts=1 fallback=False
[role] 钙镁铋类药物 -> non-core | ok=True attempts=1 fallback=False
[role] 尿液生成排泄 -> core | ok=True attempts=1 fallback=False
[role] 药物代谢产物残留 -> non-core | ok=True attempts=1 fallback=False
[role] 胃结石 -> non-core | ok=True attempts=1 fallback=False
[role] 水谷通降 -> non-core | ok=True attempts=1 fallback=False
[role] 冷汗 -> non-core | ok=True attempts=1 fallback=False
[role] 关格 -> non-core | ok=True attempts=1 fallback=False
[role] 持重努伤 -> non-core | ok=True attempts=1 fallback=False
[role] 利器损伤 -> non-core | ok=True attempts=1 fallback=False
[role] 枪弹伤 -> non-core | ok=True attempts=1 fallback=False
[role] 隐痛 -> non-core | ok=True attempts=1 fallback=False
[role] 跌打损伤 -> non-core | ok=True attempts=1 fallback=False
[role] 烧烫伤 -> non-core | ok=True attempts=1 fallback=False
[role] 血尿 -> core | ok=True attempts=1 fallback=False
[role] 肾膀胱结石 -> core | ok=True attempts=1 fallback=False
[role] 电击伤 -> non-core | ok=True attempts=1 fallback=False
[role] 虫兽伤 -> non-core | ok=True attempts=1 fallback=False
[role] 皮肤 -> core | ok=True attempts=1 fallback=False
[role] 化学伤 -> non-core | ok=True attempts=1 fallback=False
[role] 冻伤 -> non-core | ok=True attempts=1 fallback=False
[role] 骨折脱位 -> non-core | ok=True attempts=1 fallback=False
[role] 瘀血肿胀 -> non-core | ok=True attempts=1 fallback=False
[role] 肌肤红肿热痛 -> non-core | ok=True attempts=1 fallback=False
[role] 水疱 -> non-core | ok=True attempts=1 fallback=False
[role] 亡阳虚脱 -> non-core | ok=True attempts=1 fallback=False
[role] 亡阴亡阳 -> non-core | ok=True attempts=1 fallback=False
[role] 热毒内攻脏腑心神 -> non-core | ok=True attempts=1 fallback=False
[role] 阴寒 -> non-core | ok=True attempts=1 fallback=False
[role] 血行凝滞 -> non-core | ok=True attempts=1 fallback=False
[role] 阳气受损 -> non-core | ok=True attempts=1 fallback=False
[role] 脉迟细 -> non-core | ok=True attempts=1 fallback=False
[role] 体温下降 -> non-core | ok=True attempts=1 fallback=False
[role] 虫蜇 -> non-core | ok=True attempts=1 fallback=False
[role] 寒战 -> core | ok=True attempts=1 fallback=False
[role] 冻疮 -> non-core | ok=True attempts=1 fallback=False
[role] 高热神昏 -> non-core | ok=True attempts=1 fallback=False
[role] 局部肿痛出血 -> non-core | ok=True attempts=1 fallback=False
[role] 全身中毒 -> non-core | ok=True attempts=1 fallback=False
[role] 兽咬 -> non-core | ok=True attempts=1 fallback=False
[role] 农药 -> non-core | ok=True attempts=1 fallback=False
[role] 强酸 -> non-core | ok=True attempts=1 fallback=False
[role] 毒蛇咬伤 -> non-core | ok=True attempts=1 fallback=False
[role] 毒气 -> non-core | ok=True attempts=1 fallback=False
[role] 局部烧灼糜烂 -> non-core | ok=True attempts=1 fallback=False
[role] 血肿 -> non-core | ok=True attempts=1 fallback=False
[role] 强碱 -> non-core | ok=True attempts=1 fallback=False
[role] 寄生虫 -> core | ok=True attempts=1 fallback=False
[role] 脉搏细微 -> non-core | ok=True attempts=1 fallback=False
[role] 触电部位烧伤 -> non-core | ok=True attempts=1 fallback=False
[role] 心跳呼吸停止 -> non-core | ok=True attempts=1 fallback=False
[role] 门静脉系统 -> non-core | ok=True attempts=1 fallback=False
[role] 蛲虫 -> non-core | ok=True attempts=1 fallback=False
[role] 绦虫 -> core | ok=True attempts=1 fallback=False
[role] 钩虫 -> core | ok=True attempts=1 fallback=False
[role] 虫卵 -> non-core | ok=True attempts=1 fallback=False
[role] 血吸虫 -> core | ok=True attempts=1 fallback=False
[role] 腹水 -> non-core | ok=True attempts=1 fallback=False
[role] 胆道蛔虫病 -> core | ok=True attempts=1 fallback=False
[role] 脐周疼痛 -> non-core | ok=True attempts=1 fallback=False
[role] 肺卫 -> core | ok=True attempts=1 fallback=False
[role] 肛门奇痒 -> non-core | ok=True attempts=1 fallback=False
[role] 贫血 -> non-core | ok=True attempts=1 fallback=False
[role] 肠梗阻 -> non-core | ok=True attempts=1 fallback=False
[role] 囊尾蚴 -> non-core | ok=True attempts=1 fallback=False
[role] 胃肠功能失调 -> non-core | ok=True attempts=1 fallback=False
[role] 囊虫病 -> non-core | ok=True attempts=1 fallback=False
[role] 腹痛腹泻 -> non-core | ok=True attempts=1 fallback=False
[role] 医过 -> core | ok=True attempts=1 fallback=False
[role] 面黄体瘦 -> non-core | ok=True attempts=1 fallback=False
[role] 病情延误 -> non-core | ok=True attempts=1 fallback=False
[role] 虫体节片 -> non-core | ok=True attempts=1 fallback=False
[role] 食欲亢进 -> non-core | ok=True attempts=1 fallback=False
[role] 医术不精 -> non-core | ok=True attempts=1 fallback=False
[role] 医生职业道德缺失 -> non-core | ok=True attempts=1 fallback=False
[role] 对病人不负责任 -> non-core | ok=True attempts=1 fallback=False
[role] 言行不当 -> non-core | ok=True attempts=1 fallback=False
[role] 引发新疾 -> non-core | ok=True attempts=1 fallback=False
[role] 语言粗鲁 -> non-core | ok=True attempts=1 fallback=False
[role] 不良刺激 -> non-core | ok=True attempts=1 fallback=False
[role] 举止不端 -> non-core | ok=True attempts=1 fallback=False
[role] 字迹潦草 -> non-core | ok=True attempts=1 fallback=False
[role] 诱发新病 -> non-core | ok=True attempts=1 fallback=False
[role] 思想负担 -> non-core | ok=True attempts=1 fallback=False
[role] 处方草率 -> non-core | ok=True attempts=1 fallback=False
[role] 态度生硬 -> non-core | ok=True attempts=1 fallback=False
[role] 使用别名僻名 -> non-core | ok=True attempts=1 fallback=False
[role] 用药不规范 -> non-core | ok=True attempts=1 fallback=False
[role] 医疗事故 -> non-core | ok=True attempts=1 fallback=False
[role] 病人疑虑 -> non-core | ok=True attempts=1 fallback=False
[role] 不信任 -> non-core | ok=True attempts=1 fallback=False
[role] 影响疗效 -> non-core | ok=True attempts=1 fallback=False
[role] 误诊误治 -> non-core | ok=True attempts=1 fallback=False
[role] 医术不高 -> non-core | ok=True attempts=1 fallback=False
[role] 错发药物 -> non-core | ok=True attempts=1 fallback=False
[role] 耽误治疗 -> non-core | ok=True attempts=1 fallback=False
[role] 粗心大意 -> non-core | ok=True attempts=1 fallback=False
[role] 用药失误 -> non-core | ok=True attempts=1 fallback=False
[role] 辨证不准 -> non-core | ok=True attempts=1 fallback=False
[role] 操作不当 -> non-core | ok=True attempts=1 fallback=False
[role] 情志异常波动 -> non-core | ok=True attempts=1 fallback=False
[role] 医疗差错 -> core | ok=True attempts=1 fallback=False
[role] 诊疗行为 -> non-core | ok=True attempts=1 fallback=False
[role] 不应有的损失 -> non-core | ok=True attempts=1 fallback=False
[role] 医生职业素养 -> core | ok=True attempts=1 fallback=False
[role] 医过致病 -> core | ok=True attempts=1 fallback=False
[role] 外伤致病 -> non-core | ok=True attempts=1 fallback=False
[role] 乌头 -> non-core | ok=True attempts=1 fallback=False
[role] 药邪致病 -> core | ok=True attempts=1 fallback=False
[role] 医疗失误 -> core | ok=True attempts=1 fallback=False
[role] 炮制不当 -> core | ok=True attempts=1 fallback=False
[role] 用药过量 -> core | ok=True attempts=1 fallback=False
[role] 半夏 -> non-core | ok=True attempts=1 fallback=False
[role] 附子 -> non-core | ok=True attempts=1 fallback=False
[role] 药物毒性 -> core | ok=True attempts=1 fallback=False
[role] 药邪 -> core | ok=True attempts=1 fallback=False
[role] 用法不当 -> non-core | ok=True attempts=1 fallback=False
[role] 滥用补药 -> non-core | ok=True attempts=1 fallback=False
[role] 药物中毒 -> core | ok=True attempts=1 fallback=False
[role] 十八反 -> core | ok=True attempts=1 fallback=False
[role] 毒性药物 -> core | ok=True attempts=1 fallback=False
[role] 配伍不当 -> core | ok=True attempts=1 fallback=False
[role] 十九畏 -> core | ok=True attempts=1 fallback=False
[role] 药物过敏 -> non-core | ok=True attempts=1 fallback=False
[role] 头晕 -> non-core | ok=True attempts=1 fallback=False
[role] 舌麻 -> non-core | ok=True attempts=1 fallback=False
[role] 腹痛泄泻 -> non-core | ok=True attempts=1 fallback=False
[role] 烦躁 -> non-core | ok=True attempts=1 fallback=False
[role] 脏器损害 -> non-core | ok=True attempts=1 fallback=False
[role] 紫绀 -> non-core | ok=True attempts=1 fallback=False
[role] 哮喘 -> non-core | ok=True attempts=1 fallback=False
[role] 厥脱 -> non-core | ok=True attempts=1 fallback=False
[role] 嗜睡 -> non-core | ok=True attempts=1 fallback=False
[role] 毒性成分 -> non-core | ok=True attempts=1 fallback=False
[role] 流产 -> non-core | ok=True attempts=1 fallback=False
[role] 畸胎 -> non-core | ok=True attempts=1 fallback=False
[role] 子孙代 -> non-core | ok=True attempts=1 fallback=False
[role] 过敏反应 -> non-core | ok=True attempts=1 fallback=False
[role] 遗传因素 -> core | ok=True attempts=1 fallback=False
[role] 遗传性疾病 -> core | ok=True attempts=1 fallback=False
[role] 亲祖代 -> non-core | ok=True attempts=1 fallback=False
[role] 遗传信息 -> core | ok=True attempts=1 fallback=False
[role] 近亲婚配 -> core | ok=True attempts=1 fallback=False
[role] 单卵双生 -> non-core | ok=True attempts=1 fallback=False
[role] 精神分裂症 -> core | ok=True attempts=1 fallback=False
[role] 血友病 -> core | ok=True attempts=1 fallback=False
[role] 异卵双生 -> non-core | ok=True attempts=1 fallback=False
[role] 多指（趾）症 -> non-core | ok=True attempts=1 fallback=False
[role] 糖尿病 -> core | ok=True attempts=1 fallback=False
[role] 高血压病 -> core | ok=True attempts=1 fallback=False
[role] 多囊肾 -> non-core | ok=True attempts=1 fallback=False
[role] 近视 -> non-core | ok=True attempts=1 fallback=False
[role] 癫痫 -> core | ok=True attempts=1 fallback=False
[role] 过敏性疾病 -> core | ok=True attempts=1 fallback=False
[role] 色盲 -> core | ok=True attempts=1 fallback=False
[role] 胎弱 -> non-core | ok=True attempts=1 fallback=False
[role] 胎传因素 -> core | ok=True attempts=1 fallback=False
[role] 梅毒 -> core | ok=True attempts=1 fallback=False
[role] 乙肝病毒 -> non-core | ok=True attempts=1 fallback=False
[role] 遗毒 -> non-core | ok=True attempts=1 fallback=False
[role] 艾滋病病毒 -> non-core | ok=True attempts=1 fallback=False
[role] 胎毒 -> non-core | ok=True attempts=1 fallback=False
[role] 疮疹 -> non-core | ok=True attempts=1 fallback=False
[role] 正气存内，邪不可干 -> core | ok=True attempts=1 fallback=False
[role] 发病学 -> core | ok=True attempts=1 fallback=False
[role] 《灵枢·百病始生》 -> core | ok=True attempts=1 fallback=False
[role] 卫外固密 -> core | ok=True attempts=1 fallback=False
[role] 风雨寒热 -> core | ok=True attempts=1 fallback=False
[role] 正气不足 -> core | ok=True attempts=1 fallback=False
[role] 邪之所凑，其气必虚 -> core | ok=True attempts=1 fallback=False
[role] 六淫邪气 -> core | ok=True attempts=1 fallback=False
[role] 正气内虚 -> core | ok=True attempts=1 fallback=False
[role] 邪气过盛 -> non-core | ok=True attempts=1 fallback=False
[role] 《素问·刺法论》 -> core | ok=True attempts=1 fallback=False
[role] 致病性 -> core | ok=True attempts=1 fallback=False
[role] 高温 -> non-core | ok=True attempts=1 fallback=False
[role] 五疫 -> core | ok=True attempts=1 fallback=False
[role] 中毒 -> non-core | ok=True attempts=1 fallback=False
[role] 邪正相争 -> core | ok=True attempts=1 fallback=False
[role] 邪气所中部位深浅 -> non-core | ok=True attempts=1 fallback=False
[role] 正胜邪却 -> non-core | ok=True attempts=1 fallback=False
[role] 邪胜正负 -> core | ok=True attempts=1 fallback=False
[role] 感邪轻重 -> non-core | ok=True attempts=1 fallback=False
[role] 燥病 -> non-core | ok=True attempts=1 fallback=False
[role] 电击 -> non-core | ok=True attempts=1 fallback=False
[role] 季节性多发病 -> core | ok=True attempts=1 fallback=False
[role] 四时气候 -> core | ok=True attempts=1 fallback=False
[role] 致病邪气 -> core | ok=True attempts=1 fallback=False
[role] 寒病 -> non-core | ok=True attempts=1 fallback=False
[role] 湿热病 -> non-core | ok=True attempts=1 fallback=False
[role] 暑热病 -> core | ok=True attempts=1 fallback=False
[role] 风温病 -> core | ok=True attempts=1 fallback=False
[role] 感冒 -> non-core | ok=True attempts=1 fallback=False
[role] 地域差异 -> core | ok=True attempts=1 fallback=False
[role] 麻疹 -> non-core | ok=True attempts=1 fallback=False
[role] 人体正气 -> core | ok=True attempts=1 fallback=False
[role] 自然条件 -> core | ok=True attempts=1 fallback=False
[role] 百日咳 -> core | ok=True attempts=1 fallback=False
[role] 水土差异 -> core | ok=True attempts=1 fallback=False
[role] 常见病 -> non-core | ok=True attempts=1 fallback=False
[role] 多发病 -> non-core | ok=True attempts=1 fallback=False
[role] 《素问·异法方宜论》 -> core | ok=True attempts=1 fallback=False
[role] 气候特点 -> core | ok=True attempts=1 fallback=False
[role] 外环境 -> non-core | ok=True attempts=1 fallback=False
[role] 气候寒温 -> non-core | ok=True attempts=1 fallback=False
[role] 地方病 -> core | ok=True attempts=1 fallback=False
[role] 工业废气 -> non-core | ok=True attempts=1 fallback=False
[role] 粉尘 -> non-core | ok=True attempts=1 fallback=False
[role] 瘿瘤 -> non-core | ok=True attempts=1 fallback=False
[role] 地域高低 -> core | ok=True attempts=1 fallback=False
[role] 秽物淤积 -> non-core | ok=True attempts=1 fallback=False
[role] 寒湿邪气 -> core | ok=True attempts=1 fallback=False
[role] 杀虫药剂 -> core | ok=True attempts=1 fallback=False
[role] 环境卫生差 -> non-core | ok=True attempts=1 fallback=False
[role] 蚊蝇孳生 -> non-core | ok=True attempts=1 fallback=False
[role] 痨嗽 -> non-core | ok=True attempts=1 fallback=False
[role] 关节疼痛 -> non-core | ok=True attempts=1 fallback=False
[role] 表气素虚 -> non-core | ok=True attempts=1 fallback=False
[role] 瘦人多火 -> core | ok=True attempts=1 fallback=False
[role] 食物污染 -> core | ok=True attempts=1 fallback=False
[role] 正气盛衰 -> core | ok=True attempts=1 fallback=False
[role] 中风 -> core | ok=True attempts=1 fallback=False
[role] 阳气素弱 -> non-core | ok=True attempts=1 fallback=False
[role] 阴气素衰 -> non-core | ok=True attempts=1 fallback=False
[role] 肥人多痰湿 -> core | ok=True attempts=1 fallback=False
[role] 《医理辑要》 -> non-core | ok=True attempts=1 fallback=False
[role] 脾胃亏虚 -> non-core | ok=True attempts=1 fallback=False
[role] 多思忧虑 -> non-core | ok=True attempts=1 fallback=False
[role] 紧张 -> non-core | ok=True attempts=1 fallback=False
[role] 中气亏损 -> core | ok=True attempts=1 fallback=False
[role] 愤怒 -> core | ok=True attempts=1 fallback=False
[role] 精神状态 -> core | ok=True attempts=1 fallback=False
[role] 妄想不遂 -> non-core | ok=True attempts=1 fallback=False
[role] 调摄精神情志 -> core | ok=True attempts=1 fallback=False
[role] 抗病能力 -> core | ok=True attempts=1 fallback=False
[role] 恬惔虚无 -> core | ok=True attempts=1 fallback=False
[role] 情绪低沉 -> core | ok=True attempts=1 fallback=False
[role] 真气 -> core | ok=True attempts=1 fallback=False
[role] 疾病易感性 -> core | ok=True attempts=1 fallback=False
[role] 精神内守 -> core | ok=True attempts=1 fallback=False
[role] 新感外邪 -> non-core | ok=True attempts=1 fallback=False
[role] 感而即发 -> core | ok=True attempts=1 fallback=False
[role] 急性外感病 -> core | ok=True attempts=1 fallback=False
[role] 情志骤变 -> core | ok=True attempts=1 fallback=False
[role] 疫病邪气致病 -> core | ok=True attempts=1 fallback=False
[role] 暴怒 -> core | ok=True attempts=1 fallback=False
[role] 大悲 -> non-core | ok=True attempts=1 fallback=False
[role] 外感六淫病邪 -> core | ok=True attempts=1 fallback=False
[role] 误食有毒物 -> non-core | ok=True attempts=1 fallback=False
[role] 气血逆乱 -> core | ok=True attempts=1 fallback=False
[role] 吸入秽毒 -> non-core | ok=True attempts=1 fallback=False
[role] 伏邪 -> core | ok=True attempts=1 fallback=False
[role] 金刃 -> non-core | ok=True attempts=1 fallback=False
[role] 急性外伤 -> core | ok=True attempts=1 fallback=False
[role] 虫蛇咬伤 -> non-core | ok=True attempts=1 fallback=False
[role] 感邪轻浅 -> non-core | ok=True attempts=1 fallback=False
[role] 饮食所伤 -> core | ok=True attempts=1 fallback=False
[role] 诱因 -> core | ok=True attempts=1 fallback=False
[role] 跌打 -> non-core | ok=True attempts=1 fallback=False
[role] 气候变化 -> core | ok=True attempts=1 fallback=False
[role] 伏气温病 -> core | ok=True attempts=1 fallback=False
[role] 风痰阻络 -> non-core | ok=True attempts=1 fallback=False
[role] 内伤病变 -> core | ok=True attempts=1 fallback=False
[role] 里热病变 -> core | ok=True attempts=1 fallback=False
[role] 痰饮内伏 -> non-core | ok=True attempts=1 fallback=False
[role] 情志波动 -> core | ok=True attempts=1 fallback=False
[role] 偏瘫 -> non-core | ok=True attempts=1 fallback=False
[role] 徐发 -> core | ok=True attempts=1 fallback=False
[role] 狂犬病 -> core | ok=True attempts=1 fallback=False
[role] 艾滋病 -> core | ok=True attempts=1 fallback=False
[role] 思虑过度 -> non-core | ok=True attempts=1 fallback=False
[role] 忧愁不释 -> non-core | ok=True attempts=1 fallback=False
[role] 嗜食膏粱厚味 -> non-core | ok=True attempts=1 fallback=False
[role] 房事不节 -> non-core | ok=True attempts=1 fallback=False
[role] 正气虚 -> core | ok=True attempts=1 fallback=False
[role] 年高体弱者 -> non-core | ok=True attempts=1 fallback=False
[role] 外感病 -> core | ok=True attempts=1 fallback=False
[role] 嗜酒成癖 -> non-core | ok=True attempts=1 fallback=False
[role] 邪气性质 -> non-core | ok=True attempts=1 fallback=False
[role] 渐进性病理变化 -> core | ok=True attempts=1 fallback=False
[role] 原发病 -> non-core | ok=True attempts=1 fallback=False
[role] 癥积 -> non-core | ok=True attempts=1 fallback=False
[role] 鼓胀 -> non-core | ok=True attempts=1 fallback=False
[role] 继发 -> core | ok=True attempts=1 fallback=False
[role] 体质强弱 -> non-core | ok=True attempts=1 fallback=False
[role] 癥瘕 -> core | ok=True attempts=1 fallback=False
[role] 痞块 -> non-core | ok=True attempts=1 fallback=False
[role] 积块 -> non-core | ok=True attempts=1 fallback=False
[role] 疟母 -> non-core | ok=True attempts=1 fallback=False
[role] 单腹胀 -> non-core | ok=True attempts=1 fallback=False
[role] 胀病 -> core | ok=True attempts=1 fallback=False
[role] 虫积 -> non-core | ok=True attempts=1 fallback=False
[role] 疾病的复发 -> core | ok=True attempts=1 fallback=False
[role] 脾大 -> non-core | ok=True attempts=1 fallback=False
[role] 劳复 -> core | ok=True attempts=1 fallback=False
[role] 药复 -> non-core | ok=True attempts=1 fallback=False
[role] 重感致复 -> non-core | ok=True attempts=1 fallback=False
[role] 邪气伤人 -> core | ok=True attempts=1 fallback=False
[role] 自复 -> core | ok=True attempts=1 fallback=False
[role] 诱发因素 -> core | ok=True attempts=1 fallback=False
[role] 实性病机 -> core | ok=True attempts=1 fallback=False
[role] 虚性病机 -> core | ok=True attempts=1 fallback=False
[role] 大实有羸状 -> non-core | ok=True attempts=1 fallback=False
[role] 虚实真假 -> non-core | ok=True attempts=1 fallback=False
[role] 虚实夹杂 -> core | ok=True attempts=1 fallback=False
[role] 至虚有盛候 -> non-core | ok=True attempts=1 fallback=False
[role] 精气血津液亏损 -> core | ok=True attempts=1 fallback=False
[role] 邪正双方 -> core | ok=True attempts=1 fallback=False
[role] 脏腑功能衰退 -> core | ok=True attempts=1 fallback=False
[role] 邪胜正衰 -> core | ok=True attempts=1 fallback=False
[role] 正胜邪退 -> core | ok=True attempts=1 fallback=False
[role] 邪去正虚 -> non-core | ok=True attempts=1 fallback=False
[role] 疾病转归 -> core | ok=True attempts=1 fallback=False
[role] 风寒感冒 -> core | ok=True attempts=1 fallback=False
[role] 解表宣肺 -> non-core | ok=True attempts=1 fallback=False
[role] 正虚邪恋 -> core | ok=True attempts=1 fallback=False
[role] 热病 -> non-core | ok=True attempts=1 fallback=False
[role] 邪正斗争 -> core | ok=True attempts=1 fallback=False
[role] 外邪犯肺 -> non-core | ok=True attempts=1 fallback=False
[role] 邪热伤阴 -> non-core | ok=True attempts=1 fallback=False
[role] 疾病基本矛盾 -> core | ok=True attempts=1 fallback=False
[role] 病邪出入 -> core | ok=True attempts=1 fallback=False
[role] 转归预后 -> core | ok=True attempts=1 fallback=False
[role] 阴偏盛 -> non-core | ok=True attempts=1 fallback=False
[role] 久咳不愈 -> non-core | ok=True attempts=1 fallback=False
[role] 最基本的病理变化 -> core | ok=True attempts=1 fallback=False
[role] 阳偏盛 -> core | ok=True attempts=1 fallback=False
[role] 实热证 -> core | ok=True attempts=1 fallback=False
[role] 邪气盛则实 -> core | ok=True attempts=1 fallback=False
[role] 实寒证 -> core | ok=True attempts=1 fallback=False
[role] 阴偏衰 -> core | ok=True attempts=1 fallback=False
[role] 脉数 -> non-core | ok=True attempts=1 fallback=False
[role] 形寒肢冷 -> non-core | ok=True attempts=1 fallback=False
[role] 阴不制阳 -> non-core | ok=True attempts=1 fallback=False
[role] 阳不制阴 -> non-core | ok=True attempts=1 fallback=False
[role] 阳偏衰 -> core | ok=True attempts=1 fallback=False
[role] 虚寒状态 -> core | ok=True attempts=1 fallback=False
[role] 阴虚则阳亢 -> core | ok=True attempts=1 fallback=False
[role] 阳虚则阴盛 -> core | ok=True attempts=1 fallback=False
[role] 畏寒 -> non-core | ok=True attempts=1 fallback=False
[role] 虚热状态 -> core | ok=True attempts=1 fallback=False
[role] 低热 -> non-core | ok=True attempts=1 fallback=False
[role] 精神不振 -> non-core | ok=True attempts=1 fallback=False
[role] 四肢不温 -> non-core | ok=True attempts=1 fallback=False
[role] 肾阴不足 -> core | ok=True attempts=1 fallback=False
[role] 五心烦热 -> non-core | ok=True attempts=1 fallback=False
[role] 阴阳互根互用 -> core | ok=True attempts=1 fallback=False
[role] 真阴 -> core | ok=True attempts=1 fallback=False
[role] 肝阳上亢 -> core | ok=True attempts=1 fallback=False
[role] 口燥咽干 -> non-core | ok=True attempts=1 fallback=False
[role] 元阳 -> core | ok=True attempts=1 fallback=False
[role] 阴盛格阳 -> core | ok=True attempts=1 fallback=False
[role] 阴阳格拒 -> core | ok=True attempts=1 fallback=False
[role] 真寒假热 -> core | ok=True attempts=1 fallback=False
[role] 阳盛格阴 -> core | ok=True attempts=1 fallback=False
[role] 戴阳 -> core | ok=True attempts=1 fallback=False
[role] 真热假寒 -> core | ok=True attempts=1 fallback=False
[role] 内真寒、外假热 -> core | ok=True attempts=1 fallback=False
[role] 内真热、外假寒 -> core | ok=True attempts=1 fallback=False
[role] 身热 -> non-core | ok=True attempts=1 fallback=False
[role] 烦渴饮冷 -> non-core | ok=True attempts=1 fallback=False
[role] 下利清谷 -> non-core | ok=True attempts=1 fallback=False
[role] 胸腹灼热 -> non-core | ok=True attempts=1 fallback=False
[role] 面红 -> non-core | ok=True attempts=1 fallback=False
[role] 阳气大量消耗 -> non-core | ok=True attempts=1 fallback=False
[role] 亡阳 -> core | ok=True attempts=1 fallback=False
[role] 亡阴 -> core | ok=True attempts=1 fallback=False
[role] 阴阳亡失 -> core | ok=True attempts=1 fallback=False
[role] 下元真阳 -> core | ok=True attempts=1 fallback=False
[role] 精气乃绝 -> non-core | ok=True attempts=1 fallback=False
[role] 阴阳离决 -> core | ok=True attempts=1 fallback=False
[role] 阴阳相互制约 -> core | ok=True attempts=1 fallback=False
[role] 阴液耗竭 -> core | ok=True attempts=1 fallback=False
[role] 消长 -> core | ok=True attempts=1 fallback=False
[role] 转化 -> core | ok=True attempts=1 fallback=False
[role] 互损 -> non-core | ok=True attempts=1 fallback=False
[role] 寒热虚实 -> core | ok=True attempts=1 fallback=False
[role] 偏衰 -> core | ok=True attempts=1 fallback=False
[role] 格拒 -> non-core | ok=True attempts=1 fallback=False
[role] 偏盛 -> non-core | ok=True attempts=1 fallback=False
[role] 气的失常 -> core | ok=True attempts=1 fallback=False
[role] 虚极危候 -> non-core | ok=True attempts=1 fallback=False
[role] 血液运行失常 -> core | ok=True attempts=1 fallback=False
[role] 化源不足 -> non-core | ok=True attempts=1 fallback=False
[role] 失血过多 -> non-core | ok=True attempts=1 fallback=False
[role] 血行迫疾 -> non-core | ok=True attempts=1 fallback=False
[role] 久病耗伤营血 -> non-core | ok=True attempts=1 fallback=False
[role] 肾精亏损 -> core | ok=True attempts=1 fallback=False
[role] 头晕健忘 -> non-core | ok=True attempts=1 fallback=False
[role] 寒凝 -> non-core | ok=True attempts=1 fallback=False
[role] 热灼 -> non-core | ok=True attempts=1 fallback=False
[role] 心悸失眠 -> non-core | ok=True attempts=1 fallback=False
[role] 久病入络 -> core | ok=True attempts=1 fallback=False
[role] 升降出入运动 -> non-core | ok=True attempts=1 fallback=False
[role] 脾胃虚弱 -> core | ok=True attempts=1 fallback=False
[role] 阳热邪气 -> core | ok=True attempts=1 fallback=False
[role] 热迫血行 -> non-core | ok=True attempts=1 fallback=False
[role] 情志化火 -> non-core | ok=True attempts=1 fallback=False
[role] 阳气亢盛 -> non-core | ok=True attempts=1 fallback=False
[role] 瘀血阻络 -> non-core | ok=True attempts=1 fallback=False
[role] 阳气冲逆 -> non-core | ok=True attempts=1 fallback=False
[role] 气虚不摄 -> non-core | ok=True attempts=1 fallback=False
[role] 津液生成 -> core | ok=True attempts=1 fallback=False
[role] 津液排泄 -> core | ok=True attempts=1 fallback=False
[role] 水湿 -> core | ok=True attempts=1 fallback=False
[role] 辛燥 -> non-core | ok=True attempts=1 fallback=False
[role] 形瘦肉脱 -> non-core | ok=True attempts=1 fallback=False
[role] 久病耗阴 -> non-core | ok=True attempts=1 fallback=False
[role] 舌光红无苔 -> non-core | ok=True attempts=1 fallback=False
[role] 津液蓄积 -> core | ok=True attempts=1 fallback=False
[role] 热病后期 -> non-core | ok=True attempts=1 fallback=False
[role] 化火 -> core | ok=True attempts=1 fallback=False
[role] 失血 -> non-core | ok=True attempts=1 fallback=False
[role] 肾阳气化 -> core | ok=True attempts=1 fallback=False
[role] 摄津 -> non-core | ok=True attempts=1 fallback=False
[role] 水湿痰饮 -> core | ok=True attempts=1 fallback=False
[role] 养气 -> non-core | ok=True attempts=1 fallback=False
[role] 行血 -> non-core | ok=True attempts=1 fallback=False
[role] 血与津液同源互化 -> non-core | ok=True attempts=1 fallback=False
[role] 气血运行 -> core | ok=True attempts=1 fallback=False
[role] 摄血 -> core | ok=True attempts=1 fallback=False
[role] 津液外泄 -> non-core | ok=True attempts=1 fallback=False
[role] 行津 -> non-core | ok=True attempts=1 fallback=False
[role] 津液停滞 -> core | ok=True attempts=1 fallback=False
[role] 气血两虚 -> core | ok=True attempts=1 fallback=False
[role] 津停气阻 -> core | ok=True attempts=1 fallback=False
[role] 血燥 -> non-core | ok=True attempts=1 fallback=False
[role] 津液代谢障碍 -> core | ok=True attempts=1 fallback=False
[role] 气虚血瘀 -> core | ok=True attempts=1 fallback=False
[role] 气血并脱 -> non-core | ok=True attempts=1 fallback=False
[role] 气行阻滞 -> core | ok=True attempts=1 fallback=False
[role] 水液停蓄 -> core | ok=True attempts=1 fallback=False
[role] 血行瘀滞 -> core | ok=True attempts=1 fallback=False
[role] 痰饮阻肺 -> non-core | ok=True attempts=1 fallback=False
[role] 肺气壅滞 -> non-core | ok=True attempts=1 fallback=False
[role] 胸满咳嗽 -> non-core | ok=True attempts=1 fallback=False
[role] 水湿停中焦 -> non-core | ok=True attempts=1 fallback=False
[role] 痰多喘促 -> non-core | ok=True attempts=1 fallback=False
[role] 水饮泛溢四肢 -> non-core | ok=True attempts=1 fallback=False
[role] 嗳气食少 -> non-core | ok=True attempts=1 fallback=False
[role] 肢体沉重胀痛 -> non-core | ok=True attempts=1 fallback=False
[role] 津液大量丢失 -> non-core | ok=True attempts=1 fallback=False
[role] 气无所附 -> non-core | ok=True attempts=1 fallback=False
[role] 脾胃气机 -> core | ok=True attempts=1 fallback=False
[role] 高热 -> non-core | ok=True attempts=1 fallback=False
[role] 津气两虚 -> non-core | ok=True attempts=1 fallback=False
[role] 津伤症 -> non-core | ok=True attempts=1 fallback=False
[role] 口渴尿少 -> non-core | ok=True attempts=1 fallback=False
[role] 暑热大汗 -> non-core | ok=True attempts=1 fallback=False
[role] 津气两脱 -> non-core | ok=True attempts=1 fallback=False
[role] 气虚表现 -> non-core | ok=True attempts=1 fallback=False
[role] 疲乏少气 -> non-core | ok=True attempts=1 fallback=False
[role] 津亏血瘀 -> core | ok=True attempts=1 fallback=False
[role] 津血两伤 -> core | ok=True attempts=1 fallback=False
[role] 血瘀水停 -> core | ok=True attempts=1 fallback=False
[role] 皮肤紫斑 -> non-core | ok=True attempts=1 fallback=False
[role] 面唇紫暗 -> non-core | ok=True attempts=1 fallback=False
[role] 津枯血燥 -> non-core | ok=True attempts=1 fallback=False
[role] 气机不行 -> non-core | ok=True attempts=1 fallback=False
[role] 血虚生风 -> non-core | ok=True attempts=1 fallback=False
[role] 肝阳化风 -> core | ok=True attempts=1 fallback=False
[role] 阴虚动风 -> core | ok=True attempts=1 fallback=False
[role] 风气内动 -> core | ok=True attempts=1 fallback=False
[role] 邪热炽盛 -> non-core | ok=True attempts=1 fallback=False
[role] 筋脉失养 -> core | ok=True attempts=1 fallback=False
[role] 肝阳亢盛 -> core | ok=True attempts=1 fallback=False
[role] 肝肾阴虚 -> core | ok=True attempts=1 fallback=False
[role] 震颤 -> core | ok=True attempts=1 fallback=False
[role] 半身不遂 -> non-core | ok=True attempts=1 fallback=False
[role] 麻木 -> core | ok=True attempts=1 fallback=False
[role] 猝倒 -> non-core | ok=True attempts=1 fallback=False
[role] 阴液枯竭 -> core | ok=True attempts=1 fallback=False
[role] 四肢抽搐 -> non-core | ok=True attempts=1 fallback=False
[role] 手足蠕动 -> non-core | ok=True attempts=1 fallback=False
[role] 温煦气化功能 -> non-core | ok=True attempts=1 fallback=False
[role] 筋肉跳动 -> non-core | ok=True attempts=1 fallback=False
[role] 虚寒内生 -> core | ok=True attempts=1 fallback=False
[role] 人体阳气之根本 -> core | ok=True attempts=1 fallback=False
[role] 寒从中生 -> core | ok=True attempts=1 fallback=False
[role] 脾肾阳气虚衰 -> non-core | ok=True attempts=1 fallback=False
[role] 皮肤瘙痒 -> non-core | ok=True attempts=1 fallback=False
[role] 阳气虚衰 -> core | ok=True attempts=1 fallback=False
[role] 外感寒邪 -> non-core | ok=True attempts=1 fallback=False
[role] 水湿痰饮内生蓄积 -> core | ok=True attempts=1 fallback=False
[role] 内寒 -> core | ok=True attempts=1 fallback=False
[role] 诸寒收引，皆属于肾 -> non-core | ok=True attempts=1 fallback=False
[role] 湿浊内生 -> core | ok=True attempts=1 fallback=False
[role] 津液输布与排泄障碍 -> core | ok=True attempts=1 fallback=False
[role] 脾主运化水液 -> core | ok=True attempts=1 fallback=False
[role] 津液不布 -> non-core | ok=True attempts=1 fallback=False
[role] 湿困日久 -> non-core | ok=True attempts=1 fallback=False
[role] 肾阳温煦脾运 -> non-core | ok=True attempts=1 fallback=False
[role] 湿性重浊黏滞 -> core | ok=True attempts=1 fallback=False
[role] 宣降失常 -> core | ok=True attempts=1 fallback=False
[role] 湿阻于肺 -> non-core | ok=True attempts=1 fallback=False
[role] 肌表筋骨 -> non-core | ok=True attempts=1 fallback=False
[role] 脾虚湿困 -> core | ok=True attempts=1 fallback=False
[role] 湿阻中焦 -> core | ok=True attempts=1 fallback=False
[role] 脾肾阳气 -> core | ok=True attempts=1 fallback=False
[role] 内湿 -> core | ok=True attempts=1 fallback=False
[role] 脏腑失调 -> core | ok=True attempts=1 fallback=False
[role] 邪不太盛 -> non-core | ok=True attempts=1 fallback=False
[role] 阳虚湿盛 -> core | ok=True attempts=1 fallback=False
[role] 虚实病理状态 -> core | ok=True attempts=1 fallback=False
[role] 正气未衰 -> non-core | ok=True attempts=1 fallback=False
[role] 真实假虚 -> core | ok=True attempts=1 fallback=False
[role] 虚中夹实 -> core | ok=True attempts=1 fallback=False
[role] 邪气亢盛 -> core | ok=True attempts=1 fallback=False
[role] 实中夹虚 -> core | ok=True attempts=1 fallback=False
[role] 邪正盛衰 -> core | ok=True attempts=1 fallback=False
[role] 因虚致实 -> core | ok=True attempts=1 fallback=False
[role] 由实转虚 -> core | ok=True attempts=1 fallback=False
[role] 真虚假实 -> non-core | ok=True attempts=1 fallback=False
[role] 邪正双方消长盛衰 -> core | ok=True attempts=1 fallback=False
[role] 外感热病 -> core | ok=True attempts=1 fallback=False
[role] 阳气虚损 -> core | ok=True attempts=1 fallback=False
[role] 精气夺则虚 -> core | ok=True attempts=1 fallback=False
[role] 慢性咳喘 -> core | ok=True attempts=1 fallback=False
[role] 阳气生化不足 -> non-core | ok=True attempts=1 fallback=False
[role] 阴阳互根互用关系失常 -> core | ok=True attempts=1 fallback=False
[role] 寒湿困脾 -> core | ok=True attempts=1 fallback=False
[role] 阳虚症状 -> core | ok=True attempts=1 fallback=False
[role] 阴液亏损 -> core | ok=True attempts=1 fallback=False
[role] 阴虚为本 -> core | ok=True attempts=1 fallback=False
[role] 脾肾两虚水肿 -> non-core | ok=True attempts=1 fallback=False
[role] 肝肾阳气 -> core | ok=True attempts=1 fallback=False
[role] 阴液亏耗 -> non-core | ok=True attempts=1 fallback=False
[role] 阳不摄阴 -> non-core | ok=True attempts=1 fallback=False
[role] 寒痹筋骨 -> non-core | ok=True attempts=1 fallback=False
[role] 阳虚为本 -> core | ok=True attempts=1 fallback=False
[role] 阳气亏损 -> core | ok=True attempts=1 fallback=False
[role] 阴液生成减少 -> non-core | ok=True attempts=1 fallback=False
[role] 久病耗竭 -> non-core | ok=True attempts=1 fallback=False
[role] 热邪煎灼 -> non-core | ok=True attempts=1 fallback=False
[role] 渴喜热饮 -> non-core | ok=True attempts=1 fallback=False
[role] 热深厥亦深 -> core | ok=True attempts=1 fallback=False
[role] 吐泻失血 -> non-core | ok=True attempts=1 fallback=False
[role] 邪盛正衰 -> core | ok=True attempts=1 fallback=False
[role] 阴虚症状 -> core | ok=True attempts=1 fallback=False
[role] 汗吐下法过度 -> non-core | ok=True attempts=1 fallback=False
[role] 血的失常 -> core | ok=True attempts=1 fallback=False
[role] 肾脏阴阳失调 -> core | ok=True attempts=1 fallback=False
[role] 全身阴阳根本 -> core | ok=True attempts=1 fallback=False
[role] 运行失常 -> core | ok=True attempts=1 fallback=False
[role] 津液失常 -> core | ok=True attempts=1 fallback=False
[role] 阳虚过劳 -> non-core | ok=True attempts=1 fallback=False
[role] 气血津液关系失调 -> core | ok=True attempts=1 fallback=False
[role] 内生五邪 -> core | ok=True attempts=1 fallback=False
[role] 津伤化燥 -> core | ok=True attempts=1 fallback=False
[role] 输布排泄障碍 -> core | ok=True attempts=1 fallback=False
[role] 两目 -> core | ok=True attempts=1 fallback=False
[role] 望神 -> core | ok=True attempts=1 fallback=False
[role] 火热内生 -> core | ok=True attempts=1 fallback=False
[role] 基本病机 -> core | ok=True attempts=1 fallback=False
[role] 五脏六腑精气 -> core | ok=True attempts=1 fallback=False
[role] 神情 -> core | ok=True attempts=1 fallback=False
[role] 得神 -> core | ok=True attempts=1 fallback=False
[role] 气色 -> core | ok=True attempts=1 fallback=False
[role] 体态 -> core | ok=True attempts=1 fallback=False
[role] 失神 -> core | ok=True attempts=1 fallback=False
[role] 望目 -> core | ok=True attempts=1 fallback=False
[role] 精亏神衰 -> non-core | ok=True attempts=1 fallback=False
[role] 神乱 -> core | ok=True attempts=1 fallback=False
[role] 少神 -> core | ok=True attempts=1 fallback=False
[role] 癫 -> non-core | ok=True attempts=1 fallback=False
[role] 邪盛神乱 -> non-core | ok=True attempts=1 fallback=False
[role] 肝风夹痰 -> non-core | ok=True attempts=1 fallback=False
[role] 狂 -> core | ok=True attempts=1 fallback=False
[role] 假神 -> core | ok=True attempts=1 fallback=False
[role] 痫 -> non-core | ok=True attempts=1 fallback=False
[role] 皮肤薄嫩 -> non-core | ok=True attempts=1 fallback=False
[role] 虚阳外越 -> core | ok=True attempts=1 fallback=False
[role] 面部血脉丰富 -> non-core | ok=True attempts=1 fallback=False
[role] 痰气郁结 -> non-core | ok=True attempts=1 fallback=False
[role] 色 -> core | ok=True attempts=1 fallback=False
[role] 面部色泽 -> core | ok=True attempts=1 fallback=False
[role] 面色晦暗枯槁 -> non-core | ok=True attempts=1 fallback=False
[role] 脏腑气血 -> core | ok=True attempts=1 fallback=False
[role] 泽 -> core | ok=True attempts=1 fallback=False
[role] 常色 -> core | ok=True attempts=1 fallback=False
[role] 面色荣润光泽 -> non-core | ok=True attempts=1 fallback=False
[role] 主色 -> core | ok=True attempts=1 fallback=False
[role] 客色 -> non-core | ok=True attempts=1 fallback=False
[role] 脏腑精气 -> core | ok=True attempts=1 fallback=False
[role] 明润 -> non-core | ok=True attempts=1 fallback=False
[role] 恶色 -> core | ok=True attempts=1 fallback=False
[role] 红黄隐隐 -> non-core | ok=True attempts=1 fallback=False
[role] 善色 -> non-core | ok=True attempts=1 fallback=False
[role] 含蓄 -> non-core | ok=True attempts=1 fallback=False
[role] 气血津液充足 -> non-core | ok=True attempts=1 fallback=False
[role] 浮光暴露 -> non-core | ok=True attempts=1 fallback=False
[role] 胃气充足 -> non-core | ok=True attempts=1 fallback=False
[role] 邪气内阻 -> non-core | ok=True attempts=1 fallback=False
[role] 脏腑和调 -> core | ok=True attempts=1 fallback=False
[role] 精血充盈 -> non-core | ok=True attempts=1 fallback=False
[role] 精气内藏 -> non-core | ok=True attempts=1 fallback=False
[role] 脏腑功能失常 -> core | ok=True attempts=1 fallback=False
[role] 脏腑功能正常 -> non-core | ok=True attempts=1 fallback=False
[role] 晦暗枯槁 -> non-core | ok=True attempts=1 fallback=False
[role] 气血阴阳失调 -> core | ok=True attempts=1 fallback=False
[role] 脏腑精气未衰 -> non-core | ok=True attempts=1 fallback=False
[role] 胃气尚存 -> non-core | ok=True attempts=1 fallback=False
[role] 重病 -> non-core | ok=True attempts=1 fallback=False
[role] 精气已衰 -> non-core | ok=True attempts=1 fallback=False
[role] 轻病 -> non-core | ok=True attempts=1 fallback=False
[role] 胃气不能上荣 -> non-core | ok=True attempts=1 fallback=False
[role] 新病 -> non-core | ok=True attempts=1 fallback=False
[role] 久病 -> non-core | ok=True attempts=1 fallback=False
[role] 左颊属肝 -> non-core | ok=True attempts=1 fallback=False
[role] 藏象理论 -> core | ok=True attempts=1 fallback=False
[role] 分部色诊 -> non-core | ok=True attempts=1 fallback=False
[role] 春青 -> non-core | ok=True attempts=1 fallback=False
[role] 夏赤 -> non-core | ok=True attempts=1 fallback=False
[role] 《素问·刺热》 -> core | ok=True attempts=1 fallback=False
[role] 《灵枢·五色》 -> core | ok=True attempts=1 fallback=False
[role] 右颊属肺 -> non-core | ok=True attempts=1 fallback=False
[role] 面部望诊 -> core | ok=True attempts=1 fallback=False
[role] 额属心 -> non-core | ok=True attempts=1 fallback=False
[role] 颏属肾 -> non-core | ok=True attempts=1 fallback=False
[role] 黄 -> non-core | ok=True attempts=1 fallback=False
[role] 赤 -> non-core | ok=True attempts=1 fallback=False
[role] 鼻属脾 -> non-core | ok=True attempts=1 fallback=False
[role] 白 -> non-core | ok=True attempts=1 fallback=False
[role] 青 -> core | ok=True attempts=1 fallback=False
[role] 痛证 -> core | ok=True attempts=1 fallback=False
[role] 黑 -> core | ok=True attempts=1 fallback=False
[role] 湿证 -> core | ok=True attempts=1 fallback=False
[role] 惊风 -> core | ok=True attempts=1 fallback=False
[role] 水饮 -> non-core | ok=True attempts=1 fallback=False
[role] 脱血 -> non-core | ok=True attempts=1 fallback=False
[role] 戴阳证 -> core | ok=True attempts=1 fallback=False
[role] 肾虚 -> core | ok=True attempts=1 fallback=False
[role] 夺气 -> non-core | ok=True attempts=1 fallback=False
[role] 脉络瘀阻 -> core | ok=True attempts=1 fallback=False
[role] 瘀血内阻 -> core | ok=True attempts=1 fallback=False
[role] 午后两颧潮红 -> non-core | ok=True attempts=1 fallback=False
[role] 满面通红 -> non-core | ok=True attempts=1 fallback=False
[role] 面色萎黄 -> non-core | ok=True attempts=1 fallback=False
[role] 寒凝气滞 -> core | ok=True attempts=1 fallback=False
[role] 颧红如妆 -> non-core | ok=True attempts=1 fallback=False
[role] 黄胖 -> non-core | ok=True attempts=1 fallback=False
[role] 虚阳浮越 -> core | ok=True attempts=1 fallback=False
[role] 脾胃气虚 -> core | ok=True attempts=1 fallback=False
[role] 阴黄 -> core | ok=True attempts=1 fallback=False
[role] 阳黄 -> core | ok=True attempts=1 fallback=False
[role] 黑而干焦 -> non-core | ok=True attempts=1 fallback=False
[role] 阴寒内盛 -> non-core | ok=True attempts=1 fallback=False
[role] 面黑暗淡 -> non-core | ok=True attempts=1 fallback=False
[role] 面色淡白无华 -> non-core | ok=True attempts=1 fallback=False
[role] 苍白 -> non-core | ok=True attempts=1 fallback=False
[role] 湿热熏蒸 -> core | ok=True attempts=1 fallback=False
[role] 寒湿郁阻 -> core | ok=True attempts=1 fallback=False
[role] 肾阴虚 -> core | ok=True attempts=1 fallback=False
[role] 眼眶发黑 -> non-core | ok=True attempts=1 fallback=False
[role] 望形体 -> core | ok=True attempts=1 fallback=False
[role] 体强 -> core | ok=True attempts=1 fallback=False
[role] 体弱 -> non-core | ok=True attempts=1 fallback=False
[role] 脾虚水泛 -> non-core | ok=True attempts=1 fallback=False
[role] 阳气暴脱 -> non-core | ok=True attempts=1 fallback=False
[role] 形盛有余 -> non-core | ok=True attempts=1 fallback=False
[role] 形盛气虚 -> core | ok=True attempts=1 fallback=False
[role] 阴血不足 -> non-core | ok=True attempts=1 fallback=False
[role] 虚火 -> core | ok=True attempts=1 fallback=False
[role] 肺痨 -> non-core | ok=True attempts=1 fallback=False
[role] 鸡胸 -> non-core | ok=True attempts=1 fallback=False
[role] 先天禀赋不足 -> non-core | ok=True attempts=1 fallback=False
[role] 龟背 -> non-core | ok=True attempts=1 fallback=False
[role] 无神危候 -> non-core | ok=True attempts=1 fallback=False
[role] 后天失养 -> non-core | ok=True attempts=1 fallback=False
[role] 睑面唇指颤动 -> non-core | ok=True attempts=1 fallback=False
[role] 肥人多痰 -> core | ok=True attempts=1 fallback=False
[role] 异常姿态 -> core | ok=True attempts=1 fallback=False
[role] 热盛动风 -> non-core | ok=True attempts=1 fallback=False
[role] 痉病 -> core | ok=True attempts=1 fallback=False
[role] 血虚阴亏 -> core | ok=True attempts=1 fallback=False
[role] 坐而喜伏 -> non-core | ok=True attempts=1 fallback=False
[role] 肝风内动 -> core | ok=True attempts=1 fallback=False
[role] 肺实气逆 -> non-core | ok=True attempts=1 fallback=False
[role] 望姿态诊病方法 -> core | ok=True attempts=1 fallback=False
[role] 经脉失养 -> non-core | ok=True attempts=1 fallback=False
[role] 但坐不得卧 -> non-core | ok=True attempts=1 fallback=False
[role] 肺虚少气 -> non-core | ok=True attempts=1 fallback=False
[role] 咳喘肺胀 -> non-core | ok=True attempts=1 fallback=False
[role] 坐卧不安 -> non-core | ok=True attempts=1 fallback=False
[role] 水饮停聚 -> core | ok=True attempts=1 fallback=False
[role] 喜仰 -> non-core | ok=True attempts=1 fallback=False
[role] 脏腑衰惫姿态 -> non-core | ok=True attempts=1 fallback=False
[role] 精气神明衰惫 -> non-core | ok=True attempts=1 fallback=False
[role] 手护抚痛处 -> non-core | ok=True attempts=1 fallback=False
[role] 头部低垂 -> non-core | ok=True attempts=1 fallback=False
[role] 心肺宗气衰惫 -> non-core | ok=True attempts=1 fallback=False
[role] 肾衰惫 -> non-core | ok=True attempts=1 fallback=False
[role] 两目深陷 -> non-core | ok=True attempts=1 fallback=False
[role] 两肩下垂 -> non-core | ok=True attempts=1 fallback=False
[role] 筋衰惫 -> non-core | ok=True attempts=1 fallback=False
[role] 膝屈伸不利 -> non-core | ok=True attempts=1 fallback=False
[role] 腰酸软活动不利 -> non-core | ok=True attempts=1 fallback=False
[role] 后背弯曲 -> non-core | ok=True attempts=1 fallback=False
[role] 行则振摇 -> non-core | ok=True attempts=1 fallback=False
[role] 行则扶物 -> non-core | ok=True attempts=1 fallback=False
[role] 不能久立 -> non-core | ok=True attempts=1 fallback=False
[role] 骨衰惫 -> non-core | ok=True attempts=1 fallback=False
[role] 头围 -> core | ok=True attempts=1 fallback=False
[role] 囟门 -> core | ok=True attempts=1 fallback=False
[role] 佝偻病 -> non-core | ok=True attempts=1 fallback=False
[role] 后囟 -> non-core | ok=True attempts=1 fallback=False
[role] 头形异常 -> core | ok=True attempts=1 fallback=False
[role] 方颅畸形 -> non-core | ok=True attempts=1 fallback=False
[role] 囟填 -> non-core | ok=True attempts=1 fallback=False
[role] 囟陷 -> non-core | ok=True attempts=1 fallback=False
[role] 前囟 -> non-core | ok=True attempts=1 fallback=False
[role] 解颅 -> non-core | ok=True attempts=1 fallback=False
[role] 五迟 -> non-core | ok=True attempts=1 fallback=False
[role] 五软 -> non-core | ok=True attempts=1 fallback=False
[role] 气血虚衰 -> non-core | ok=True attempts=1 fallback=False
[role] 头发 -> non-core | ok=True attempts=1 fallback=False
[role] 阳水 -> non-core | ok=True attempts=1 fallback=False
[role] 头摇 -> non-core | ok=True attempts=1 fallback=False
[role] 面肿 -> non-core | ok=True attempts=1 fallback=False
[role] 脱发 -> non-core | ok=True attempts=1 fallback=False
[role] 斑秃 -> non-core | ok=True attempts=1 fallback=False
[role] 血热 -> non-core | ok=True attempts=1 fallback=False
[role] 阴水 -> non-core | ok=True attempts=1 fallback=False
[role] 抱头火丹 -> non-core | ok=True attempts=1 fallback=False
[role] 腮肿 -> non-core | ok=True attempts=1 fallback=False
[role] 口眼㖞斜 -> non-core | ok=True attempts=1 fallback=False
[role] 发颐 -> non-core | ok=True attempts=1 fallback=False
[role] 风邪中络 -> non-core | ok=True attempts=1 fallback=False
[role] 中风病 -> core | ok=True attempts=1 fallback=False
[role] 面脱 -> non-core | ok=True attempts=1 fallback=False
[role] 惊恐貌 -> non-core | ok=True attempts=1 fallback=False
[role] 面削颧耸 -> non-core | ok=True attempts=1 fallback=False
[role] 苦笑貌 -> non-core | ok=True attempts=1 fallback=False
[role] 颈脉搏动异常 -> non-core | ok=True attempts=1 fallback=False
[role] 目赤肿 -> non-core | ok=True attempts=1 fallback=False
[role] 瘰疬 -> non-core | ok=True attempts=1 fallback=False
[role] 项软 -> non-core | ok=True attempts=1 fallback=False
[role] 瞳仁散大 -> non-core | ok=True attempts=1 fallback=False
[role] 项强 -> non-core | ok=True attempts=1 fallback=False
[role] 耳郭红润 -> non-core | ok=True attempts=1 fallback=False
[role] 五轮学说 -> core | ok=True attempts=1 fallback=False
[role] 中医望诊 -> core | ok=True attempts=1 fallback=False
[role] 颈项望诊 -> core | ok=True attempts=1 fallback=False
[role] 燥如枯骨 -> non-core | ok=True attempts=1 fallback=False
[role] 唇色淡白 -> non-core | ok=True attempts=1 fallback=False
[role] 鼻翼扇动 -> non-core | ok=True attempts=1 fallback=False
[role] 龈 -> non-core | ok=True attempts=1 fallback=False
[role] 红肿 -> non-core | ok=True attempts=1 fallback=False
[role] 鼻色赤 -> non-core | ok=True attempts=1 fallback=False
[role] 青黑 -> non-core | ok=True attempts=1 fallback=False
[role] 牙齿干燥 -> non-core | ok=True attempts=1 fallback=False
[role] 干枯焦黑 -> non-core | ok=True attempts=1 fallback=False
[role] 肺胃热盛 -> core | ok=True attempts=1 fallback=False
[role] 风疹 -> non-core | ok=True attempts=1 fallback=False
[role] 鹅口疮 -> non-core | ok=True attempts=1 fallback=False
[role] 伪膜 -> non-core | ok=True attempts=1 fallback=False
[role] 唇风 -> non-core | ok=True attempts=1 fallback=False
[role] 口疮 -> non-core | ok=True attempts=1 fallback=False
[role] 溃烂 -> non-core | ok=True attempts=1 fallback=False
[role] 阳斑 -> non-core | ok=True attempts=1 fallback=False
[role] 热毒壅盛 -> core | ok=True attempts=1 fallback=False
[role] 斑 -> core | ok=True attempts=1 fallback=False
[role] 实火 -> core | ok=True attempts=1 fallback=False
[role] 阴斑 -> non-core | ok=True attempts=1 fallback=False
[role] 瘾疹 -> non-core | ok=True attempts=1 fallback=False
[role] 疹 -> core | ok=True attempts=1 fallback=False
[role] 水疱类 -> non-core | ok=True attempts=1 fallback=False
[role] 痈 -> non-core | ok=True attempts=1 fallback=False
[role] 白㾦 -> non-core | ok=True attempts=1 fallback=False
[role] 水痘 -> non-core | ok=True attempts=1 fallback=False
[role] 气血虚而寒痰凝滞 -> non-core | ok=True attempts=1 fallback=False
[role] 疖 -> non-core | ok=True attempts=1 fallback=False
[role] 内陷筋骨 -> non-core | ok=True attempts=1 fallback=False
[role] 缠腰火丹 -> non-core | ok=True attempts=1 fallback=False
[role] 热盛肉腐 -> non-core | ok=True attempts=1 fallback=False
[role] 疽 -> non-core | ok=True attempts=1 fallback=False
[role] 疔 -> non-core | ok=True attempts=1 fallback=False
[role] 湿热火毒内蕴 -> non-core | ok=True attempts=1 fallback=False
[role] 痱子 -> non-core | ok=True attempts=1 fallback=False
[role] 气血瘀滞 -> non-core | ok=True attempts=1 fallback=False
[role] 五脏风毒积热攻注肌肉 -> non-core | ok=True attempts=1 fallback=False
[role] 阴囊肿大 -> core | ok=True attempts=1 fallback=False
[role] 脏腑蕴积湿热外发 -> non-core | ok=True attempts=1 fallback=False
[role] 肝经湿热下注 -> non-core | ok=True attempts=1 fallback=False
[role] 湿热阻于肌肤 -> non-core | ok=True attempts=1 fallback=False
[role] 传注经络 -> non-core | ok=True attempts=1 fallback=False
[role] 疝气 -> non-core | ok=True attempts=1 fallback=False
[role] 暴气毒邪侵袭皮肤 -> non-core | ok=True attempts=1 fallback=False
[role] 中医外科疮疡辨证体系 -> core | ok=True attempts=1 fallback=False
[role] 阴阳二气不得宣通 -> non-core | ok=True attempts=1 fallback=False
[role] 阴虚血燥 -> non-core | ok=True attempts=1 fallback=False
[role] 阴部湿疹 -> non-core | ok=True attempts=1 fallback=False
[role] 囊痈 -> non-core | ok=True attempts=1 fallback=False
[role] 肝经湿热 -> non-core | ok=True attempts=1 fallback=False
[role] 阴挺 -> non-core | ok=True attempts=1 fallback=False
[role] 痔疮 -> core | ok=True attempts=1 fallback=False
[role] 脾虚中气下陷 -> core | ok=True attempts=1 fallback=False
[role] 正气亏虚 -> core | ok=True attempts=1 fallback=False
[role] 湿疮 -> core | ok=True attempts=1 fallback=False
[role] 肛痈 -> core | ok=True attempts=1 fallback=False
[role] 湿、热、风、燥四气相合 -> non-core | ok=True attempts=1 fallback=False
[role] 气虚下陷 -> non-core | ok=True attempts=1 fallback=False
[role] 外感邪毒 -> non-core | ok=True attempts=1 fallback=False
[role] 舌下 -> non-core | ok=True attempts=1 fallback=False
[role] 舌本 -> non-core | ok=True attempts=1 fallback=False
[role] 脱肛 -> non-core | ok=True attempts=1 fallback=False
[role] 中气不足 -> non-core | ok=True attempts=1 fallback=False
[role] 脏腑外候 -> core | ok=True attempts=1 fallback=False
[role] 经筋 -> core | ok=True attempts=1 fallback=False
[role] 舌苔 -> core | ok=True attempts=1 fallback=False
[role] 足太阳 -> non-core | ok=True attempts=1 fallback=False
[role] 脏腑与舌面的对应分部规律 -> core | ok=True attempts=1 fallback=False
[role] 胃上口 -> non-core | ok=True attempts=1 fallback=False
[role] 足少阳 -> non-core | ok=True attempts=1 fallback=False
[role] 舌边 -> non-core | ok=True attempts=1 fallback=False
[role] 坐位 -> non-core | ok=True attempts=1 fallback=False
[role] 舌尖 -> non-core | ok=True attempts=1 fallback=False
[role] 舌诊 -> core | ok=True attempts=1 fallback=False
[role] 舌中心 -> core | ok=True attempts=1 fallback=False
[role] 肝胆 -> non-core | ok=True attempts=1 fallback=False
[role] 自然光线 -> non-core | ok=True attempts=1 fallback=False
[role] 厚薄 -> non-core | ok=True attempts=1 fallback=False
[role] 仰卧位 -> non-core | ok=True attempts=1 fallback=False
[role] 润燥 -> non-core | ok=True attempts=1 fallback=False
[role] 腐腻 -> non-core | ok=True attempts=1 fallback=False
[role] 色泽 -> non-core | ok=True attempts=1 fallback=False
[role] 形质 -> non-core | ok=True attempts=1 fallback=False
[role] 动态 -> non-core | ok=True attempts=1 fallback=False
[role] 舌体 -> core | ok=True attempts=1 fallback=False
[role] 舌质 -> core | ok=True attempts=1 fallback=False
[role] 剥落 -> non-core | ok=True attempts=1 fallback=False
[role] 舌中 -> non-core | ok=True attempts=1 fallback=False
[role] 牛乳 -> non-core | ok=True attempts=1 fallback=False
[role] 蛋黄 -> non-core | ok=True attempts=1 fallback=False
[role] 豆浆 -> non-core | ok=True attempts=1 fallback=False
[role] 口腔畸形 -> non-core | ok=True attempts=1 fallback=False
[role] 舌侧 -> non-core | ok=True attempts=1 fallback=False
[role] 染苔 -> core | ok=True attempts=1 fallback=False
[role] 黑褐色食品 -> non-core | ok=True attempts=1 fallback=False
[role] 丹砂制剂 -> non-core | ok=True attempts=1 fallback=False
[role] 淡红舌 -> non-core | ok=True attempts=1 fallback=False
[role] 橘子 -> non-core | ok=True attempts=1 fallback=False
[role] 牙齿缺失 -> non-core | ok=True attempts=1 fallback=False
[role] 秋季燥气 -> non-core | ok=True attempts=1 fallback=False
[role] 舌形 -> non-core | ok=True attempts=1 fallback=False
[role] 冬季严寒 -> non-core | ok=True attempts=1 fallback=False
[role] 牙齿畸形 -> core | ok=True attempts=1 fallback=False
[role] 夏季暑湿 -> non-core | ok=True attempts=1 fallback=False
[role] 薄白苔 -> non-core | ok=True attempts=1 fallback=False
[role] 舌色 -> core | ok=True attempts=1 fallback=False
[role] 淡白 -> non-core | ok=True attempts=1 fallback=False
[role] 淡红 -> non-core | ok=True attempts=1 fallback=False
[role] 红绛 -> non-core | ok=True attempts=1 fallback=False
[role] 老嫩 -> core | ok=True attempts=1 fallback=False
[role] 胖瘦 -> core | ok=True attempts=1 fallback=False
[role] 青紫 -> core | ok=True attempts=1 fallback=False
[role] 点刺 -> core | ok=True attempts=1 fallback=False
[role] 齿痕 -> non-core | ok=True attempts=1 fallback=False
[role] 裂纹 -> core | ok=True attempts=1 fallback=False
[role] 颤动 -> non-core | ok=True attempts=1 fallback=False
[role] 痿软 -> non-core | ok=True attempts=1 fallback=False
[role] 舌态 -> core | ok=True attempts=1 fallback=False
[role] 苔质 -> core | ok=True attempts=1 fallback=False
[role] 花剥苔 -> non-core | ok=True attempts=1 fallback=False
[role] 苔色 -> non-core | ok=True attempts=1 fallback=False
[role] 强硬 -> non-core | ok=True attempts=1 fallback=False
[role] 有根苔 -> non-core | ok=True attempts=1 fallback=False
[role] 镜面舌 -> non-core | ok=True attempts=1 fallback=False
[role] 黄腻 -> non-core | ok=True attempts=1 fallback=False
[role] 黄苔 -> non-core | ok=True attempts=1 fallback=False
[role] 无根苔 -> non-core | ok=True attempts=1 fallback=False
[role] 白苔 -> non-core | ok=True attempts=1 fallback=False
[role] 黄燥 -> non-core | ok=True attempts=1 fallback=False
[role] 风痰 -> non-core | ok=True attempts=1 fallback=False
[role] 热痰 -> non-core | ok=True attempts=1 fallback=False
[role] 灰黑苔 -> non-core | ok=True attempts=1 fallback=False
[role] 寒痰 -> non-core | ok=True attempts=1 fallback=False
[role] 湿痰 -> non-core | ok=True attempts=1 fallback=False
[role] 浊涕 -> non-core | ok=True attempts=1 fallback=False
[role] 鼻渊 -> non-core | ok=True attempts=1 fallback=False
[role] 燥痰 -> non-core | ok=True attempts=1 fallback=False
[role] 清涕 -> non-core | ok=True attempts=1 fallback=False
[role] 肺痈 -> non-core | ok=True attempts=1 fallback=False
[role] 热伤肺络 -> non-core | ok=True attempts=1 fallback=False
[role] 外感风热 -> core | ok=True attempts=1 fallback=False
[role] 外感风寒 -> non-core | ok=True attempts=1 fallback=False
[role] 鼻鼽 -> core | ok=True attempts=1 fallback=False
[role] 鼻衄 -> non-core | ok=True attempts=1 fallback=False
[role] 呕吐 -> non-core | ok=True attempts=1 fallback=False
[role] 脾虚不摄 -> non-core | ok=True attempts=1 fallback=False
[role] 肾虚不固 -> non-core | ok=True attempts=1 fallback=False
[role] 脾胃虚寒 -> non-core | ok=True attempts=1 fallback=False
[role] 痰湿停滞 -> non-core | ok=True attempts=1 fallback=False
[role] 滞颐 -> non-core | ok=True attempts=1 fallback=False
[role] 寒呕 -> non-core | ok=True attempts=1 fallback=False
[role] 外感 -> core | ok=True attempts=1 fallback=False
[role] 热呕 -> non-core | ok=True attempts=1 fallback=False
[role] 内伤 -> core | ok=True attempts=1 fallback=False
[role] 血证 -> non-core | ok=True attempts=1 fallback=False
[role] 肝胆湿热 -> non-core | ok=True attempts=1 fallback=False
[role] 肝火犯胃 -> non-core | ok=True attempts=1 fallback=False
[role] 精神意识 -> core | ok=True attempts=1 fallback=False
[role] 食积 -> non-core | ok=True attempts=1 fallback=False
[role] 面部表情 -> core | ok=True attempts=1 fallback=False
[role] 胃痈 -> non-core | ok=True attempts=1 fallback=False
[role] 胃有积热 -> non-core | ok=True attempts=1 fallback=False
[role] 姿态 -> core | ok=True attempts=1 fallback=False
[role] 脏腑虚实 -> core | ok=True attempts=1 fallback=False
[role] 气血旺盛 -> non-core | ok=True attempts=1 fallback=False
[role] 五脏精气 -> core | ok=True attempts=1 fallback=False
[role] 气血盛衰 -> core | ok=True attempts=1 fallback=False
[role] 体表组织 -> core | ok=True attempts=1 fallback=False
[role] 红黄隐隐，明润含蓄 -> non-core | ok=True attempts=1 fallback=False
[role] 气血衰败 -> non-core | ok=True attempts=1 fallback=False
[role] 脏腑精气衰竭 -> non-core | ok=True attempts=1 fallback=False
[role] 脏腑精华 -> core | ok=True attempts=1 fallback=False
[role] 病位 -> core | ok=True attempts=1 fallback=False
[role] 病性 -> core | ok=True attempts=1 fallback=False
[role] 面部分候脏腑 -> core | ok=True attempts=1 fallback=False
[role] 左颊 -> non-core | ok=True attempts=1 fallback=False
[role] 右颊 -> non-core | ok=True attempts=1 fallback=False
[role] 颏 -> non-core | ok=True attempts=1 fallback=False
[role] 额 -> core | ok=True attempts=1 fallback=False
[role] 赤色 -> non-core | ok=True attempts=1 fallback=False
[role] 气血得热上行 -> non-core | ok=True attempts=1 fallback=False
[role] 黄色 -> non-core | ok=True attempts=1 fallback=False
[role] 脾气不足 -> non-core | ok=True attempts=1 fallback=False
[role] 青色 -> core | ok=True attempts=1 fallback=False
[role] 黑色 -> non-core | ok=True attempts=1 fallback=False
[role] 水湿浸溢肌肤 -> non-core | ok=True attempts=1 fallback=False
[role] 白色 -> core | ok=True attempts=1 fallback=False
[role] 失血耗气 -> non-core | ok=True attempts=1 fallback=False
[role] 气血不荣 -> non-core | ok=True attempts=1 fallback=False
[role] 气血不畅 -> non-core | ok=True attempts=1 fallback=False
[role] 脘腹剧痛 -> non-core | ok=True attempts=1 fallback=False
[role] 水饮停胸腹 -> non-core | ok=True attempts=1 fallback=False
[role] 项背强直 -> non-core | ok=True attempts=1 fallback=False
[role] 热盛动风发痉 -> non-core | ok=True attempts=1 fallback=False
[role] 望姿态 -> core | ok=True attempts=1 fallback=False
[role] 心肺宗气将衰惫 -> non-core | ok=True attempts=1 fallback=False
[role] 小儿高热惊厥 -> core | ok=True attempts=1 fallback=False
[role] 精气神明将衰惫 -> non-core | ok=True attempts=1 fallback=False
[role] 活动不利 -> non-core | ok=True attempts=1 fallback=False
[role] 肾将衰惫 -> non-core | ok=True attempts=1 fallback=False
[role] 腰酸软 -> non-core | ok=True attempts=1 fallback=False
[role] 行则俯身扶物 -> non-core | ok=True attempts=1 fallback=False
[role] 骨将衰惫 -> non-core | ok=True attempts=1 fallback=False
[role] 筋将衰惫 -> non-core | ok=True attempts=1 fallback=False
[role] 肾精不足 -> core | ok=True attempts=1 fallback=False
[role] 先天性梅毒 -> non-core | ok=True attempts=1 fallback=False
[role] 吐泻伤津 -> non-core | ok=True attempts=1 fallback=False
[role] 气血不足 -> core | ok=True attempts=1 fallback=False
[role] 火邪上攻 -> non-core | ok=True attempts=1 fallback=False
[role] 外感时邪 -> non-core | ok=True attempts=1 fallback=False
[role] 肾气充足 -> non-core | ok=True attempts=1 fallback=False
[role] 发黑浓密 -> non-core | ok=True attempts=1 fallback=False
[role] 气血盈亏 -> core | ok=True attempts=1 fallback=False
[role] 望发 -> core | ok=True attempts=1 fallback=False
[role] 肾气不足 -> non-core | ok=True attempts=1 fallback=False
[role] 发黄稀疏 -> non-core | ok=True attempts=1 fallback=False
[role] 精血不足 -> non-core | ok=True attempts=1 fallback=False
[role] 血虚受风 -> non-core | ok=True attempts=1 fallback=False
[role] 青壮年脱发 -> non-core | ok=True attempts=1 fallback=False
[role] 腰酸 -> non-core | ok=True attempts=1 fallback=False
[role] 头皮痒多脂 -> non-core | ok=True attempts=1 fallback=False
[role] 青少年白发 -> non-core | ok=True attempts=1 fallback=False
[role] 劳神伤血 -> non-core | ok=True attempts=1 fallback=False
[role] 小儿发结如穗 -> non-core | ok=True attempts=1 fallback=False
[role] 望诊 -> core | ok=True attempts=1 fallback=False
[role] 头面 -> core | ok=True attempts=1 fallback=False
[role] 形 -> core | ok=True attempts=1 fallback=False
[role] 态 -> core | ok=True attempts=1 fallback=False
[role] 五官 -> core | ok=True attempts=1 fallback=False
[role] 望色 -> core | ok=True attempts=1 fallback=False
[role] 望形态 -> core | ok=True attempts=1 fallback=False
[role] 齿龈 -> non-core | ok=True attempts=1 fallback=False
[role] 精气衰竭 -> non-core | ok=True attempts=1 fallback=False
[role] 斑疹 -> non-core | ok=True attempts=1 fallback=False
[role] 痈疽疔疖 -> non-core | ok=True attempts=1 fallback=False
[role] 排出物 -> core | ok=True attempts=1 fallback=False
[role] 痰涕 -> non-core | ok=True attempts=1 fallback=False
[role] 白色粟粒疹 -> non-core | ok=True attempts=1 fallback=False
[role] 刚柔相济 -> non-core | ok=True attempts=1 fallback=False
[role] 呕吐物 -> non-core | ok=True attempts=1 fallback=False
[role] 发声自然 -> core | ok=True attempts=1 fallback=False
[role] 皮损形态 -> core | ok=True attempts=1 fallback=False
[role] 言与意符 -> non-core | ok=True attempts=1 fallback=False
[role] 音调和畅 -> core | ok=True attempts=1 fallback=False
[role] 应答自如 -> non-core | ok=True attempts=1 fallback=False
[role] 宗气充沛 -> non-core | ok=True attempts=1 fallback=False
[role] 正常声音 -> core | ok=True attempts=1 fallback=False
[role] 声低而浊 -> non-core | ok=True attempts=1 fallback=False
[role] 歌 -> non-core | ok=True attempts=1 fallback=False
[role] 声浑厚低沉 -> non-core | ok=True attempts=1 fallback=False
[role] 禀赋 -> non-core | ok=True attempts=1 fallback=False
[role] 声尖利清脆 -> non-core | ok=True attempts=1 fallback=False
[role] 哭 -> non-core | ok=True attempts=1 fallback=False
[role] 呻 -> non-core | ok=True attempts=1 fallback=False
[role] 声高而清 -> non-core | ok=True attempts=1 fallback=False
[role] 五声 -> core | ok=True attempts=1 fallback=False
[role] 呼 -> core | ok=True attempts=1 fallback=False
[role] 商 -> non-core | ok=True attempts=1 fallback=False
[role] 徵 -> non-core | ok=True attempts=1 fallback=False
[role] 笑 -> non-core | ok=True attempts=1 fallback=False
[role] 羽 -> non-core | ok=True attempts=1 fallback=False
[role] 宫 -> core | ok=True attempts=1 fallback=False
[role] 情志变化 -> core | ok=True attempts=1 fallback=False
[role] 角 -> core | ok=True attempts=1 fallback=False
[role] 五音 -> core | ok=True attempts=1 fallback=False
[role] 声重 -> core | ok=True attempts=1 fallback=False
[role] 脏腑病位 -> core | ok=True attempts=1 fallback=False
[role] 狂言 -> non-core | ok=True attempts=1 fallback=False
[role] 子喑 -> non-core | ok=True attempts=1 fallback=False
[role] 言謇 -> non-core | ok=True attempts=1 fallback=False
[role] 惊呼 -> non-core | ok=True attempts=1 fallback=False
[role] 错语 -> non-core | ok=True attempts=1 fallback=False
[role] 郑声 -> non-core | ok=True attempts=1 fallback=False
[role] 独语 -> non-core | ok=True attempts=1 fallback=False
[role] 失音 -> core | ok=True attempts=1 fallback=False
[role] 音哑 -> core | ok=True attempts=1 fallback=False
[role] 呼吸异常 -> core | ok=True attempts=1 fallback=False
[role] 口吃 -> non-core | ok=True attempts=1 fallback=False
[role] 呼吸气微 -> non-core | ok=True attempts=1 fallback=False
[role] 短气 -> non-core | ok=True attempts=1 fallback=False
[role] 虚喘 -> core | ok=True attempts=1 fallback=False
[role] 喘 -> core | ok=True attempts=1 fallback=False
[role] 呼吸气粗 -> non-core | ok=True attempts=1 fallback=False
[role] 哮 -> non-core | ok=True attempts=1 fallback=False
[role] 少气 -> non-core | ok=True attempts=1 fallback=False
[role] 痰饮内停 -> non-core | ok=True attempts=1 fallback=False
[role] 实喘 -> non-core | ok=True attempts=1 fallback=False
[role] 肺肾虚损 -> non-core | ok=True attempts=1 fallback=False
[role] 气失摄纳 -> non-core | ok=True attempts=1 fallback=False
[role] 积滞 -> non-core | ok=True attempts=1 fallback=False
[role] 咳声紧闷 -> non-core | ok=True attempts=1 fallback=False
[role] 元气虚损 -> non-core | ok=True attempts=1 fallback=False
[role] 五脏六腑皆令人咳，非独肺也 -> core | ok=True attempts=1 fallback=False
[role] 肺热炽盛 -> non-core | ok=True attempts=1 fallback=False
[role] 咳声重浊 -> non-core | ok=True attempts=1 fallback=False
[role] 肺脏疾病 -> core | ok=True attempts=1 fallback=False
[role] 诸虚不足 -> non-core | ok=True attempts=1 fallback=False
[role] 清稀痰 -> non-core | ok=True attempts=1 fallback=False
[role] 干咳无痰 -> non-core | ok=True attempts=1 fallback=False
[role] 燥热 -> non-core | ok=True attempts=1 fallback=False
[role] 肺燥 -> non-core | ok=True attempts=1 fallback=False
[role] 有痰声 -> non-core | ok=True attempts=1 fallback=False
[role] 咳声清亮 -> non-core | ok=True attempts=1 fallback=False
[role] 少痰 -> non-core | ok=True attempts=1 fallback=False
[role] 痰多色白易咳 -> non-core | ok=True attempts=1 fallback=False
[role] 鼻塞 -> non-core | ok=True attempts=1 fallback=False
[role] 肺热炽盛证 -> core | ok=True attempts=1 fallback=False
[role] 痰稠色黄 -> non-core | ok=True attempts=1 fallback=False
[role] 咳声不扬 -> non-core | ok=True attempts=1 fallback=False
[role] 咳气不畅 -> non-core | ok=True attempts=1 fallback=False
[role] 咽喉干痛 -> non-core | ok=True attempts=1 fallback=False
[role] 肺气不宣 -> non-core | ok=True attempts=1 fallback=False
[role] 肺虚 -> non-core | ok=True attempts=1 fallback=False
[role] 气促 -> non-core | ok=True attempts=1 fallback=False
[role] 咳声低微 -> non-core | ok=True attempts=1 fallback=False
[role] 疫毒攻喉 -> non-core | ok=True attempts=1 fallback=False
[role] 咳声如犬吠 -> non-core | ok=True attempts=1 fallback=False
[role] 伏痰 -> non-core | ok=True attempts=1 fallback=False
[role] 白喉 -> non-core | ok=True attempts=1 fallback=False
[role] 顿咳 -> core | ok=True attempts=1 fallback=False
[role] 呕 -> non-core | ok=True attempts=1 fallback=False
[role] 闻诊 -> core | ok=True attempts=1 fallback=False
[role] 吐 -> non-core | ok=True attempts=1 fallback=False
[role] 干呕 -> non-core | ok=True attempts=1 fallback=False
[role] 喷射状呕吐 -> non-core | ok=True attempts=1 fallback=False
[role] 问诊 -> core | ok=True attempts=1 fallback=False
[role] 热扰神明 -> non-core | ok=True attempts=1 fallback=False
[role] 哕 -> non-core | ok=True attempts=1 fallback=False
[role] 呃声 -> non-core | ok=True attempts=1 fallback=False
[role] 虚寒证 -> core | ok=True attempts=1 fallback=False
[role] 热邪客胃 -> non-core | ok=True attempts=1 fallback=False
[role] 呃逆 -> non-core | ok=True attempts=1 fallback=False
[role] 嗳气 -> core | ok=True attempts=1 fallback=False
[role] 胃气将绝 -> non-core | ok=True attempts=1 fallback=False
[role] 纳呆食少 -> non-core | ok=True attempts=1 fallback=False
[role] 胸脘胀满 -> non-core | ok=True attempts=1 fallback=False
[role] 肝气犯胃 -> non-core | ok=True attempts=1 fallback=False
[role] 寒邪客胃 -> non-core | ok=True attempts=1 fallback=False
[role] 太息 -> non-core | ok=True attempts=1 fallback=False
[role] 情志病 -> core | ok=True attempts=1 fallback=False
[role] 肺气上冲 -> non-core | ok=True attempts=1 fallback=False
[role] 肠鸣 -> non-core | ok=True attempts=1 fallback=False
[role] 肝失条达 -> core | ok=True attempts=1 fallback=False
[role] 气机不利 -> non-core | ok=True attempts=1 fallback=False
[role] 喷嚏 -> non-core | ok=True attempts=1 fallback=False
[role] 外邪郁滞肌表 -> non-core | ok=True attempts=1 fallback=False
[role] 痰饮留聚于胃 -> non-core | ok=True attempts=1 fallback=False
[role] 正气驱邪外出 -> non-core | ok=True attempts=1 fallback=False
[role] 病愈佳兆 -> non-core | ok=True attempts=1 fallback=False
[role] 食积胃肠 -> core | ok=True attempts=1 fallback=False
[role] 中虚肠胃不实 -> non-core | ok=True attempts=1 fallback=False
[role] 脘部 -> non-core | ok=True attempts=1 fallback=False
[role] 腹中肠鸣如雷 -> non-core | ok=True attempts=1 fallback=False
[role] 口气酸臭 -> non-core | ok=True attempts=1 fallback=False
[role] 大便濡泄 -> non-core | ok=True attempts=1 fallback=False
[role] 口气臭秽 -> non-core | ok=True attempts=1 fallback=False
[role] 汗气腥膻 -> non-core | ok=True attempts=1 fallback=False
[role] 口气腐臭 -> non-core | ok=True attempts=1 fallback=False
[role] 小便黄赤浊臭 -> non-core | ok=True attempts=1 fallback=False
[role] 脘腹 -> non-core | ok=True attempts=1 fallback=False
[role] 脘腹痞满 -> non-core | ok=True attempts=1 fallback=False
[role] 咳吐腥臭浊痰脓血 -> non-core | ok=True attempts=1 fallback=False
[role] 大便腥气 -> non-core | ok=True attempts=1 fallback=False
[role] 腋下臊臭 -> non-core | ok=True attempts=1 fallback=False
[role] 鼻出臭气 -> non-core | ok=True attempts=1 fallback=False
[role] 矢气酸臭 -> non-core | ok=True attempts=1 fallback=False
[role] 病室气味 -> non-core | ok=True attempts=1 fallback=False
[role] 大便臭秽 -> non-core | ok=True attempts=1 fallback=False
[role] 腐臭 -> non-core | ok=True attempts=1 fallback=False
[role] 瘟疫病 -> non-core | ok=True attempts=1 fallback=False
[role] 尸臭 -> non-core | ok=True attempts=1 fallback=False
[role] 水肿病 -> non-core | ok=True attempts=1 fallback=False
[role] 烂苹果样气味 -> non-core | ok=True attempts=1 fallback=False
[role] 病体气味 -> core | ok=True attempts=1 fallback=False
[role] 尿臊味 -> non-core | ok=True attempts=1 fallback=False
[role] 血腥味 -> non-core | ok=True attempts=1 fallback=False
[role] 婚否 -> non-core | ok=True attempts=1 fallback=False
[role] 姓名 -> core | ok=True attempts=1 fallback=False
[role] 籍贯 -> non-core | ok=True attempts=1 fallback=False
[role] 民族 -> core | ok=True attempts=1 fallback=False
[role] 职业 -> core | ok=True attempts=1 fallback=False
[role] 工作单位 -> non-core | ok=True attempts=1 fallback=False
[role] 汞中毒 -> non-core | ok=True attempts=1 fallback=False
[role] 寒湿痹证 -> non-core | ok=True attempts=1 fallback=False
[role] 老年人 -> non-core | ok=True attempts=1 fallback=False
[role] 青壮年 -> non-core | ok=True attempts=1 fallback=False
[role] 现住址 -> non-core | ok=True attempts=1 fallback=False
[role] 铅中毒 -> non-core | ok=True attempts=1 fallback=False
[role] 硅肺 -> non-core | ok=True attempts=1 fallback=False
[role] 血吸虫病 -> core | ok=True attempts=1 fallback=False
[role] 疟疾 -> core | ok=True attempts=1 fallback=False
[role] 长江中下游 -> non-core | ok=True attempts=1 fallback=False
[role] 岭南 -> non-core | ok=True attempts=1 fallback=False
[role] 体征 -> core | ok=True attempts=1 fallback=False
[role] 主诉 -> core | ok=True attempts=1 fallback=False
[role] 持续时间 -> core | ok=True attempts=1 fallback=False
[role] 诊断性术语 -> non-core | ok=True attempts=1 fallback=False
[role] 症状 -> core | ok=True attempts=1 fallback=False
[role] 现病史 -> core | ok=True attempts=1 fallback=False
[role] 三诊 -> non-core | ok=True attempts=1 fallback=False
[role] 治疗经过 -> core | ok=True attempts=1 fallback=False
[role] 发病情况 -> core | ok=True attempts=1 fallback=False
[role] 现在症 -> core | ok=True attempts=1 fallback=False
[role] 肝气郁滞证 -> core | ok=True attempts=1 fallback=False
[role] 表寒证 -> core | ok=True attempts=1 fallback=False
[role] 情志郁结 -> core | ok=True attempts=1 fallback=False
[role] 正盛邪实 -> non-core | ok=True attempts=1 fallback=False
[role] 阳明经证 -> core | ok=True attempts=1 fallback=False
[role] 温病 -> core | ok=True attempts=1 fallback=False
[role] 病变过程 -> core | ok=True attempts=1 fallback=False
[role] 既往史 -> core | ok=True attempts=1 fallback=False
[role] 热入营血 -> core | ok=True attempts=1 fallback=False
[role] 素体阴虚 -> non-core | ok=True attempts=1 fallback=False
[role] 热药 -> non-core | ok=True attempts=1 fallback=False
[role] 寒药 -> non-core | ok=True attempts=1 fallback=False
[role] 体健 -> non-core | ok=True attempts=1 fallback=False
[role] 易感阴邪而多寒证 -> non-core | ok=True attempts=1 fallback=False
[role] 易感阳邪而多热证 -> non-core | ok=True attempts=1 fallback=False
[role] 患病多实证 -> non-core | ok=True attempts=1 fallback=False
[role] 素体阳虚 -> non-core | ok=True attempts=1 fallback=False
[role] 预防接种史 -> core | ok=True attempts=1 fallback=False
[role] 患病多虚证 -> non-core | ok=True attempts=1 fallback=False
[role] 外伤史 -> core | ok=True attempts=1 fallback=False
[role] 生活经历 -> core | ok=True attempts=1 fallback=False
[role] 过敏史 -> core | ok=True attempts=1 fallback=False
[role] 手术史 -> core | ok=True attempts=1 fallback=False
[role] 饮食嗜好 -> core | ok=True attempts=1 fallback=False
[role] 个人生活史 -> core | ok=True attempts=1 fallback=False
[role] 日常起居 -> core | ok=True attempts=1 fallback=False
[role] 体质倾向 -> core | ok=True attempts=1 fallback=False
[role] 婚姻生育 -> non-core | ok=True attempts=1 fallback=False
[role] 传染病 -> core | ok=True attempts=1 fallback=False
[role] 家庭史 -> core | ok=True attempts=1 fallback=False
[role] 病情演变规律 -> core | ok=True attempts=1 fallback=False
[role] 直系亲属 -> core | ok=True attempts=1 fallback=False
[role] 癫狂病 -> non-core | ok=True attempts=1 fallback=False
[role] 但寒不热 -> core | ok=True attempts=1 fallback=False
[role] 问寒热 -> core | ok=True attempts=1 fallback=False
[role] 疾病诊断 -> core | ok=True attempts=1 fallback=False
[role] 恶风 -> non-core | ok=True attempts=1 fallback=False
[role] 寒热往来 -> core | ok=True attempts=1 fallback=False
[role] 阴虚潮热 -> core | ok=True attempts=1 fallback=False
[role] 阳明潮热 -> core | ok=True attempts=1 fallback=False
[role] 微热 -> non-core | ok=True attempts=1 fallback=False
[role] 潮热 -> core | ok=True attempts=1 fallback=False
[role] 气郁发热 -> non-core | ok=True attempts=1 fallback=False
[role] 气虚发热 -> non-core | ok=True attempts=1 fallback=False
[role] 但热不寒 -> core | ok=True attempts=1 fallback=False
[role] 湿温潮热 -> non-core | ok=True attempts=1 fallback=False
[role] 恶寒发热 -> core | ok=True attempts=1 fallback=False
[role] 里热证 -> core | ok=True attempts=1 fallback=False
[role] 里寒证 -> core | ok=True attempts=1 fallback=False
[role] 疰夏 -> non-core | ok=True attempts=1 fallback=False
[role] 少阳证 -> core | ok=True attempts=1 fallback=False
[role] 滋润皮肤 -> non-core | ok=True attempts=1 fallback=False
[role] 阴盛则寒 -> non-core | ok=True attempts=1 fallback=False
[role] 阳加于阴谓之汗 -> non-core | ok=True attempts=1 fallback=False
[role] 调和营卫 -> core | ok=True attempts=1 fallback=False
[role] 玄府 -> core | ok=True attempts=1 fallback=False
[role] 体力活动 -> non-core | ok=True attempts=1 fallback=False
[role] 排泄废物 -> non-core | ok=True attempts=1 fallback=False
[role] 《素问·阴阳别论》 -> non-core | ok=True attempts=1 fallback=False
[role] 阳盛则热 -> core | ok=True attempts=1 fallback=False
[role] 气候炎热 -> non-core | ok=True attempts=1 fallback=False
[role] 衣被过厚 -> non-core | ok=True attempts=1 fallback=False
[role] 进食辛热 -> non-core | ok=True attempts=1 fallback=False
[role] 情绪紧张 -> non-core | ok=True attempts=1 fallback=False
[role] 汗出异常 -> core | ok=True attempts=1 fallback=False
[role] 无汗 -> core | ok=True attempts=1 fallback=False
[role] 有汗 -> non-core | ok=True attempts=1 fallback=False
[role] 表虚证 -> non-core | ok=True attempts=1 fallback=False
[role] 表热证 -> non-core | ok=True attempts=1 fallback=False
[role] 津亏 -> non-core | ok=True attempts=1 fallback=False
[role] 阴阳盛衰 -> core | ok=True attempts=1 fallback=False
[role] 伤阴 -> non-core | ok=True attempts=1 fallback=False
[role] 高热烦渴 -> non-core | ok=True attempts=1 fallback=False
[role] 里热炽盛证 -> core | ok=True attempts=1 fallback=False
[role] 绝汗 -> non-core | ok=True attempts=1 fallback=False
[role] 阴虚内热 -> core | ok=True attempts=1 fallback=False
[role] 渴喜冷饮 -> non-core | ok=True attempts=1 fallback=False
[role] 局部汗出异常 -> core | ok=True attempts=1 fallback=False
[role] 卫阳不固 -> non-core | ok=True attempts=1 fallback=False
[role] 正邪交争 -> core | ok=True attempts=1 fallback=False
[role] 气虚证 -> core | ok=True attempts=1 fallback=False
[role] 阳虚证 -> core | ok=True attempts=1 fallback=False
[role] 战汗 -> core | ok=True attempts=1 fallback=False
[role] 阴虚证 -> core | ok=True attempts=1 fallback=False
[role] 截瘫 -> non-core | ok=True attempts=1 fallback=False
[role] 头汗 -> non-core | ok=True attempts=1 fallback=False
[role] 阳气衰微 -> non-core | ok=True attempts=1 fallback=False
[role] 痿证 -> non-core | ok=True attempts=1 fallback=False
[role] 中焦湿热上蒸 -> non-core | ok=True attempts=1 fallback=False
[role] 虚阳上越 -> non-core | ok=True attempts=1 fallback=False
[role] 上焦热盛 -> non-core | ok=True attempts=1 fallback=False
[role] 半身汗 -> non-core | ok=True attempts=1 fallback=False
[role] 痰瘀 -> non-core | ok=True attempts=1 fallback=False
[role] 经络阻滞 -> non-core | ok=True attempts=1 fallback=False
[role] 阳明热盛 -> non-core | ok=True attempts=1 fallback=False
[role] 外感实证 -> non-core | ok=True attempts=1 fallback=False
[role] 气血运行受阻 -> non-core | ok=True attempts=1 fallback=False
[role] 中焦湿热 -> non-core | ok=True attempts=1 fallback=False
[role] 手足心汗 -> core | ok=True attempts=1 fallback=False
[role] 胸痹 -> core | ok=True attempts=1 fallback=False
[role] 阴阳气血 -> core | ok=True attempts=1 fallback=False
[role] 不荣则痛 -> core | ok=True attempts=1 fallback=False
[role] 内伤虚证 -> core | ok=True attempts=1 fallback=False
[role] 胸阳不振 -> core | ok=True attempts=1 fallback=False
[role] 瘀血阻滞 -> non-core | ok=True attempts=1 fallback=False
[role] 热毒 -> non-core | ok=True attempts=1 fallback=False
[role] 脾虚痰浊 -> non-core | ok=True attempts=1 fallback=False
[role] 湿热蕴结 -> non-core | ok=True attempts=1 fallback=False
[role] 热邪壅肺 -> core | ok=True attempts=1 fallback=False
[role] 肝火炽盛 -> non-core | ok=True attempts=1 fallback=False
[role] 饮停胸胁 -> non-core | ok=True attempts=1 fallback=False
[role] 胃脘痛 -> core | ok=True attempts=1 fallback=False
[role] 寒邪犯胃 -> non-core | ok=True attempts=1 fallback=False
[role] 胃阴虚 -> core | ok=True attempts=1 fallback=False
[role] 食滞胃脘 -> non-core | ok=True attempts=1 fallback=False
[role] 督脉损伤 -> non-core | ok=True attempts=1 fallback=False
[role] 寒滞肝脉 -> non-core | ok=True attempts=1 fallback=False
[role] 背痛 -> non-core | ok=True attempts=1 fallback=False
[role] 胃火炽盛 -> core | ok=True attempts=1 fallback=False
[role] 小腹 -> core | ok=True attempts=1 fallback=False
[role] 大腹 -> core | ok=True attempts=1 fallback=False
[role] 膀胱经 -> core | ok=True attempts=1 fallback=False
[role] 风湿阻滞 -> non-core | ok=True attempts=1 fallback=False
[role] 腰痛 -> core | ok=True attempts=1 fallback=False
[role] 风寒客经 -> non-core | ok=True attempts=1 fallback=False
[role] 走窜痛 -> non-core | ok=True attempts=1 fallback=False
[role] 周身疼痛 -> non-core | ok=True attempts=1 fallback=False
[role] 热痹 -> core | ok=True attempts=1 fallback=False
[role] 四肢痛 -> non-core | ok=True attempts=1 fallback=False
[role] 血瘀证 -> core | ok=True attempts=1 fallback=False
[role] 风湿痹病 -> core | ok=True attempts=1 fallback=False
[role] 灼痛 -> non-core | ok=True attempts=1 fallback=False
[role] 冷痛 -> non-core | ok=True attempts=1 fallback=False
[role] 火邪伤络 -> non-core | ok=True attempts=1 fallback=False
[role] 寒湿痹病 -> core | ok=True attempts=1 fallback=False
[role] 寒邪侵袭 -> non-core | ok=True attempts=1 fallback=False
[role] 砂石 -> core | ok=True attempts=1 fallback=False
[role] 营血亏虚 -> non-core | ok=True attempts=1 fallback=False
[role] 固定痛 -> non-core | ok=True attempts=1 fallback=False
[role] 有形之邪 -> core | ok=True attempts=1 fallback=False
[role] 精血亏虚 -> non-core | ok=True attempts=1 fallback=False
[role] 寒邪凝滞 -> non-core | ok=True attempts=1 fallback=False
[role] 闭阻气机 -> non-core | ok=True attempts=1 fallback=False
[role] 阳气不足 -> non-core | ok=True attempts=1 fallback=False
[role] 重痛 -> non-core | ok=True attempts=1 fallback=False
[role] 气血上壅 -> non-core | ok=True attempts=1 fallback=False
[role] 空痛 -> non-core | ok=True attempts=1 fallback=False
[role] 筋失所养 -> non-core | ok=True attempts=1 fallback=False
[role] 气血精髓亏虚 -> non-core | ok=True attempts=1 fallback=False
[role] 组织失养 -> non-core | ok=True attempts=1 fallback=False
[role] 掣痛 -> non-core | ok=True attempts=1 fallback=False
[role] 邪阻经络 -> non-core | ok=True attempts=1 fallback=False
[role] 宗脉之所聚 -> non-core | ok=True attempts=1 fallback=False
[role] 肾开窍于耳 -> core | ok=True attempts=1 fallback=False
[role] 目为肝之窍 -> core | ok=True attempts=1 fallback=False
[role] 实证重听 -> non-core | ok=True attempts=1 fallback=False
[role] 五脏六腑之精气 -> non-core | ok=True attempts=1 fallback=False
[role] 虚证耳鸣 -> core | ok=True attempts=1 fallback=False
[role] 肝胆火盛 -> non-core | ok=True attempts=1 fallback=False
[role] 突发耳聋 -> non-core | ok=True attempts=1 fallback=False
[role] 渐发性耳聋 -> non-core | ok=True attempts=1 fallback=False
[role] 重听 -> non-core | ok=True attempts=1 fallback=False
[role] 虚证重听 -> non-core | ok=True attempts=1 fallback=False
[role] 实证耳鸣 -> non-core | ok=True attempts=1 fallback=False
[role] 风邪上袭 -> non-core | ok=True attempts=1 fallback=False
[role] 痰浊上蒙 -> non-core | ok=True attempts=1 fallback=False
[role] 肾精亏虚 -> core | ok=True attempts=1 fallback=False
[role] 目眩 -> non-core | ok=True attempts=1 fallback=False
[role] 目痛 -> non-core | ok=True attempts=1 fallback=False
[role] 目昏 -> non-core | ok=True attempts=1 fallback=False
[role] 目痒 -> non-core | ok=True attempts=1 fallback=False
[role] 血虚失养 -> non-core | ok=True attempts=1 fallback=False
[role] 肝经风火 -> non-core | ok=True attempts=1 fallback=False
[role] 肝肾不足 -> core | ok=True attempts=1 fallback=False
[role] 胁胀 -> non-core | ok=True attempts=1 fallback=False
[role] 身重 -> non-core | ok=True attempts=1 fallback=False
[role] 寒凝瘀血 -> non-core | ok=True attempts=1 fallback=False
[role] 痰湿内盛 -> non-core | ok=True attempts=1 fallback=False
[role] 痰湿内阻 -> non-core | ok=True attempts=1 fallback=False
[role] 心阳气虚 -> non-core | ok=True attempts=1 fallback=False
[role] 阳不入阴 -> core | ok=True attempts=1 fallback=False
[role] 湿邪困脾 -> non-core | ok=True attempts=1 fallback=False
[role] 重病昏睡 -> non-core | ok=True attempts=1 fallback=False
[role] 问饮食及口味 -> core | ok=True attempts=1 fallback=False
[role] 脾气亏虚 -> core | ok=True attempts=1 fallback=False
[role] 食欲 -> core | ok=True attempts=1 fallback=False
[role] 进食 -> core | ok=True attempts=1 fallback=False
[role] 饮水 -> core | ok=True attempts=1 fallback=False
[role] 食欲与进食状况 -> core | ok=True attempts=1 fallback=False
[role] 口味异常 -> core | ok=True attempts=1 fallback=False
[role] 口渴与饮水情况 -> core | ok=True attempts=1 fallback=False
[role] 口味 -> core | ok=True attempts=1 fallback=False
[role] 虚 -> core | ok=True attempts=1 fallback=False
[role] 口渴多饮 -> non-core | ok=True attempts=1 fallback=False
[role] 口不渴饮 -> non-core | ok=True attempts=1 fallback=False
[role] 津液未伤 -> non-core | ok=True attempts=1 fallback=False
[role] 大渴喜冷饮 -> non-core | ok=True attempts=1 fallback=False
[role] 实 -> core | ok=True attempts=1 fallback=False
[role] 口甜 -> non-core | ok=True attempts=1 fallback=False
[role] 津液损伤 -> core | ok=True attempts=1 fallback=False
[role] 汗下后口渴 -> non-core | ok=True attempts=1 fallback=False
[role] 津液耗伤 -> core | ok=True attempts=1 fallback=False
[role] 消渴 -> core | ok=True attempts=1 fallback=False
[role] 大渴引饮 -> non-core | ok=True attempts=1 fallback=False
[role] 渴不多饮 -> non-core | ok=True attempts=1 fallback=False
[role] 湿热内蕴 -> non-core | ok=True attempts=1 fallback=False
[role] 多食易饥 -> non-core | ok=True attempts=1 fallback=False
[role] 多食消瘦 -> non-core | ok=True attempts=1 fallback=False
[role] 津液输布障碍 -> core | ok=True attempts=1 fallback=False
[role] 食欲减退 -> non-core | ok=True attempts=1 fallback=False
[role] 温病邪入营分 -> core | ok=True attempts=1 fallback=False
[role] 轻度伤津 -> non-core | ok=True attempts=1 fallback=False
[role] 食量 -> non-core | ok=True attempts=1 fallback=False
[role] 妊娠反应 -> non-core | ok=True attempts=1 fallback=False
[role] 偏嗜食物 -> non-core | ok=True attempts=1 fallback=False
[role] 饥不欲食 -> non-core | ok=True attempts=1 fallback=False
[role] 胃强脾弱 -> non-core | ok=True attempts=1 fallback=False
[role] 口咸 -> non-core | ok=True attempts=1 fallback=False
[role] 虚火内扰 -> non-core | ok=True attempts=1 fallback=False
[role] 脏腑病态 -> core | ok=True attempts=1 fallback=False
[role] 泛酸 -> non-core | ok=True attempts=1 fallback=False
[role] 肾阳虚水泛 -> non-core | ok=True attempts=1 fallback=False
[role] 肝胃郁热 -> non-core | ok=True attempts=1 fallback=False
[role] 除中 -> non-core | ok=True attempts=1 fallback=False
[role] 胃气盛衰 -> core | ok=True attempts=1 fallback=False
[role] 二便情况 -> core | ok=True attempts=1 fallback=False
[role] 阴虚便秘 -> non-core | ok=True attempts=1 fallback=False
[role] 阴寒内结 -> non-core | ok=True attempts=1 fallback=False
[role] 实热便秘 -> non-core | ok=True attempts=1 fallback=False
[role] 脾胃虚弱泄泻 -> non-core | ok=True attempts=1 fallback=False
[role] 肝郁乘脾 -> non-core | ok=True attempts=1 fallback=False
[role] 宿食内停 -> non-core | ok=True attempts=1 fallback=False
[role] 完谷不化 -> non-core | ok=True attempts=1 fallback=False
[role] 五更泻 -> non-core | ok=True attempts=1 fallback=False
[role] 溏结不调 -> non-core | ok=True attempts=1 fallback=False
[role] 证名 -> core | ok=True attempts=1 fallback=False
[role] 小便频数 -> non-core | ok=True attempts=1 fallback=False
[role] 滑泻失禁 -> non-core | ok=True attempts=1 fallback=False
[role] 下利脓血 -> non-core | ok=True attempts=1 fallback=False
[role] 发病时间 -> non-core | ok=True attempts=1 fallback=False
[role] 疾病名 -> core | ok=True attempts=1 fallback=False
[role] 主症 -> core | ok=True attempts=1 fallback=False
[role] 涩痛 -> non-core | ok=True attempts=1 fallback=False
[role] 缓急 -> non-core | ok=True attempts=1 fallback=False
[role] 肛门重坠 -> non-core | ok=True attempts=1 fallback=False
[role] 初始症状 -> non-core | ok=True attempts=1 fallback=False
[role] 癃闭 -> core | ok=True attempts=1 fallback=False
[role] 原因或诱因 -> core | ok=True attempts=1 fallback=False
[role] 病因 -> core | ok=True attempts=1 fallback=False
[role] 邪正消长 -> core | ok=True attempts=1 fallback=False
[role] 温病热入营血 -> non-core | ok=True attempts=1 fallback=False
[role] 病情发展变化 -> core | ok=True attempts=1 fallback=False
[role] 疾病传变 -> core | ok=True attempts=1 fallback=False
[role] 服药效果 -> core | ok=True attempts=1 fallback=False
[role] 余沥不尽 -> non-core | ok=True attempts=1 fallback=False
[role] 预后 -> core | ok=True attempts=1 fallback=False
[role] 伤寒表邪化热入里 -> core | ok=True attempts=1 fallback=False
[role] 病邪性质 -> core | ok=True attempts=1 fallback=False
[role] 辨证用药 -> non-core | ok=True attempts=1 fallback=False
[role] 虚弱 -> non-core | ok=True attempts=1 fallback=False
[role] 亲属健康信息 -> core | ok=True attempts=1 fallback=False
[role] 健康背景 -> non-core | ok=True attempts=1 fallback=False
[role] 疾病分布规律 -> core | ok=True attempts=1 fallback=False
[role] 病理演变规律 -> core | ok=True attempts=1 fallback=False
[role] 病理性汗出 -> core | ok=True attempts=1 fallback=False
[role] 生理性汗出 -> non-core | ok=True attempts=1 fallback=False
[role] 临床诊断 -> core | ok=True attempts=1 fallback=False
[role] 疾病诱因 -> core | ok=True attempts=1 fallback=False
[role] 风寒 -> core | ok=True attempts=1 fallback=False
[role] 风邪袭表 -> non-core | ok=True attempts=1 fallback=False
[role] 气血运行不畅 -> non-core | ok=True attempts=1 fallback=False
[role] 汗出如油 -> non-core | ok=True attempts=1 fallback=False
[role] 邪退正复 -> non-core | ok=True attempts=1 fallback=False
[role] 阴阳气血不足 -> core | ok=True attempts=1 fallback=False
[role] 冷汗淋漓 -> non-core | ok=True attempts=1 fallback=False
[role] 前额 -> non-core | ok=True attempts=1 fallback=False
[role] 外感头痛 -> core | ok=True attempts=1 fallback=False
[role] 后头连项 -> non-core | ok=True attempts=1 fallback=False
[role] 虚实辨证 -> core | ok=True attempts=1 fallback=False
[role] 内伤头痛 -> non-core | ok=True attempts=1 fallback=False
[role] 侧头 -> non-core | ok=True attempts=1 fallback=False
[role] 脾虚痰浊上犯 -> non-core | ok=True attempts=1 fallback=False
[role] 背痛连项 -> non-core | ok=True attempts=1 fallback=False
[role] 痰浊内阻 -> non-core | ok=True attempts=1 fallback=False
[role] 热毒蕴肺 -> non-core | ok=True attempts=1 fallback=False
[role] 颠顶 -> core | ok=True attempts=1 fallback=False
[role] 肩部作痛 -> non-core | ok=True attempts=1 fallback=False
[role] 心脉急骤闭塞 -> non-core | ok=True attempts=1 fallback=False
[role] 风寒客于太阳经 -> non-core | ok=True attempts=1 fallback=False
[role] 雀目 -> non-core | ok=True attempts=1 fallback=False
[role] 歧视 -> non-core | ok=True attempts=1 fallback=False
[role] 痰湿上蒙 -> non-core | ok=True attempts=1 fallback=False
[role] 肾虚精亏 -> non-core | ok=True attempts=1 fallback=False
[role] 中气下陷 -> core | ok=True attempts=1 fallback=False
[role] 风热上扰 -> non-core | ok=True attempts=1 fallback=False
[role] 痰热壅肺 -> non-core | ok=True attempts=1 fallback=False
[role] 精亏血虚 -> non-core | ok=True attempts=1 fallback=False
[role] 心脉痹阻 -> core | ok=True attempts=1 fallback=False
[role] 水湿泛溢 -> non-core | ok=True attempts=1 fallback=False
[role] 气虚不运 -> non-core | ok=True attempts=1 fallback=False
[role] 体内津液 -> core | ok=True attempts=1 fallback=False
[role] 神不守舍 -> non-core | ok=True attempts=1 fallback=False
[role] 津液盈亏 -> core | ok=True attempts=1 fallback=False
[role] 脾胃功能强弱 -> core | ok=True attempts=1 fallback=False
[role] 饮食积滞 -> non-core | ok=True attempts=1 fallback=False
[role] 消化系统 -> core | ok=True attempts=1 fallback=False
[role] 运化能力 -> core | ok=True attempts=1 fallback=False
[role] 脏腑病变 -> non-core | ok=True attempts=1 fallback=False
[role] 十问歌 -> core | ok=True attempts=1 fallback=False
[role] 食欲与食量 -> core | ok=True attempts=1 fallback=False
[role] 口渴与饮水 -> core | ok=True attempts=1 fallback=False
[role] 肝胆火旺 -> non-core | ok=True attempts=1 fallback=False
[role] 中医问诊 -> core | ok=True attempts=1 fallback=False
[role] 酸腐 -> non-core | ok=True attempts=1 fallback=False
[role] 伤食 -> non-core | ok=True attempts=1 fallback=False
[role] 二便 -> core | ok=True attempts=1 fallback=False
[role] 带下病 -> non-core | ok=True attempts=1 fallback=False
[role] 月经异常 -> core | ok=True attempts=1 fallback=False
[role] 中医切脉 -> core | ok=True attempts=1 fallback=False
[role] 三部九候法 -> core | ok=True attempts=1 fallback=False
[role] 小儿问诊 -> core | ok=True attempts=1 fallback=False
[role] 三部诊法 -> core | ok=True attempts=1 fallback=False
[role] 寸部 -> non-core | ok=True attempts=1 fallback=False
[role] 平旦 -> non-core | ok=True attempts=1 fallback=False
[role] 人迎寸口诊法 -> core | ok=True attempts=1 fallback=False
[role] 关部 -> non-core | ok=True attempts=1 fallback=False
[role] 遍诊法 -> core | ok=True attempts=1 fallback=False
[role] 一呼一吸脉行四五至 -> non-core | ok=True attempts=1 fallback=False
[role] 诊脉时间 -> non-core | ok=True attempts=1 fallback=False
[role] 尺部 -> core | ok=True attempts=1 fallback=False
[role] 促脉 -> core | ok=True attempts=1 fallback=False
[role] 按法 -> non-core | ok=True attempts=1 fallback=False
[role] 结脉 -> core | ok=True attempts=1 fallback=False
[role] 举法 -> non-core | ok=True attempts=1 fallback=False
[role] 总按 -> non-core | ok=True attempts=1 fallback=False
[role] 一指定关法 -> non-core | ok=True attempts=1 fallback=False
[role] 代脉 -> non-core | ok=True attempts=1 fallback=False
[role] 寻法 -> non-core | ok=True attempts=1 fallback=False
[role] 平脉 -> core | ok=True attempts=1 fallback=False
[role] 单按 -> non-core | ok=True attempts=1 fallback=False
[role] 脉位 -> non-core | ok=True attempts=1 fallback=False
[role] 脉率 -> non-core | ok=True attempts=1 fallback=False
[role] 脉形 -> non-core | ok=True attempts=1 fallback=False
[role] 有根 -> non-core | ok=True attempts=1 fallback=False
[role] 有神 -> non-core | ok=True attempts=1 fallback=False
[role] 夏洪 -> non-core | ok=True attempts=1 fallback=False
[role] 春弦 -> non-core | ok=True attempts=1 fallback=False
[role] 脉势 -> core | ok=True attempts=1 fallback=False
[role] 斜飞脉 -> non-core | ok=True attempts=1 fallback=False
[role] 秋浮 -> non-core | ok=True attempts=1 fallback=False
[role] 正常变异之脉 -> non-core | ok=True attempts=1 fallback=False
[role] 冬沉 -> non-core | ok=True attempts=1 fallback=False
[role] 反关脉 -> non-core | ok=True attempts=1 fallback=False
[role] 景岳全书 -> core | ok=True attempts=1 fallback=False
[role] 濒湖脉学 -> core | ok=True attempts=1 fallback=False
[role] 14种病脉 -> core | ok=True attempts=1 fallback=False
[role] 诊家正眼 -> core | ok=True attempts=1 fallback=False
[role] 脉象特征 -> core | ok=True attempts=1 fallback=False
[role] 所主病证 -> core | ok=True attempts=1 fallback=False
[role] 脉位表浅 -> non-core | ok=True attempts=1 fallback=False
[role] 主病 -> core | ok=True attempts=1 fallback=False
[role] 阴血衰少 -> non-core | ok=True attempts=1 fallback=False
[role] 虚阳浮越证 -> non-core | ok=True attempts=1 fallback=False
[role] 异常脉象 -> core | ok=True attempts=1 fallback=False
[role] 脉象变化 -> core | ok=True attempts=1 fallback=False
[role] 肌表腠理 -> core | ok=True attempts=1 fallback=False
[role] 里虚证 -> non-core | ok=True attempts=1 fallback=False
[role] 脉位深沉 -> non-core | ok=True attempts=1 fallback=False
[role] 阳气亏虚 -> non-core | ok=True attempts=1 fallback=False
[role] 邪气郁结于里 -> non-core | ok=True attempts=1 fallback=False
[role] 里实证 -> non-core | ok=True attempts=1 fallback=False
[role] 一息不足四至 -> non-core | ok=True attempts=1 fallback=False
[role] 阳气不得舒展 -> non-core | ok=True attempts=1 fallback=False
[role] 生理性沉脉 -> non-core | ok=True attempts=1 fallback=False
[role] 脉气鼓动不足 -> non-core | ok=True attempts=1 fallback=False
[role] 正邪相争 -> non-core | ok=True attempts=1 fallback=False
[role] 气血内困 -> non-core | ok=True attempts=1 fallback=False
[role] 脏腑虚弱 -> core | ok=True attempts=1 fallback=False
[role] 浮大无力 -> non-core | ok=True attempts=1 fallback=False
[role] 阳虚气陷 -> core | ok=True attempts=1 fallback=False
[role] 生理性迟脉 -> non-core | ok=True attempts=1 fallback=False
[role] 浮数 -> non-core | ok=True attempts=1 fallback=False
[role] 邪热结聚 -> non-core | ok=True attempts=1 fallback=False
[role] 寒性凝滞 -> core | ok=True attempts=1 fallback=False
[role] 沉数 -> non-core | ok=True attempts=1 fallback=False
[role] 脉症合参 -> core | ok=True attempts=1 fallback=False
[role] 表热 -> non-core | ok=True attempts=1 fallback=False
[role] 数大而无力 -> non-core | ok=True attempts=1 fallback=False
[role] 里热 -> core | ok=True attempts=1 fallback=False
[role] 阳虚外浮 -> non-core | ok=True attempts=1 fallback=False
[role] 三部脉举之无力，重按空虚 -> non-core | ok=True attempts=1 fallback=False
[role] 按之豁然而空 -> non-core | ok=True attempts=1 fallback=False
[role] 脏腑诸虚 -> non-core | ok=True attempts=1 fallback=False
[role] 正气未虚 -> non-core | ok=True attempts=1 fallback=False
[role] 举 -> non-core | ok=True attempts=1 fallback=False
[role] 寸关尺三部脉象 -> core | ok=True attempts=1 fallback=False
[role] 正邪相搏 -> non-core | ok=True attempts=1 fallback=False
[role] 脉道坚满 -> non-core | ok=True attempts=1 fallback=False
[role] 应指圆滑 -> non-core | ok=True attempts=1 fallback=False
[role] 按 -> non-core | ok=True attempts=1 fallback=False
[role] 气血壅滞充盛 -> non-core | ok=True attempts=1 fallback=False
[role] 往来流利 -> non-core | ok=True attempts=1 fallback=False
[role] 如盘走珠 -> non-core | ok=True attempts=1 fallback=False
[role] 青壮年的常脉 -> non-core | ok=True attempts=1 fallback=False
[role] 妇女的孕脉 -> non-core | ok=True attempts=1 fallback=False
[role] 气血充盛养胎 -> non-core | ok=True attempts=1 fallback=False
[role] 滑脉 -> core | ok=True attempts=1 fallback=False
[role] 血行加速 -> non-core | ok=True attempts=1 fallback=False
[role] 气实血涌 -> non-core | ok=True attempts=1 fallback=False
[role] 气血充实 -> non-core | ok=True attempts=1 fallback=False
[role] 生理滑脉 -> non-core | ok=True attempts=1 fallback=False
[role] 往来不畅 -> non-core | ok=True attempts=1 fallback=False
[role] 应指艰涩 -> non-core | ok=True attempts=1 fallback=False
[role] 轻刀刮竹 -> non-core | ok=True attempts=1 fallback=False
[role] 血少 -> non-core | ok=True attempts=1 fallback=False
[role] 精伤 -> non-core | ok=True attempts=1 fallback=False
[role] 病理滑脉 -> core | ok=True attempts=1 fallback=False
[role] 涩脉 -> core | ok=True attempts=1 fallback=False
[role] 脉体宽大有力 -> non-core | ok=True attempts=1 fallback=False
[role] 涩脉而无力 -> non-core | ok=True attempts=1 fallback=False
[role] 涩而有力 -> non-core | ok=True attempts=1 fallback=False
[role] 洪脉 -> core | ok=True attempts=1 fallback=False
[role] 虚实证候 -> non-core | ok=True attempts=1 fallback=False
[role] 脉道扩张 -> non-core | ok=True attempts=1 fallback=False
[role] 湿邪阻滞 -> core | ok=True attempts=1 fallback=False
[role] 气盛血涌 -> non-core | ok=True attempts=1 fallback=False
[role] 细脉 -> non-core | ok=True attempts=1 fallback=False
[role] 端直以长 -> non-core | ok=True attempts=1 fallback=False
[role] 湿病 -> core | ok=True attempts=1 fallback=False
[role] 阴血亏虚 -> core | ok=True attempts=1 fallback=False
[role] 弦脉 -> core | ok=True attempts=1 fallback=False
[role] 挺然指下 -> non-core | ok=True attempts=1 fallback=False
[role] 肝胆病 -> core | ok=True attempts=1 fallback=False
[role] 脉道拘急 -> non-core | ok=True attempts=1 fallback=False
[role] 如按琴弦 -> non-core | ok=True attempts=1 fallback=False
[role] 原理 -> core | ok=True attempts=1 fallback=False
[role] 气机输转 -> core | ok=True attempts=1 fallback=False
[role] 歇止无固定规律 -> non-core | ok=True attempts=1 fallback=False
[role] 脉来缓慢而时有歇止 -> non-core | ok=True attempts=1 fallback=False
[role] 癥瘕积聚 -> non-core | ok=True attempts=1 fallback=False
[role] 气血运行断续不定 -> non-core | ok=True attempts=1 fallback=False
[role] 气血运行不相连续 -> non-core | ok=True attempts=1 fallback=False
[role] 结而有力 -> non-core | ok=True attempts=1 fallback=False
[role] 结而无力 -> non-core | ok=True attempts=1 fallback=False
[role] 气血亏虚 -> core | ok=True attempts=1 fallback=False
[role] 脉气不能连续 -> non-core | ok=True attempts=1 fallback=False
[role] 停歇时间较长后方能恢复搏动 -> non-core | ok=True attempts=1 fallback=False
[role] 歇止有固定节律 -> non-core | ok=True attempts=1 fallback=False
[role] 缓而间歇 -> non-core | ok=True attempts=1 fallback=False
[role] 脏气衰微 -> non-core | ok=True attempts=1 fallback=False
[role] 气机受阻 -> non-core | ok=True attempts=1 fallback=False
[role] 脉搏跳动中有歇止 -> non-core | ok=True attempts=1 fallback=False
[role] 气血虚损 -> non-core | ok=True attempts=1 fallback=False
[role] 心气失和 -> non-core | ok=True attempts=1 fallback=False
[role] 歇止 -> non-core | ok=True attempts=1 fallback=False
[role] 气血壅滞 -> non-core | ok=True attempts=1 fallback=False
[role] 痰食停积 -> non-core | ok=True attempts=1 fallback=False
[role] 暂时性代脉 -> non-core | ok=True attempts=1 fallback=False
[role] 脏腑虚衰 -> non-core | ok=True attempts=1 fallback=False
[role] 28种病理脉象 -> core | ok=True attempts=1 fallback=False
[role] 虚脱 -> non-core | ok=True attempts=1 fallback=False
[role] 微脉 -> non-core | ok=True attempts=1 fallback=False
[role] 阳热亢盛 -> core | ok=True attempts=1 fallback=False
[role] 短脉 -> non-core | ok=True attempts=1 fallback=False
[role] 相兼脉 -> core | ok=True attempts=1 fallback=False
[role] 二合脉 -> non-core | ok=True attempts=1 fallback=False
[role] 长脉 -> non-core | ok=True attempts=1 fallback=False
[role] 大脉 -> non-core | ok=True attempts=1 fallback=False
[role] 迟 -> non-core | ok=True attempts=1 fallback=False
[role] 紧脉 -> non-core | ok=True attempts=1 fallback=False
[role] 数 -> non-core | ok=True attempts=1 fallback=False
[role] 复合脉 -> core | ok=True attempts=1 fallback=False
[role] 单一脉象 -> non-core | ok=True attempts=1 fallback=False
[role] 弦滑数 -> non-core | ok=True attempts=1 fallback=False
[role] 三合脉 -> non-core | ok=True attempts=1 fallback=False
[role] 洪 -> non-core | ok=True attempts=1 fallback=False
[role] 逆 -> non-core | ok=True attempts=1 fallback=False
[role] 顺 -> non-core | ok=True attempts=1 fallback=False
[role] 濡脉 -> core | ok=True attempts=1 fallback=False
[role] 症真脉假 -> non-core | ok=True attempts=1 fallback=False
[role] 舍症从脉 -> non-core | ok=True attempts=1 fallback=False
[role] 实热内结 -> non-core | ok=True attempts=1 fallback=False
[role] 舍脉从症 -> non-core | ok=True attempts=1 fallback=False
[role] 脉症顺逆 -> core | ok=True attempts=1 fallback=False
[role] 细 -> non-core | ok=True attempts=1 fallback=False
[role] 弱脉 -> non-core | ok=True attempts=1 fallback=False
[role] 辨寒热 -> non-core | ok=True attempts=1 fallback=False
[role] 皮肤滋润 -> non-core | ok=True attempts=1 fallback=False
[role] 干燥 -> non-core | ok=True attempts=1 fallback=False
[role] 热在表 -> non-core | ok=True attempts=1 fallback=False
[role] 热在里 -> non-core | ok=True attempts=1 fallback=False
[role] 按肌肤 -> core | ok=True attempts=1 fallback=False
[role] 察润燥 -> non-core | ok=True attempts=1 fallback=False
[role] 热闭于里 -> non-core | ok=True attempts=1 fallback=False
[role] 脉真症假 -> non-core | ok=True attempts=1 fallback=False
[role] 干瘪 -> non-core | ok=True attempts=1 fallback=False
[role] 阴津不足 -> non-core | ok=True attempts=1 fallback=False
[role] 诊肿胀 -> non-core | ok=True attempts=1 fallback=False
[role] 皮肤甲错 -> non-core | ok=True attempts=1 fallback=False
[role] 棘手 -> non-core | ok=True attempts=1 fallback=False
[role] 津伤较重 -> non-core | ok=True attempts=1 fallback=False
[role] 有脓 -> non-core | ok=True attempts=1 fallback=False
[role] 汗未出 -> non-core | ok=True attempts=1 fallback=False
[role] 气肿 -> non-core | ok=True attempts=1 fallback=False
[role] 审痈疡 -> non-core | ok=True attempts=1 fallback=False
[role] 脓浅 -> non-core | ok=True attempts=1 fallback=False
[role] 无脓 -> non-core | ok=True attempts=1 fallback=False
[role] 尺肤 -> non-core | ok=True attempts=1 fallback=False
[role] 波动感 -> non-core | ok=True attempts=1 fallback=False
[role] 缓 -> non-core | ok=True attempts=1 fallback=False
[role] 滑 -> non-core | ok=True attempts=1 fallback=False
[role] 气血不和 -> non-core | ok=True attempts=1 fallback=False
[role] 脓深 -> non-core | ok=True attempts=1 fallback=False
[role] 急 -> non-core | ok=True attempts=1 fallback=False
[role] 津枯 -> non-core | ok=True attempts=1 fallback=False
[role] 尺肤热甚 -> non-core | ok=True attempts=1 fallback=False
[role] 外感发热 -> non-core | ok=True attempts=1 fallback=False
[role] 温热证 -> core | ok=True attempts=1 fallback=False
[role] 手足俱热 -> non-core | ok=True attempts=1 fallback=False
[role] 手掌冷热 -> non-core | ok=True attempts=1 fallback=False
[role] 内伤阴虚发热 -> non-core | ok=True attempts=1 fallback=False
[role] 里寒偏盛 -> core | ok=True attempts=1 fallback=False
[role] 手足俱冷 -> non-core | ok=True attempts=1 fallback=False
[role] 尺肤寒冷 -> non-core | ok=True attempts=1 fallback=False
[role] 热厥证 -> non-core | ok=True attempts=1 fallback=False
[role] 脐腹 -> non-core | ok=True attempts=1 fallback=False
[role] 麻疹患儿中指尖独冷 -> non-core | ok=True attempts=1 fallback=False
[role] 脐上 -> non-core | ok=True attempts=1 fallback=False
[role] 脘腹按诊 -> core | ok=True attempts=1 fallback=False
[role] 壮热而指尖冷 -> non-core | ok=True attempts=1 fallback=False
[role] 心下 -> core | ok=True attempts=1 fallback=False
[role] 脐下 -> non-core | ok=True attempts=1 fallback=False
[role] 胃脘 -> core | ok=True attempts=1 fallback=False
[role] 左右腹 -> non-core | ok=True attempts=1 fallback=False
[role] 水鼓 -> non-core | ok=True attempts=1 fallback=False
[role] 小儿掌心发热 -> non-core | ok=True attempts=1 fallback=False
[role] 气鼓 -> non-core | ok=True attempts=1 fallback=False
[role] 积聚 -> non-core | ok=True attempts=1 fallback=False
[role] 积 -> non-core | ok=True attempts=1 fallback=False
[role] 脐周 -> non-core | ok=True attempts=1 fallback=False
[role] 表里辨证 -> core | ok=True attempts=1 fallback=False
[role] 痞满 -> non-core | ok=True attempts=1 fallback=False
[role] 胃俞穴 -> non-core | ok=True attempts=1 fallback=False
[role] 胸胁苦满 -> non-core | ok=True attempts=1 fallback=False
[role] 苔薄 -> non-core | ok=True attempts=1 fallback=False
[role] 聚 -> non-core | ok=True attempts=1 fallback=False
[role] 脉浮 -> non-core | ok=True attempts=1 fallback=False
[role] 发热恶寒并见 -> core | ok=True attempts=1 fallback=False
[role] 脉沉 -> non-core | ok=True attempts=1 fallback=False
[role] 寒热辨证 -> core | ok=True attempts=1 fallback=False
[role] 冷痛喜温 -> non-core | ok=True attempts=1 fallback=False
[role] 半表半里证 -> core | ok=True attempts=1 fallback=False
[role] 肢冷蜷卧 -> non-core | ok=True attempts=1 fallback=False
[role] 面色苍白 -> non-core | ok=True attempts=1 fallback=False
[role] 大便溏泄 -> non-core | ok=True attempts=1 fallback=False
[role] 虚热证 -> core | ok=True attempts=1 fallback=False
[role] 口淡不渴 -> non-core | ok=True attempts=1 fallback=False
[role] 舌淡苔白润滑 -> non-core | ok=True attempts=1 fallback=False
[role] 小便清长 -> non-core | ok=True attempts=1 fallback=False
[role] 面红目赤 -> non-core | ok=True attempts=1 fallback=False
[role] 脉迟 -> non-core | ok=True attempts=1 fallback=False
[role] 口渴喜冷饮 -> non-core | ok=True attempts=1 fallback=False
[role] 恶热喜凉 -> non-core | ok=True attempts=1 fallback=False
[role] 少苔 -> non-core | ok=True attempts=1 fallback=False
[role] 舌红苔黄 -> non-core | ok=True attempts=1 fallback=False
[role] 真寒假热证 -> core | ok=True attempts=1 fallback=False
[role] 口不渴 -> non-core | ok=True attempts=1 fallback=False
[role] 大便秘结 -> non-core | ok=True attempts=1 fallback=False
[role] 真热假寒证 -> core | ok=True attempts=1 fallback=False
[role] 四肢逆冷 -> non-core | ok=True attempts=1 fallback=False
[role] 恶寒喜暖 -> non-core | ok=True attempts=1 fallback=False
[role] 面色白 -> non-core | ok=True attempts=1 fallback=False
[role] 舌淡苔白滑 -> non-core | ok=True attempts=1 fallback=False
[role] 面色红赤 -> non-core | ok=True attempts=1 fallback=False
[role] 假热 -> non-core | ok=True attempts=1 fallback=False
[role] 口渴不欲饮 -> non-core | ok=True attempts=1 fallback=False
[role] 发热恶热 -> non-core | ok=True attempts=1 fallback=False
[role] 大便稀溏 -> non-core | ok=True attempts=1 fallback=False
[role] 四肢灼热 -> non-core | ok=True attempts=1 fallback=False
[role] 脉浮大按之无力 -> non-core | ok=True attempts=1 fallback=False
[role] 脉沉迟有力 -> non-core | ok=True attempts=1 fallback=False
[role] 阳气郁闭 -> core | ok=True attempts=1 fallback=False
[role] 邪热内盛 -> core | ok=True attempts=1 fallback=False
[role] 虚虚实实之误 -> non-core | ok=True attempts=1 fallback=False
[role] 身热胸腹灼热 -> non-core | ok=True attempts=1 fallback=False
[role] 假寒 -> non-core | ok=True attempts=1 fallback=False
[role] 疾病耗损 -> non-core | ok=True attempts=1 fallback=False
[role] 邪气不著 -> non-core | ok=True attempts=1 fallback=False
[role] 饮食失调 -> non-core | ok=True attempts=1 fallback=False
[role] 思虑劳倦 -> non-core | ok=True attempts=1 fallback=False
[role] 气血营阴 -> core | ok=True attempts=1 fallback=False
[role] 久病失治 -> non-core | ok=True attempts=1 fallback=False
[role] 邪气盛实 -> core | ok=True attempts=1 fallback=False
[role] 六淫疫疠 -> core | ok=True attempts=1 fallback=False
[role] 正气奋起抗邪 -> non-core | ok=True attempts=1 fallback=False
[role] 肾精元气 -> core | ok=True attempts=1 fallback=False
[role] 正气不虚 -> non-core | ok=True attempts=1 fallback=False
[role] 形体虚弱 -> non-core | ok=True attempts=1 fallback=False
[role] 攻补治疗 -> core | ok=True attempts=1 fallback=False
[role] 邪气壅盛 -> core | ok=True attempts=1 fallback=False
[role] 四诊 -> core | ok=True attempts=1 fallback=False
[role] 声低息微 -> non-core | ok=True attempts=1 fallback=False
[role] 腹痛隐痛 -> non-core | ok=True attempts=1 fallback=False
[role] 舌淡嫩无苔或少苔 -> non-core | ok=True attempts=1 fallback=False
[role] 脉虚弱无力 -> non-core | ok=True attempts=1 fallback=False
[role] 腹胀喜按 -> non-core | ok=True attempts=1 fallback=False
[role] 痛处喜按 -> non-core | ok=True attempts=1 fallback=False
[role] 精神亢奋 -> non-core | ok=True attempts=1 fallback=False
[role] 形体壮实 -> non-core | ok=True attempts=1 fallback=False
[role] 声高息粗 -> non-core | ok=True attempts=1 fallback=False
[role] 舌苔厚腻 -> non-core | ok=True attempts=1 fallback=False
[role] 疼痛拒按 -> non-core | ok=True attempts=1 fallback=False
[role] 舌质苍老 -> non-core | ok=True attempts=1 fallback=False
[role] 脉实有力 -> non-core | ok=True attempts=1 fallback=False
[role] 腹胀拒按 -> non-core | ok=True attempts=1 fallback=False
[role] 腹痛剧烈 -> non-core | ok=True attempts=1 fallback=False
[role] 腹部胀满 -> non-core | ok=True attempts=1 fallback=False
[role] 真虚假实证 -> core | ok=True attempts=1 fallback=False
[role] 喘促而气短 -> non-core | ok=True attempts=1 fallback=False
[role] 大便闭塞 -> non-core | ok=True attempts=1 fallback=False
[role] 默默不语 -> non-core | ok=True attempts=1 fallback=False
[role] 胀满喜按 -> non-core | ok=True attempts=1 fallback=False
[role] 真实假虚证 -> core | ok=True attempts=1 fallback=False
[role] 呼吸喘促 -> core | ok=True attempts=1 fallback=False
[role] 肢体羸瘦 -> non-core | ok=True attempts=1 fallback=False
[role] 便闭而腹不硬满 -> non-core | ok=True attempts=1 fallback=False
[role] 脉沉迟 -> non-core | ok=True attempts=1 fallback=False
[role] 乏力而动觉舒 -> non-core | ok=True attempts=1 fallback=False
[role] 脉象沉取之有力有神 -> non-core | ok=True attempts=1 fallback=False
[role] 不语而声高气粗 -> non-core | ok=True attempts=1 fallback=False
[role] 脉沉迟而按之有力 -> non-core | ok=True attempts=1 fallback=False
[role] 舌质嫩胖与苍老 -> non-core | ok=True attempts=1 fallback=False
[role] 言语呼吸之高亢与低怯 -> non-core | ok=True attempts=1 fallback=False
[role] 羸瘦而腹硬满拒按 -> non-core | ok=True attempts=1 fallback=False
[role] 阴阳辨证 -> core | ok=True attempts=1 fallback=False
[role] 病程 -> core | ok=True attempts=1 fallback=False
[role] 八纲辨证 -> core | ok=True attempts=1 fallback=False
[role] 阳盛（实热） -> non-core | ok=True attempts=1 fallback=False
[role] 表里寒热虚实六纲 -> core | ok=True attempts=1 fallback=False
[role] 阴盛（实寒） -> non-core | ok=True attempts=1 fallback=False
[role] 虚烦躁扰 -> non-core | ok=True attempts=1 fallback=False
[role] 畏寒肢冷 -> non-core | ok=True attempts=1 fallback=False
[role] 脉微欲绝 -> non-core | ok=True attempts=1 fallback=False
[role] 亡阴证 -> core | ok=True attempts=1 fallback=False
[role] 亡阳证 -> core | ok=True attempts=1 fallback=False
[role] 气虚症状 -> core | ok=True attempts=1 fallback=False
[role] 证的相兼 -> core | ok=True attempts=1 fallback=False
[role] 脉细数 -> non-core | ok=True attempts=1 fallback=False
[role] 脉细数疾 -> non-core | ok=True attempts=1 fallback=False
[role] 里虚热 -> non-core | ok=True attempts=1 fallback=False
[role] 表虚寒 -> non-core | ok=True attempts=1 fallback=False
[role] 表实热 -> non-core | ok=True attempts=1 fallback=False
[role] 表实寒 -> core | ok=True attempts=1 fallback=False
[role] 里实热 -> non-core | ok=True attempts=1 fallback=False
[role] 里实寒 -> core | ok=True attempts=1 fallback=False
[role] 里虚寒 -> core | ok=True attempts=1 fallback=False
[role] 恶寒重发热轻 -> non-core | ok=True attempts=1 fallback=False
[role] 头项强痛 -> non-core | ok=True attempts=1 fallback=False
[role] 脉浮紧 -> non-core | ok=True attempts=1 fallback=False
[role] 发热重恶寒轻 -> non-core | ok=True attempts=1 fallback=False
[role] 八纲 -> core | ok=True attempts=1 fallback=False
[role] 表虚热 -> non-core | ok=True attempts=1 fallback=False
[role] 脉数有力 -> non-core | ok=True attempts=1 fallback=False
[role] 证的错杂 -> core | ok=True attempts=1 fallback=False
[role] 脉紧或迟而有力 -> non-core | ok=True attempts=1 fallback=False
[role] 表里同病 -> core | ok=True attempts=1 fallback=False
[role] 小便短黄 -> non-core | ok=True attempts=1 fallback=False
[role] 寒热错杂 -> core | ok=True attempts=1 fallback=False
[role] 表实寒里实热证 -> non-core | ok=True attempts=1 fallback=False
[role] 正虚 -> core | ok=True attempts=1 fallback=False
[role] 邪实 -> core | ok=True attempts=1 fallback=False
[role] 治疗干预 -> core | ok=True attempts=1 fallback=False
[role] 表实热里虚寒证 -> core | ok=True attempts=1 fallback=False
[role] 证的转化 -> core | ok=True attempts=1 fallback=False
[role] 脉浮数 -> non-core | ok=True attempts=1 fallback=False
[role] 表实热里实寒证 -> non-core | ok=True attempts=1 fallback=False
[role] 脉洪数 -> non-core | ok=True attempts=1 fallback=False
[role] 里实热证 -> non-core | ok=True attempts=1 fallback=False
[role] 出疹 -> non-core | ok=True attempts=1 fallback=False
[role] 表邪入里 -> core | ok=True attempts=1 fallback=False
[role] 虚实并重 -> core | ok=True attempts=1 fallback=False
[role] 里邪出表 -> core | ok=True attempts=1 fallback=False
[role] 汗出 -> non-core | ok=True attempts=1 fallback=False
[role] 热毒内闭 -> non-core | ok=True attempts=1 fallback=False
[role] 热退身凉 -> non-core | ok=True attempts=1 fallback=False
[role] 热证转寒 -> non-core | ok=True attempts=1 fallback=False
[role] 松弛 -> non-core | ok=True attempts=1 fallback=False
[role] 脉微 -> non-core | ok=True attempts=1 fallback=False
[role] 表实寒里虚热证 -> non-core | ok=True attempts=1 fallback=False
[role] 病机动态变化 -> core | ok=True attempts=1 fallback=False
[role] 恶寒畏寒 -> core | ok=True attempts=1 fallback=False
[role] 寒证化热 -> core | ok=True attempts=1 fallback=False
[role] 假寒象 -> non-core | ok=True attempts=1 fallback=False
[role] 邪正力量对比 -> core | ok=True attempts=1 fallback=False
[role] 手足烦热 -> non-core | ok=True attempts=1 fallback=False
[role] 不足 -> non-core | ok=True attempts=1 fallback=False
[role] 衰退 -> non-core | ok=True attempts=1 fallback=False
[role] 脉迟或紧 -> non-core | ok=True attempts=1 fallback=False
[role] 劳倦过度 -> non-core | ok=True attempts=1 fallback=False
[role] 亢盛 -> non-core | ok=True attempts=1 fallback=False
[role] 假热象 -> non-core | ok=True attempts=1 fallback=False
[role] 有余 -> core | ok=True attempts=1 fallback=False
[role] 正气抗邪 -> non-core | ok=True attempts=1 fallback=False
[role] 实证宜攻 -> core | ok=True attempts=1 fallback=False
[role] 停聚 -> non-core | ok=True attempts=1 fallback=False
[role] 虚证宜补 -> core | ok=True attempts=1 fallback=False
[role] 六淫疫疠之邪 -> core | ok=True attempts=1 fallback=False
[role] 舌质嫩胖 -> non-core | ok=True attempts=1 fallback=False
[role] 疼痛剧烈拒按 -> non-core | ok=True attempts=1 fallback=False
[role] 沉取 -> non-core | ok=True attempts=1 fallback=False
[role] 有神无神 -> non-core | ok=True attempts=1 fallback=False
[role] 表 -> core | ok=True attempts=1 fallback=False
[role] 言语呼吸高亢 -> non-core | ok=True attempts=1 fallback=False
[role] 阴盛 -> non-core | ok=True attempts=1 fallback=False
[role] 里 -> core | ok=True attempts=1 fallback=False
[role] 病程治疗经过 -> core | ok=True attempts=1 fallback=False
[role] 言语呼吸低怯 -> non-core | ok=True attempts=1 fallback=False
[role] 阳盛 -> non-core | ok=True attempts=1 fallback=False
[role] 表证入里 -> core | ok=True attempts=1 fallback=False
[role] 阴阳消长失衡 -> core | ok=True attempts=1 fallback=False
[role] 热证因寒化而转为寒证 -> non-core | ok=True attempts=1 fallback=False
[role] 病机转化 -> core | ok=True attempts=1 fallback=False
[role] 寒热相互转化 -> core | ok=True attempts=1 fallback=False
[role] 阳气偏盛 -> core | ok=True attempts=1 fallback=False
[role] 关节红肿灼痛 -> non-core | ok=True attempts=1 fallback=False
[role] 温燥之品 -> non-core | ok=True attempts=1 fallback=False
[role] 阳热内郁 -> non-core | ok=True attempts=1 fallback=False
[role] 痹病 -> core | ok=True attempts=1 fallback=False
[role] 病势缓急 -> core | ok=True attempts=1 fallback=False
[role] 相兼证 -> core | ok=True attempts=1 fallback=False
[role] 里寒 -> core | ok=True attempts=1 fallback=False
[role] 阳气盛衰 -> core | ok=True attempts=1 fallback=False
[role] 实证转虚 -> core | ok=True attempts=1 fallback=False
[role] 下法 -> non-core | ok=True attempts=1 fallback=False
[role] 神疲 -> non-core | ok=True attempts=1 fallback=False
[role] 正邪盛衰 -> core | ok=True attempts=1 fallback=False
[role] 乏力 -> non-core | ok=True attempts=1 fallback=False
[role] 元气不足 -> core | ok=True attempts=1 fallback=False
[role] 脉虚 -> non-core | ok=True attempts=1 fallback=False
[role] 语声低微 -> non-core | ok=True attempts=1 fallback=False
[role] 脏腑组织功能减退 -> non-core | ok=True attempts=1 fallback=False
[role] 畏风 -> non-core | ok=True attempts=1 fallback=False
[role] 易感冒 -> non-core | ok=True attempts=1 fallback=False
[role] 动则加重 -> non-core | ok=True attempts=1 fallback=False
[role] 少气懒言 -> non-core | ok=True attempts=1 fallback=False
[role] 久病重病 -> non-core | ok=True attempts=1 fallback=False
[role] 年老体弱 -> non-core | ok=True attempts=1 fallback=False
[role] 舌淡苔白 -> non-core | ok=True attempts=1 fallback=False
[role] 劳累过度 -> non-core | ok=True attempts=1 fallback=False
[role] 卫外不足 -> non-core | ok=True attempts=1 fallback=False
[role] 风邪易侵 -> non-core | ok=True attempts=1 fallback=False
[role] 宗气不足 -> non-core | ok=True attempts=1 fallback=False
[role] 劳则伤气 -> non-core | ok=True attempts=1 fallback=False
[role] 气陷证 -> core | ok=True attempts=1 fallback=False
[role] 气坠 -> non-core | ok=True attempts=1 fallback=False
[role] 营阴外泄 -> non-core | ok=True attempts=1 fallback=False
[role] 头目眩晕 -> non-core | ok=True attempts=1 fallback=False
[role] 久泻久痢 -> non-core | ok=True attempts=1 fallback=False
[role] 脘腹重坠 -> non-core | ok=True attempts=1 fallback=False
[role] 脏器下垂 -> non-core | ok=True attempts=1 fallback=False
[role] 便意频频 -> non-core | ok=True attempts=1 fallback=False
[role] 脉弱 -> non-core | ok=True attempts=1 fallback=False
[role] 气机运行不畅 -> core | ok=True attempts=1 fallback=False
[role] 气滞证 -> core | ok=True attempts=1 fallback=False
[role] 窜痛 -> non-core | ok=True attempts=1 fallback=False
[role] 胀闷疼痛 -> non-core | ok=True attempts=1 fallback=False
[role] 阳气虚弱温运无力 -> non-core | ok=True attempts=1 fallback=False
[role] 清阳不升 -> core | ok=True attempts=1 fallback=False
[role] 中焦运化 -> non-core | ok=True attempts=1 fallback=False
[role] 攻痛 -> non-core | ok=True attempts=1 fallback=False
[role] 胸胁脘腹胀闷 -> non-core | ok=True attempts=1 fallback=False
[role] 脾胃气滞 -> core | ok=True attempts=1 fallback=False
[role] 病理产物阻滞 -> core | ok=True attempts=1 fallback=False
[role] 矢气 -> non-core | ok=True attempts=1 fallback=False
[role] 呃逆呕吐 -> non-core | ok=True attempts=1 fallback=False
[role] 咳嗽喘促 -> non-core | ok=True attempts=1 fallback=False
[role] 气逆证 -> core | ok=True attempts=1 fallback=False
[role] 气机升降失常 -> core | ok=True attempts=1 fallback=False
[role] 头晕目眩 -> non-core | ok=True attempts=1 fallback=False
[role] 肺气上逆 -> non-core | ok=True attempts=1 fallback=False
[role] 恶心 -> non-core | ok=True attempts=1 fallback=False
[role] 昏厥 -> non-core | ok=True attempts=1 fallback=False
[role] 呕血 -> non-core | ok=True attempts=1 fallback=False
[role] 痰浊壅滞 -> non-core | ok=True attempts=1 fallback=False
[role] 食积阻滞 -> non-core | ok=True attempts=1 fallback=False
[role] 外邪犯胃 -> non-core | ok=True attempts=1 fallback=False
[role] 寒饮 -> core | ok=True attempts=1 fallback=False
[role] 肝气升发太过 -> non-core | ok=True attempts=1 fallback=False
[role] 郁怒伤肝 -> non-core | ok=True attempts=1 fallback=False
[role] 血虚证 -> core | ok=True attempts=1 fallback=False
[role] 血随气涌 -> non-core | ok=True attempts=1 fallback=False
[role] 辨证要点 -> core | ok=True attempts=1 fallback=False
[role] 面淡白 -> non-core | ok=True attempts=1 fallback=False
[role] 组织 -> non-core | ok=True attempts=1 fallback=False
[role] 气火上逆 -> core | ok=True attempts=1 fallback=False
[role] 睑淡白 -> non-core | ok=True attempts=1 fallback=False
[role] 脉细 -> non-core | ok=True attempts=1 fallback=False
[role] 舌淡白 -> non-core | ok=True attempts=1 fallback=False
[role] 指甲淡白 -> non-core | ok=True attempts=1 fallback=False
[role] 口唇淡白 -> non-core | ok=True attempts=1 fallback=False
[role] 瘀血不去 -> non-core | ok=True attempts=1 fallback=False
[role] 四肢麻木 -> non-core | ok=True attempts=1 fallback=False
[role] 月经量少色淡 -> non-core | ok=True attempts=1 fallback=False
[role] 眼睑淡白 -> non-core | ok=True attempts=1 fallback=False
[role] 暗耗阴血 -> non-core | ok=True attempts=1 fallback=False
[role] 爪甲淡白 -> non-core | ok=True attempts=1 fallback=False
[role] 血虚不能上荣于面 -> non-core | ok=True attempts=1 fallback=False
[role] 生成不足 -> non-core | ok=True attempts=1 fallback=False
[role] 先后天失调 -> non-core | ok=True attempts=1 fallback=False
[role] 脑海空虚 -> non-core | ok=True attempts=1 fallback=False
[role] 部位固定 -> non-core | ok=True attempts=1 fallback=False
[role] 血虚之象 -> non-core | ok=True attempts=1 fallback=False
[role] 冲任空虚 -> non-core | ok=True attempts=1 fallback=False
[role] 口唇指甲青紫 -> non-core | ok=True attempts=1 fallback=False
[role] 月经后期 -> non-core | ok=True attempts=1 fallback=False
[role] 瘀斑 -> non-core | ok=True attempts=1 fallback=False
[role] 脉涩 -> non-core | ok=True attempts=1 fallback=False
[role] 血液运行迟缓 -> non-core | ok=True attempts=1 fallback=False
[role] 瘀血内结 -> non-core | ok=True attempts=1 fallback=False
[role] 舌紫暗 -> non-core | ok=True attempts=1 fallback=False
[role] 血色紫黑有块 -> non-core | ok=True attempts=1 fallback=False
[role] 夜间阴血凝滞 -> non-core | ok=True attempts=1 fallback=False
[role] 络脉不通 -> non-core | ok=True attempts=1 fallback=False
[role] 皮肤爪甲失养 -> non-core | ok=True attempts=1 fallback=False
[role] 固定不移 -> non-core | ok=True attempts=1 fallback=False
[role] 肤色青紫 -> non-core | ok=True attempts=1 fallback=False
[role] 躁扰不宁 -> non-core | ok=True attempts=1 fallback=False
[role] 血不循经 -> non-core | ok=True attempts=1 fallback=False
[role] 身热夜甚 -> non-core | ok=True attempts=1 fallback=False
[role] 实热证候 -> core | ok=True attempts=1 fallback=False
[role] 出血色深红 -> non-core | ok=True attempts=1 fallback=False
[role] 狂乱神昏谵语 -> non-core | ok=True attempts=1 fallback=False
[role] 血热证 -> core | ok=True attempts=1 fallback=False
[role] 疮痈 -> non-core | ok=True attempts=1 fallback=False
[role] 斑疹显露 -> non-core | ok=True attempts=1 fallback=False
[role] 舌绛 -> non-core | ok=True attempts=1 fallback=False
[role] 情志过极化热 -> non-core | ok=True attempts=1 fallback=False
[role] 热入血分 -> core | ok=True attempts=1 fallback=False
[role] 过食辛辣嗜酒 -> non-core | ok=True attempts=1 fallback=False
[role] 邪郁化热 -> non-core | ok=True attempts=1 fallback=False
[role] 外感热邪 -> non-core | ok=True attempts=1 fallback=False
[role] 血热内扰心神 -> core | ok=True attempts=1 fallback=False
[role] 热伤血络 -> core | ok=True attempts=1 fallback=False
[role] 热邪腐肉成脓 -> non-core | ok=True attempts=1 fallback=False
[role] 血寒证 -> core | ok=True attempts=1 fallback=False
[role] 冷痛拘急 -> non-core | ok=True attempts=1 fallback=False
[role] 肤色紫暗 -> non-core | ok=True attempts=1 fallback=False
[role] 月经愆期 -> non-core | ok=True attempts=1 fallback=False
[role] 实寒证候 -> core | ok=True attempts=1 fallback=False
[role] 形寒 -> non-core | ok=True attempts=1 fallback=False
[role] 经色紫暗夹血块 -> non-core | ok=True attempts=1 fallback=False
[role] 手足或少腹冷痛拘急 -> non-core | ok=True attempts=1 fallback=False
[role] 舌淡紫苔白润 -> non-core | ok=True attempts=1 fallback=False
[role] 得温痛减 -> non-core | ok=True attempts=1 fallback=False
[role] 寒性凝滞收引 -> core | ok=True attempts=1 fallback=False
[role] 胸胁胀闷疼痛 -> non-core | ok=True attempts=1 fallback=False
[role] 气滞血瘀证 -> core | ok=True attempts=1 fallback=False
[role] 唇甲青紫 -> non-core | ok=True attempts=1 fallback=False
[role] 温煦失职 -> non-core | ok=True attempts=1 fallback=False
[role] 烦躁易怒 -> non-core | ok=True attempts=1 fallback=False
[role] 阳气被遏 -> non-core | ok=True attempts=1 fallback=False
[role] 肝脉循行部位 -> non-core | ok=True attempts=1 fallback=False
[role] 脉沉涩 -> non-core | ok=True attempts=1 fallback=False
[role] 血行瘀阻 -> core | ok=True attempts=1 fallback=False
[role] 舌紫暗有瘀斑 -> non-core | ok=True attempts=1 fallback=False
[role] 情志抑郁 -> non-core | ok=True attempts=1 fallback=False
[role] 面色暗滞 -> non-core | ok=True attempts=1 fallback=False
[role] 胁下痞块 -> non-core | ok=True attempts=1 fallback=False
[role] 刺痛拒按 -> non-core | ok=True attempts=1 fallback=False
[role] 痛处不移 -> non-core | ok=True attempts=1 fallback=False
[role] 气虚血瘀证 -> core | ok=True attempts=1 fallback=False
[role] 身倦乏力 -> non-core | ok=True attempts=1 fallback=False
[role] 拒按 -> non-core | ok=True attempts=1 fallback=False
[role] 舌淡暗 -> non-core | ok=True attempts=1 fallback=False
[role] 紫斑 -> non-core | ok=True attempts=1 fallback=False
[role] 气血两虚证 -> core | ok=True attempts=1 fallback=False
[role] 萎黄 -> non-core | ok=True attempts=1 fallback=False
[role] 乏力自汗 -> non-core | ok=True attempts=1 fallback=False
[role] 脉沉细涩 -> non-core | ok=True attempts=1 fallback=False
[role] 瘀阻络脉 -> non-core | ok=True attempts=1 fallback=False
[role] 脉细弱 -> non-core | ok=True attempts=1 fallback=False
[role] 久病体弱 -> non-core | ok=True attempts=1 fallback=False
[role] 唇甲淡白 -> non-core | ok=True attempts=1 fallback=False
[role] 血虚无以化气 -> non-core | ok=True attempts=1 fallback=False
[role] 舌淡 -> non-core | ok=True attempts=1 fallback=False
[role] 气虚不能生血 -> core | ok=True attempts=1 fallback=False
[role] 气血两虚不能上荣于头面、舌体 -> non-core | ok=True attempts=1 fallback=False
[role] 气不摄血证 -> core | ok=True attempts=1 fallback=False
[role] 血不养心 -> core | ok=True attempts=1 fallback=False
[role] 面白无华 -> non-core | ok=True attempts=1 fallback=False
[role] 慢性失血 -> non-core | ok=True attempts=1 fallback=False
[role] 血虚不能充盈脉络 -> non-core | ok=True attempts=1 fallback=False
[role] 尿血 -> core | ok=True attempts=1 fallback=False
[role] 皮下紫斑 -> non-core | ok=True attempts=1 fallback=False
[role] 统摄无权 -> core | ok=True attempts=1 fallback=False
[role] 脉微细欲绝 -> non-core | ok=True attempts=1 fallback=False
[role] 晕厥 -> core | ok=True attempts=1 fallback=False
[role] 气随血脱证 -> core | ok=True attempts=1 fallback=False
[role] 大汗淋漓 -> non-core | ok=True attempts=1 fallback=False
[role] 气随血耗 -> non-core | ok=True attempts=1 fallback=False
[role] 冲任不固 -> non-core | ok=True attempts=1 fallback=False
[role] 分娩 -> non-core | ok=True attempts=1 fallback=False
[role] 脉浮大而散 -> non-core | ok=True attempts=1 fallback=False
[role] 妇女崩漏 -> non-core | ok=True attempts=1 fallback=False
[role] 脉道失充 -> non-core | ok=True attempts=1 fallback=False
[role] 阳气浮越外亡 -> non-core | ok=True attempts=1 fallback=False
[role] 津液不足证 -> core | ok=True attempts=1 fallback=False
[role] 运化无权 -> non-core | ok=True attempts=1 fallback=False
[role] 阳气脱失 -> non-core | ok=True attempts=1 fallback=False
[role] 官窍皮肤干燥 -> non-core | ok=True attempts=1 fallback=False
[role] 大下 -> non-core | ok=True attempts=1 fallback=False
[role] 津液生成不足 -> non-core | ok=True attempts=1 fallback=False
[role] 大吐 -> non-core | ok=True attempts=1 fallback=False
[role] 唇燥而裂 -> non-core | ok=True attempts=1 fallback=False
[role] 舌红少津 -> non-core | ok=True attempts=1 fallback=False
[role] 肢节酸痛 -> non-core | ok=True attempts=1 fallback=False
[role] 眼球深陷 -> non-core | ok=True attempts=1 fallback=False
[role] 浮肿 -> core | ok=True attempts=1 fallback=False
[role] 痰证 -> core | ok=True attempts=1 fallback=False
[role] 体胖 -> non-core | ok=True attempts=1 fallback=False
[role] 水停证 -> core | ok=True attempts=1 fallback=False
[role] 内燥证 -> core | ok=True attempts=1 fallback=False
[role] 纳呆便溏 -> non-core | ok=True attempts=1 fallback=False
[role] 皮肤枯瘪 -> non-core | ok=True attempts=1 fallback=False
[role] 神昏癫狂 -> non-core | ok=True attempts=1 fallback=False
[role] 咳喘胸闷 -> non-core | ok=True attempts=1 fallback=False
[role] 脘痞恶心 -> non-core | ok=True attempts=1 fallback=False
[role] 咳吐痰多 -> non-core | ok=True attempts=1 fallback=False
[role] 脘闷腹胀 -> non-core | ok=True attempts=1 fallback=False
[role] 外感风邪 -> non-core | ok=True attempts=1 fallback=False
[role] 苔腻脉滑 -> non-core | ok=True attempts=1 fallback=False
[role] 水液代谢失常 -> core | ok=True attempts=1 fallback=False
[role] 正虚劳倦 -> non-core | ok=True attempts=1 fallback=False
[role] 饮证 -> core | ok=True attempts=1 fallback=False
[role] 水湿浸淫 -> non-core | ok=True attempts=1 fallback=False
[role] 肢体麻木 -> non-core | ok=True attempts=1 fallback=False
[role] 胸闷脘痞 -> non-core | ok=True attempts=1 fallback=False
[role] 咳吐清稀痰涎 -> non-core | ok=True attempts=1 fallback=False
[role] 外邪侵袭 -> non-core | ok=True attempts=1 fallback=False
[role] 呕吐清水 -> non-core | ok=True attempts=1 fallback=False
[role] 苔白滑 -> non-core | ok=True attempts=1 fallback=False
[role] 中阳素虚 -> non-core | ok=True attempts=1 fallback=False
[role] 停胸胁 -> non-core | ok=True attempts=1 fallback=False
[role] 停胃肠 -> non-core | ok=True attempts=1 fallback=False
[role] 水饮凌心 -> non-core | ok=True attempts=1 fallback=False
[role] 泛溢肌肤 -> non-core | ok=True attempts=1 fallback=False
[role] 水液输布障碍 -> core | ok=True attempts=1 fallback=False
[role] 胸胁胀痛 -> non-core | ok=True attempts=1 fallback=False
[role] 停肺 -> non-core | ok=True attempts=1 fallback=False
[role] 胸闷心悸 -> non-core | ok=True attempts=1 fallback=False
[role] 肢体困重 -> non-core | ok=True attempts=1 fallback=False
[role] 水液运化失常 -> core | ok=True attempts=1 fallback=False
[role] 肢体重痛 -> non-core | ok=True attempts=1 fallback=False
[role] 咳嗽痰多清稀 -> non-core | ok=True attempts=1 fallback=False
[role] 湿邪内困脾胃 -> non-core | ok=True attempts=1 fallback=False
[role] 面色晦垢 -> non-core | ok=True attempts=1 fallback=False
[role] 苔滑或腻 -> non-core | ok=True attempts=1 fallback=False
[role] 脾虚运化无力 -> non-core | ok=True attempts=1 fallback=False
[role] 头重如裹 -> non-core | ok=True attempts=1 fallback=False
[role] 胸闷气短 -> non-core | ok=True attempts=1 fallback=False
[role] 脉濡缓 -> non-core | ok=True attempts=1 fallback=False
[role] 清阳 -> non-core | ok=True attempts=1 fallback=False
[role] 恶心欲呕 -> non-core | ok=True attempts=1 fallback=False
[role] 精神疲惫 -> non-core | ok=True attempts=1 fallback=False
[role] 推动无力 -> non-core | ok=True attempts=1 fallback=False
[role] 心气虚证 -> core | ok=True attempts=1 fallback=False
[role] 久病失养 -> non-core | ok=True attempts=1 fallback=False
[role] 体倦乏力 -> non-core | ok=True attempts=1 fallback=False
[role] 年高心气虚衰 -> non-core | ok=True attempts=1 fallback=False
[role] 血运无力 -> non-core | ok=True attempts=1 fallback=False
[role] 宗气运转无力 -> non-core | ok=True attempts=1 fallback=False
[role] 卫外不固 -> non-core | ok=True attempts=1 fallback=False
[role] 心痛 -> non-core | ok=True attempts=1 fallback=False
[role] 心动失常 -> core | ok=True attempts=1 fallback=False
[role] 心阳虚证 -> core | ok=True attempts=1 fallback=False
[role] 心阳虚衰 -> core | ok=True attempts=1 fallback=False
[role] 心气虚 -> non-core | ok=True attempts=1 fallback=False
[role] 温养无力 -> non-core | ok=True attempts=1 fallback=False
[role] 鼓动无力 -> non-core | ok=True attempts=1 fallback=False
[role] 温运血行无力 -> non-core | ok=True attempts=1 fallback=False
[role] 胸阳不展 -> non-core | ok=True attempts=1 fallback=False
[role] 肢体失温 -> non-core | ok=True attempts=1 fallback=False
[role] 心阳暴脱证 -> core | ok=True attempts=1 fallback=False
[role] 运血无力 -> non-core | ok=True attempts=1 fallback=False
[role] 阳虚寒盛 -> non-core | ok=True attempts=1 fallback=False
[role] 舌淡胖 -> non-core | ok=True attempts=1 fallback=False
[role] 结代 -> non-core | ok=True attempts=1 fallback=False
[role] 面色㿠白 -> non-core | ok=True attempts=1 fallback=False
[role] 冷汗肢厥 -> non-core | ok=True attempts=1 fallback=False
[role] 亡阳症状 -> non-core | ok=True attempts=1 fallback=False
[role] 宗气外泄 -> non-core | ok=True attempts=1 fallback=False
[role] 心失濡养 -> non-core | ok=True attempts=1 fallback=False
[role] 神志模糊 -> core | ok=True attempts=1 fallback=False
[role] 心血虚证 -> core | ok=True attempts=1 fallback=False
[role] 血虚症状 -> core | ok=True attempts=1 fallback=False
[role] 久病耗伤阴血 -> non-core | ok=True attempts=1 fallback=False
[role] 唇舌淡白 -> non-core | ok=True attempts=1 fallback=False
[role] 失眠多梦 -> non-core | ok=True attempts=1 fallback=False
[role] 血虚不能上荣头目脑髓 -> non-core | ok=True attempts=1 fallback=False
[role] 血少脉道不充 -> non-core | ok=True attempts=1 fallback=False
[role] 心神失养 -> non-core | ok=True attempts=1 fallback=False
[role] 血虚不能上荣于面唇 -> non-core | ok=True attempts=1 fallback=False
[role] 心阴耗损 -> non-core | ok=True attempts=1 fallback=False
[role] 头目失濡 -> non-core | ok=True attempts=1 fallback=False
[role] 心阴虚证 -> core | ok=True attempts=1 fallback=False
[role] 虚热内扰 -> non-core | ok=True attempts=1 fallback=False
[role] 暗耗心阴 -> non-core | ok=True attempts=1 fallback=False
[role] 心失所养 -> non-core | ok=True attempts=1 fallback=False
[role] 思虑劳神过度 -> non-core | ok=True attempts=1 fallback=False
[role] 心动不安 -> non-core | ok=True attempts=1 fallback=False
[role] 心神不守 -> non-core | ok=True attempts=1 fallback=False
[role] 形体消瘦 -> non-core | ok=True attempts=1 fallback=False
[role] 虚热扰心 -> non-core | ok=True attempts=1 fallback=False
[role] 阴液耗损 -> core | ok=True attempts=1 fallback=False
[role] 扰神迫血 -> core | ok=True attempts=1 fallback=False
[role] 心火亢盛证 -> core | ok=True attempts=1 fallback=False
[role] 午后潮热 -> non-core | ok=True attempts=1 fallback=False
[role] 舌红生疮 -> non-core | ok=True attempts=1 fallback=False
[role] 火热下移小肠 -> non-core | ok=True attempts=1 fallback=False
[role] 虚热内生 -> core | ok=True attempts=1 fallback=False
[role] 尿赤 -> non-core | ok=True attempts=1 fallback=False
[role] 狂躁谵语 -> non-core | ok=True attempts=1 fallback=False
[role] 舌尖红 -> non-core | ok=True attempts=1 fallback=False
[role] 吐衄 -> non-core | ok=True attempts=1 fallback=False
[role] 心火内炽 -> non-core | ok=True attempts=1 fallback=False
[role] 本虚标实 -> non-core | ok=True attempts=1 fallback=False
[role] 外感火热之邪 -> core | ok=True attempts=1 fallback=False
[role] 心脉痹阻不通 -> core | ok=True attempts=1 fallback=False
[role] 苔黄 -> non-core | ok=True attempts=1 fallback=False
[role] 火热循经上炎 -> non-core | ok=True attempts=1 fallback=False
[role] 实热症状 -> non-core | ok=True attempts=1 fallback=False
[role] 闷痛 -> non-core | ok=True attempts=1 fallback=False
[role] 气郁化火 -> non-core | ok=True attempts=1 fallback=False
[role] 心脉痹阻证 -> core | ok=True attempts=1 fallback=False
[role] 脉沉滑 -> non-core | ok=True attempts=1 fallback=False
[role] 结代脉 -> non-core | ok=True attempts=1 fallback=False
[role] 瘀阻心脉 -> non-core | ok=True attempts=1 fallback=False
[role] 脉沉紧 -> non-core | ok=True attempts=1 fallback=False
[role] 体胖痰多 -> non-core | ok=True attempts=1 fallback=False
[role] 心胸憋闷疼痛 -> non-core | ok=True attempts=1 fallback=False
[role] 苔厚腻 -> non-core | ok=True attempts=1 fallback=False
[role] 痛势剧烈 -> non-core | ok=True attempts=1 fallback=False
[role] 痰蒙心神证 -> core | ok=True attempts=1 fallback=False
[role] 痰浊症状 -> non-core | ok=True attempts=1 fallback=False
[role] 寒凝心脉 -> non-core | ok=True attempts=1 fallback=False
[role] 气滞心脉 -> non-core | ok=True attempts=1 fallback=False
[role] 痰阻心脉 -> non-core | ok=True attempts=1 fallback=False
[role] 精神抑郁 -> core | ok=True attempts=1 fallback=False
[role] 喃喃自语 -> non-core | ok=True attempts=1 fallback=False
[role] 表情淡漠 -> non-core | ok=True attempts=1 fallback=False
[role] 突然昏仆 -> non-core | ok=True attempts=1 fallback=False
[role] 神志痴呆 -> non-core | ok=True attempts=1 fallback=False
[role] 昏不知人 -> non-core | ok=True attempts=1 fallback=False
[role] 口吐涎沫 -> non-core | ok=True attempts=1 fallback=False
[role] 举止失常 -> non-core | ok=True attempts=1 fallback=False
[role] 喉中痰鸣 -> non-core | ok=True attempts=1 fallback=False
[role] 两目上视 -> non-core | ok=True attempts=1 fallback=False
[role] 脉滑 -> non-core | ok=True attempts=1 fallback=False
[role] 手足抽搐 -> non-core | ok=True attempts=1 fallback=False
[role] 胸脘满闷 -> non-core | ok=True attempts=1 fallback=False
[role] 舌苔白腻 -> non-core | ok=True attempts=1 fallback=False
[role] 呕恶 -> non-core | ok=True attempts=1 fallback=False
[role] 外感湿浊 -> core | ok=True attempts=1 fallback=False
[role] 气郁痰阻 -> non-core | ok=True attempts=1 fallback=False
[role] 面色晦滞 -> non-core | ok=True attempts=1 fallback=False
[role] 痰火扰神证 -> core | ok=True attempts=1 fallback=False
[role] 神明失司 -> non-core | ok=True attempts=1 fallback=False
[role] 痰气搏结 -> non-core | ok=True attempts=1 fallback=False
[role] 痰火扰心证 -> core | ok=True attempts=1 fallback=False
[role] 肝风 -> core | ok=True attempts=1 fallback=False
[role] 哭笑无常 -> non-core | ok=True attempts=1 fallback=False
[role] 语言错乱 -> non-core | ok=True attempts=1 fallback=False
[role] 脘闷呕恶 -> non-core | ok=True attempts=1 fallback=False
[role] 打人毁物 -> non-core | ok=True attempts=1 fallback=False
[role] 狂躁妄动 -> non-core | ok=True attempts=1 fallback=False
[role] 发热气粗 -> non-core | ok=True attempts=1 fallback=False
[role] 气郁化火生痰 -> non-core | ok=True attempts=1 fallback=False
[role] 吐痰黄稠 -> non-core | ok=True attempts=1 fallback=False
[role] 舌红苔黄腻 -> non-core | ok=True attempts=1 fallback=False
[role] 痰火内扰 -> core | ok=True attempts=1 fallback=False
[role] 外感火热灼津为痰 -> non-core | ok=True attempts=1 fallback=False
[role] 脉滑数 -> non-core | ok=True attempts=1 fallback=False
[role] 失眠心烦 -> non-core | ok=True attempts=1 fallback=False
[role] 神志狂乱 -> non-core | ok=True attempts=1 fallback=False
[role] 邪热亢盛 -> core | ok=True attempts=1 fallback=False
[role] 痰盛 -> non-core | ok=True attempts=1 fallback=False
[role] 痰火内盛 -> non-core | ok=True attempts=1 fallback=False
[role] 痰黄稠 -> non-core | ok=True attempts=1 fallback=False
[role] 喉间痰鸣 -> non-core | ok=True attempts=1 fallback=False
[role] 神志不清 -> non-core | ok=True attempts=1 fallback=False
[role] 小便涩赤灼痛 -> non-core | ok=True attempts=1 fallback=False
[role] 心火下移小肠 -> non-core | ok=True attempts=1 fallback=False
[role] 舌疮 -> non-core | ok=True attempts=1 fallback=False
[role] 咳喘无力 -> non-core | ok=True attempts=1 fallback=False
[role] 肺气不足 -> core | ok=True attempts=1 fallback=False
[role] 咳痰清稀 -> non-core | ok=True attempts=1 fallback=False
[role] 久咳久喘 -> non-core | ok=True attempts=1 fallback=False
[role] 肺气虚证 -> core | ok=True attempts=1 fallback=False
[role] 病理传变关系 -> core | ok=True attempts=1 fallback=False
[role] 神疲乏力 -> non-core | ok=True attempts=1 fallback=False
[role] 脾肾亏虚 -> non-core | ok=True attempts=1 fallback=False
[role] 不易咳出 -> non-core | ok=True attempts=1 fallback=False
[role] 痰少而黏 -> non-core | ok=True attempts=1 fallback=False
[role] 口干咽燥 -> non-core | ok=True attempts=1 fallback=False
[role] 声音嘶哑 -> non-core | ok=True attempts=1 fallback=False
[role] 卫表不固 -> non-core | ok=True attempts=1 fallback=False
[role] 肺阴亏耗 -> core | ok=True attempts=1 fallback=False
[role] 肺阴虚证 -> core | ok=True attempts=1 fallback=False
[role] 久咳伤阴 -> non-core | ok=True attempts=1 fallback=False
[role] 潮热盗汗 -> non-core | ok=True attempts=1 fallback=False
[role] 痨虫袭肺 -> non-core | ok=True attempts=1 fallback=False
[role] 无苔 -> non-core | ok=True attempts=1 fallback=False
[role] 舌红少苔 -> non-core | ok=True attempts=1 fallback=False
[role] 肺热叶焦 -> non-core | ok=True attempts=1 fallback=False
[role] 虚火灼伤肺络 -> non-core | ok=True attempts=1 fallback=False
[role] 风寒表证 -> non-core | ok=True attempts=1 fallback=False
[role] 喉失阴润 -> non-core | ok=True attempts=1 fallback=False
[role] 风寒束肺证 -> core | ok=True attempts=1 fallback=False
[role] 机体失养 -> non-core | ok=True attempts=1 fallback=False
[role] 风寒之邪 -> core | ok=True attempts=1 fallback=False
[role] 痰清稀色白 -> non-core | ok=True attempts=1 fallback=False
[role] 鼻塞流清涕 -> non-core | ok=True attempts=1 fallback=False
[role] 肺卫失宣 -> non-core | ok=True attempts=1 fallback=False
[role] 微恶寒发热 -> non-core | ok=True attempts=1 fallback=False
[role] 喉痒 -> non-core | ok=True attempts=1 fallback=False
[role] 身痛无汗 -> non-core | ok=True attempts=1 fallback=False
[role] 舌苔薄白 -> non-core | ok=True attempts=1 fallback=False
[role] 宣肃失常 -> non-core | ok=True attempts=1 fallback=False
[role] 肺气被束 -> non-core | ok=True attempts=1 fallback=False
[role] 寒凝经络 -> non-core | ok=True attempts=1 fallback=False
[role] 鼻为肺窍 -> non-core | ok=True attempts=1 fallback=False
[role] 风热犯肺证 -> core | ok=True attempts=1 fallback=False
[role] 腠理闭塞 -> non-core | ok=True attempts=1 fallback=False
[role] 寒性收引 -> non-core | ok=True attempts=1 fallback=False
[role] 风热之邪 -> non-core | ok=True attempts=1 fallback=False
[role] 鼻塞流黄浊涕 -> non-core | ok=True attempts=1 fallback=False
[role] 咽喉肿痛 -> non-core | ok=True attempts=1 fallback=False
[role] 风热表证 -> core | ok=True attempts=1 fallback=False
[role] 热邪灼液成痰 -> non-core | ok=True attempts=1 fallback=False
[role] 微恶风寒 -> non-core | ok=True attempts=1 fallback=False
[role] 苔薄黄 -> non-core | ok=True attempts=1 fallback=False
[role] 风热袭表犯肺 -> non-core | ok=True attempts=1 fallback=False
[role] 肺气失宣 -> non-core | ok=True attempts=1 fallback=False
[role] 卫气温煦失职 -> non-core | ok=True attempts=1 fallback=False
[role] 卫气抗邪 -> non-core | ok=True attempts=1 fallback=False
[role] 鼻窍不利 -> non-core | ok=True attempts=1 fallback=False
[role] 秋季 -> non-core | ok=True attempts=1 fallback=False
[role] 少汗 -> non-core | ok=True attempts=1 fallback=False
[role] 口鼻干燥 -> non-core | ok=True attempts=1 fallback=False
[role] 燥邪犯肺证 -> core | ok=True attempts=1 fallback=False
[role] 苔薄白 -> non-core | ok=True attempts=1 fallback=False
[role] 肺喜润恶燥 -> non-core | ok=True attempts=1 fallback=False
[role] 鼻扇气灼 -> non-core | ok=True attempts=1 fallback=False
[role] 风寒化热 -> non-core | ok=True attempts=1 fallback=False
[role] 咽喉红肿疼痛 -> non-core | ok=True attempts=1 fallback=False
[role] 肺热上熏 -> non-core | ok=True attempts=1 fallback=False
[role] 痰多色白 -> non-core | ok=True attempts=1 fallback=False
[role] 热迫津泄 -> non-core | ok=True attempts=1 fallback=False
[role] 肺气不利 -> non-core | ok=True attempts=1 fallback=False
[role] 咳嗽气喘 -> non-core | ok=True attempts=1 fallback=False
[role] 舌淡苔白腻 -> non-core | ok=True attempts=1 fallback=False
[role] 里热蒸腾 -> non-core | ok=True attempts=1 fallback=False
[role] 喘哮痰鸣 -> non-core | ok=True attempts=1 fallback=False
[role] 津伤 -> non-core | ok=True attempts=1 fallback=False
[role] 寒痰阻肺证 -> core | ok=True attempts=1 fallback=False
[role] 痰热壅肺证 -> core | ok=True attempts=1 fallback=False
[role] 痰多黄稠 -> non-core | ok=True attempts=1 fallback=False
[role] 痰黄稠量多 -> non-core | ok=True attempts=1 fallback=False
[role] 气喘息粗 -> non-core | ok=True attempts=1 fallback=False
[role] 壅闭于肺 -> non-core | ok=True attempts=1 fallback=False
[role] 炼液成痰 -> non-core | ok=True attempts=1 fallback=False
[role] 痰热互结 -> non-core | ok=True attempts=1 fallback=False
[role] 咳吐脓血腥臭痰 -> non-core | ok=True attempts=1 fallback=False
[role] 郁而化热 -> non-core | ok=True attempts=1 fallback=False
[role] 痰热症状 -> non-core | ok=True attempts=1 fallback=False
[role] 骤起眼睑头面肿 -> non-core | ok=True attempts=1 fallback=False
[role] 壅阻于肺 -> core | ok=True attempts=1 fallback=False
[role] 肉腐血败 -> non-core | ok=True attempts=1 fallback=False
[role] 痰热内盛 -> non-core | ok=True attempts=1 fallback=False
[role] 阻滞肺络 -> non-core | ok=True attempts=1 fallback=False
[role] 灼伤阴津 -> non-core | ok=True attempts=1 fallback=False
[role] 风水相搏证 -> core | ok=True attempts=1 fallback=False
[role] 风水偏寒 -> non-core | ok=True attempts=1 fallback=False
[role] 里热炽盛 -> core | ok=True attempts=1 fallback=False
[role] 皮肤薄而亮 -> non-core | ok=True attempts=1 fallback=False
[role] 咽喉痛 -> non-core | ok=True attempts=1 fallback=False
[role] 卫表症状 -> non-core | ok=True attempts=1 fallback=False
[role] 发热恶寒 -> non-core | ok=True attempts=1 fallback=False
[role] 感受湿热外邪 -> non-core | ok=True attempts=1 fallback=False
[role] 大肠湿热证 -> core | ok=True attempts=1 fallback=False
[role] 传导失司 -> non-core | ok=True attempts=1 fallback=False
[role] 风水偏热 -> non-core | ok=True attempts=1 fallback=False
[role] 大便秘结干燥 -> non-core | ok=True attempts=1 fallback=False
[role] 口咽干燥 -> non-core | ok=True attempts=1 fallback=False
[role] 脉络损伤 -> non-core | ok=True attempts=1 fallback=False
[role] 肠道 -> core | ok=True attempts=1 fallback=False
[role] 血腐为脓 -> non-core | ok=True attempts=1 fallback=False
[role] 脉濡数 -> non-core | ok=True attempts=1 fallback=False
[role] 传导功能失常 -> non-core | ok=True attempts=1 fallback=False
[role] 肠道失于濡润 -> non-core | ok=True attempts=1 fallback=False
[role] 大肠津亏证 -> core | ok=True attempts=1 fallback=False
[role] 口咽失润 -> non-core | ok=True attempts=1 fallback=False
[role] 阴伤内耗 -> non-core | ok=True attempts=1 fallback=False
[role] 传导不利 -> non-core | ok=True attempts=1 fallback=False
[role] 津液亏虚 -> core | ok=True attempts=1 fallback=False
[role] 津亏症状 -> core | ok=True attempts=1 fallback=False
[role] 肠道失去濡润 -> non-core | ok=True attempts=1 fallback=False
[role] 邪热入里 -> core | ok=True attempts=1 fallback=False
[role] 脉细涩 -> non-core | ok=True attempts=1 fallback=False
[role] 舌质干燥少津 -> non-core | ok=True attempts=1 fallback=False
[role] 腑气不通 -> non-core | ok=True attempts=1 fallback=False
[role] 浊气上逆 -> non-core | ok=True attempts=1 fallback=False
[role] 肠热腑实证 -> core | ok=True attempts=1 fallback=False
[role] 热病后津伤未复 -> non-core | ok=True attempts=1 fallback=False
[role] 老年阴血亏虚 -> non-core | ok=True attempts=1 fallback=False
[role] 大便久积 -> non-core | ok=True attempts=1 fallback=False
[role] 日晡热甚 -> non-core | ok=True attempts=1 fallback=False
[role] 燥屎内结 -> non-core | ok=True attempts=1 fallback=False
[role] 腹满硬痛 -> non-core | ok=True attempts=1 fallback=False
[role] 热结旁流 -> non-core | ok=True attempts=1 fallback=False
[role] 红苔黄燥 -> non-core | ok=True attempts=1 fallback=False
[role] 沉数有力 -> non-core | ok=True attempts=1 fallback=False
[role] 汗出口渴 -> non-core | ok=True attempts=1 fallback=False
[role] 焦黑起芒刺 -> non-core | ok=True attempts=1 fallback=False
[role] 沉实有力 -> non-core | ok=True attempts=1 fallback=False
[role] 狂乱 -> non-core | ok=True attempts=1 fallback=False
[role] 大便排虫 -> non-core | ok=True attempts=1 fallback=False
[role] 邪热上扰心神 -> non-core | ok=True attempts=1 fallback=False
[role] 热迫津液下泄 -> non-core | ok=True attempts=1 fallback=False
[role] 呕吐蛔虫 -> non-core | ok=True attempts=1 fallback=False
[role] 睡中齘齿 -> non-core | ok=True attempts=1 fallback=False
[role] 肢厥 -> non-core | ok=True attempts=1 fallback=False
[role] 胃脘嘈杂 -> non-core | ok=True attempts=1 fallback=False
[role] 面黄形瘦 -> non-core | ok=True attempts=1 fallback=False
[role] 腹痛如条索状 -> non-core | ok=True attempts=1 fallback=False
[role] 虫积肠道证 -> core | ok=True attempts=1 fallback=False
[role] 鼻痒 -> non-core | ok=True attempts=1 fallback=False
[role] 纳少 -> non-core | ok=True attempts=1 fallback=False
[role] 白睛蓝斑 -> non-core | ok=True attempts=1 fallback=False
[role] 面部白色虫斑 -> non-core | ok=True attempts=1 fallback=False
[role] 脾气虚证 -> core | ok=True attempts=1 fallback=False
[role] 肺与大肠相表里 -> core | ok=True attempts=1 fallback=False
[role] 脉缓弱 -> non-core | ok=True attempts=1 fallback=False
[role] 面色萎黄少华 -> non-core | ok=True attempts=1 fallback=False
[role] 脘腹重坠作胀 -> non-core | ok=True attempts=1 fallback=False
[role] 肢体倦怠 -> non-core | ok=True attempts=1 fallback=False
[role] 运化功能失职 -> non-core | ok=True attempts=1 fallback=False
[role] 水湿不运 -> non-core | ok=True attempts=1 fallback=False
[role] 水湿泛溢肌肤 -> non-core | ok=True attempts=1 fallback=False
[role] 子宫下垂 -> non-core | ok=True attempts=1 fallback=False
[role] 脾气下陷证 -> core | ok=True attempts=1 fallback=False
[role] 脾气虚 -> non-core | ok=True attempts=1 fallback=False
[role] 便意频数 -> non-core | ok=True attempts=1 fallback=False
[role] 胃下垂 -> non-core | ok=True attempts=1 fallback=False
[role] 久泄不止 -> non-core | ok=True attempts=1 fallback=False
[role] 内脏下垂 -> core | ok=True attempts=1 fallback=False
[role] 血溢脉外 -> non-core | ok=True attempts=1 fallback=False
[role] 小便如米泔 -> non-core | ok=True attempts=1 fallback=False
[role] 皮下出血 -> non-core | ok=True attempts=1 fallback=False
[role] 声低懒言 -> non-core | ok=True attempts=1 fallback=False
[role] 脾不统血证 -> core | ok=True attempts=1 fallback=False
[role] 少气乏力 -> non-core | ok=True attempts=1 fallback=False
[role] 月经量多 -> non-core | ok=True attempts=1 fallback=False
[role] 劳倦伤脾 -> non-core | ok=True attempts=1 fallback=False
[role] 食少便溏 -> non-core | ok=True attempts=1 fallback=False
[role] 气血生化不足 -> non-core | ok=True attempts=1 fallback=False
[role] 喜温喜按 -> non-core | ok=True attempts=1 fallback=False
[role] 运化失健 -> non-core | ok=True attempts=1 fallback=False
[role] 脾阳虚衰 -> core | ok=True attempts=1 fallback=False
[role] 脉沉迟无力 -> non-core | ok=True attempts=1 fallback=False
[role] 白带量多清稀 -> non-core | ok=True attempts=1 fallback=False
[role] 腹痛绵绵 -> non-core | ok=True attempts=1 fallback=False
[role] 过食生冷 -> non-core | ok=True attempts=1 fallback=False
[role] 寒凝气机 -> non-core | ok=True attempts=1 fallback=False
[role] 脾阳虚证 -> core | ok=True attempts=1 fallback=False
[role] 寒湿困脾证 -> core | ok=True attempts=1 fallback=False
[role] 阳虚不温肌表 -> core | ok=True attempts=1 fallback=False
[role] 寒湿内盛 -> core | ok=True attempts=1 fallback=False
[role] 失于温运 -> non-core | ok=True attempts=1 fallback=False
[role] 寒湿症状 -> core | ok=True attempts=1 fallback=False
[role] 中阳受困 -> core | ok=True attempts=1 fallback=False
[role] 肢体浮肿 -> non-core | ok=True attempts=1 fallback=False
[role] 中阳不振 -> non-core | ok=True attempts=1 fallback=False
[role] 面目肌肤发黄 -> non-core | ok=True attempts=1 fallback=False
[role] 舌淡胖苔白腻 -> non-core | ok=True attempts=1 fallback=False
[role] 水湿下注带脉 -> non-core | ok=True attempts=1 fallback=False
[role] 脾喜燥恶湿 -> non-core | ok=True attempts=1 fallback=False
[role] 胆汁外溢 -> non-core | ok=True attempts=1 fallback=False
[role] 湿注肠中 -> non-core | ok=True attempts=1 fallback=False
[role] 湿热蕴脾证 -> core | ok=True attempts=1 fallback=False
[role] 居处潮湿 -> non-core | ok=True attempts=1 fallback=False
[role] 身热不扬 -> non-core | ok=True attempts=1 fallback=False
[role] 肝胆疏泄失职 -> non-core | ok=True attempts=1 fallback=False
[role] 感受湿热邪气 -> non-core | ok=True attempts=1 fallback=False
[role] 过食肥甘积湿化热 -> non-core | ok=True attempts=1 fallback=False
[role] 湿热下注大肠 -> non-core | ok=True attempts=1 fallback=False
[role] 湿热熏蒸肝胆 -> non-core | ok=True attempts=1 fallback=False
[role] 湿热内蕴中焦 -> core | ok=True attempts=1 fallback=False
[role] 胃气虚证 -> core | ok=True attempts=1 fallback=False
[role] 胆汁外溢肌肤 -> non-core | ok=True attempts=1 fallback=False
[role] 湿遏热伏郁蒸 -> non-core | ok=True attempts=1 fallback=False
[role] 色鲜明 -> non-core | ok=True attempts=1 fallback=False
[role] 身目俱黄 -> non-core | ok=True attempts=1 fallback=False
[role] 疏泄失权 -> non-core | ok=True attempts=1 fallback=False
[role] 皮肤发痒 -> non-core | ok=True attempts=1 fallback=False
[role] 腐熟功能 -> non-core | ok=True attempts=1 fallback=False
[role] 胃气不足 -> core | ok=True attempts=1 fallback=False
[role] 受纳功能 -> core | ok=True attempts=1 fallback=False
[role] 痞胀 -> non-core | ok=True attempts=1 fallback=False
[role] 按之痛减 -> non-core | ok=True attempts=1 fallback=False
[role] 胃脘隐痛 -> core | ok=True attempts=1 fallback=False
[role] 舌质淡 -> non-core | ok=True attempts=1 fallback=False
[role] 脉虚弱 -> non-core | ok=True attempts=1 fallback=False
[role] 苔白 -> non-core | ok=True attempts=1 fallback=False
[role] 气虚之象 -> non-core | ok=True attempts=1 fallback=False
[role] 倦怠懒言 -> non-core | ok=True attempts=1 fallback=False
[role] 阴虚表现 -> non-core | ok=True attempts=1 fallback=False
[role] 胃脘隐隐灼痛 -> non-core | ok=True attempts=1 fallback=False
[role] 胃阴虚证 -> core | ok=True attempts=1 fallback=False
[role] 胃失濡润与和降 -> non-core | ok=True attempts=1 fallback=False
[role] 耗伤胃阴 -> non-core | ok=True attempts=1 fallback=False
[role] 干呕呃逆 -> non-core | ok=True attempts=1 fallback=False
[role] 脘痞不舒 -> non-core | ok=True attempts=1 fallback=False
[role] 舌红少苔或无苔 -> non-core | ok=True attempts=1 fallback=False
[role] 温热病后期 -> non-core | ok=True attempts=1 fallback=False
[role] 劫伤胃阴 -> non-core | ok=True attempts=1 fallback=False
[role] 过食辛辣温燥之品 -> non-core | ok=True attempts=1 fallback=False
[role] 胃气失于和降 -> non-core | ok=True attempts=1 fallback=False
[role] 阴液不能上承 -> non-core | ok=True attempts=1 fallback=False
[role] 纳化失权 -> non-core | ok=True attempts=1 fallback=False
[role] 不能下润肠道 -> non-core | ok=True attempts=1 fallback=False
[role] 泛吐清水 -> non-core | ok=True attempts=1 fallback=False
[role] 阴虚内热之征 -> non-core | ok=True attempts=1 fallback=False
[role] 胃阳虚证 -> core | ok=True attempts=1 fallback=False
[role] 胃脘冷痛 -> non-core | ok=True attempts=1 fallback=False
[role] 胃脘绵绵冷痛 -> non-core | ok=True attempts=1 fallback=False
[role] 食少脘痞 -> non-core | ok=True attempts=1 fallback=False
[role] 时发时止 -> non-core | ok=True attempts=1 fallback=False
[role] 胃阳不足 -> core | ok=True attempts=1 fallback=False
[role] 胃失滋润 -> core | ok=True attempts=1 fallback=False
[role] 过用寒凉药物 -> non-core | ok=True attempts=1 fallback=False
[role] 水液不化 -> non-core | ok=True attempts=1 fallback=False
[role] 腐熟受纳功能减退 -> non-core | ok=True attempts=1 fallback=False
[role] 胃火炽盛证 -> core | ok=True attempts=1 fallback=False
[role] 过食辛辣温燥 -> non-core | ok=True attempts=1 fallback=False
[role] 消谷善饥 -> non-core | ok=True attempts=1 fallback=False
[role] 阳虚不温肌表四末 -> non-core | ok=True attempts=1 fallback=False
[role] 胃热炽盛 -> core | ok=True attempts=1 fallback=False
[role] 胃腑络脉气血壅滞 -> non-core | ok=True attempts=1 fallback=False
[role] 气郁化火犯胃 -> non-core | ok=True attempts=1 fallback=False
[role] 胃脘灼痛 -> non-core | ok=True attempts=1 fallback=False
[role] 齿衄 -> non-core | ok=True attempts=1 fallback=False
[role] 寒滞胃脘证 -> core | ok=True attempts=1 fallback=False
[role] 牙龈肿痛 -> non-core | ok=True attempts=1 fallback=False
[role] 舌苔白润 -> non-core | ok=True attempts=1 fallback=False
[role] 口泛清水 -> non-core | ok=True attempts=1 fallback=False
[role] 实寒症状 -> non-core | ok=True attempts=1 fallback=False
[role] 面色青 -> non-core | ok=True attempts=1 fallback=False
[role] 泻下酸腐臭秽 -> non-core | ok=True attempts=1 fallback=False
[role] 肢冷 -> non-core | ok=True attempts=1 fallback=False
[role] 寒伤胃阳 -> non-core | ok=True attempts=1 fallback=False
[role] 脘腹胀满疼痛 -> non-core | ok=True attempts=1 fallback=False
[role] 大便酸腐臭秽 -> non-core | ok=True attempts=1 fallback=False
[role] 脘腹受凉 -> non-core | ok=True attempts=1 fallback=False
[role] 呕吐酸腐 -> non-core | ok=True attempts=1 fallback=False
[role] 食滞胃脘证 -> core | ok=True attempts=1 fallback=False
[role] 肠鸣矢气 -> non-core | ok=True attempts=1 fallback=False
[role] 饮食过量 -> non-core | ok=True attempts=1 fallback=False
[role] 暴饮暴食 -> non-core | ok=True attempts=1 fallback=False
[role] 肝气郁结证 -> core | ok=True attempts=1 fallback=False
[role] 肝火上炎证 -> core | ok=True attempts=1 fallback=False
[role] 胸胁少腹胀满窜痛 -> non-core | ok=True attempts=1 fallback=False
[role] 急躁易怒 -> non-core | ok=True attempts=1 fallback=False
[role] 咽中异物感 -> non-core | ok=True attempts=1 fallback=False
[role] 善太息 -> non-core | ok=True attempts=1 fallback=False
[role] 肝气夹痰 -> non-core | ok=True attempts=1 fallback=False
[role] 内扰于肝 -> non-core | ok=True attempts=1 fallback=False
[role] 乳房胀痛 -> non-core | ok=True attempts=1 fallback=False
[role] 火热炽盛 -> non-core | ok=True attempts=1 fallback=False
[role] 头晕胀痛 -> non-core | ok=True attempts=1 fallback=False
[role] 耳内肿痛流脓 -> non-core | ok=True attempts=1 fallback=False
[role] 胁肋灼痛 -> non-core | ok=True attempts=1 fallback=False
[role] 两目赤肿 -> non-core | ok=True attempts=1 fallback=False
[role] 脉弦数 -> non-core | ok=True attempts=1 fallback=False
[role] 郁而化火 -> non-core | ok=True attempts=1 fallback=False
[role] 尿黄 -> non-core | ok=True attempts=1 fallback=False
[role] 吐血衄血 -> non-core | ok=True attempts=1 fallback=False
[role] 火热之邪 -> non-core | ok=True attempts=1 fallback=False
[role] 耳鸣如潮 -> non-core | ok=True attempts=1 fallback=False
[role] 火热迫血妄行 -> non-core | ok=True attempts=1 fallback=False
[role] 火热伤津 -> non-core | ok=True attempts=1 fallback=False
[role] 肝胆火热上炎 -> non-core | ok=True attempts=1 fallback=False
[role] 胆热循经上冲 -> non-core | ok=True attempts=1 fallback=False
[role] 形体官窍失养 -> non-core | ok=True attempts=1 fallback=False
[role] 肝藏血不足 -> non-core | ok=True attempts=1 fallback=False
[role] 视力减退 -> non-core | ok=True attempts=1 fallback=False
[role] 情志不遂 -> core | ok=True attempts=1 fallback=False
[role] 肝血虚证 -> core | ok=True attempts=1 fallback=False
[role] 目失所养 -> non-core | ok=True attempts=1 fallback=False
[role] 热迫胆汁上溢 -> non-core | ok=True attempts=1 fallback=False
[role] 爪甲不荣 -> non-core | ok=True attempts=1 fallback=False
[role] 形体官窍功能减退 -> non-core | ok=True attempts=1 fallback=False
[role] 夜盲 -> non-core | ok=True attempts=1 fallback=False
[role] 血虚不能上荣头面 -> non-core | ok=True attempts=1 fallback=False
[role] 筋失濡养 -> non-core | ok=True attempts=1 fallback=False
[role] 肝阴虚证 -> core | ok=True attempts=1 fallback=False
[role] 头昏耳鸣 -> non-core | ok=True attempts=1 fallback=False
[role] 血海空虚 -> non-core | ok=True attempts=1 fallback=False
[role] 视物模糊 -> non-core | ok=True attempts=1 fallback=False
[role] 胁肋隐隐灼痛 -> non-core | ok=True attempts=1 fallback=False
[role] 目涩 -> non-core | ok=True attempts=1 fallback=False
[role] 脉弦细数 -> non-core | ok=True attempts=1 fallback=False
[role] 肝阴不足 -> core | ok=True attempts=1 fallback=False
[role] 两目干涩 -> non-core | ok=True attempts=1 fallback=False
[role] 头晕眼花 -> non-core | ok=True attempts=1 fallback=False
[role] 肝络失养 -> non-core | ok=True attempts=1 fallback=False
[role] 面部烘热 -> non-core | ok=True attempts=1 fallback=False
[role] 久病伤阴 -> non-core | ok=True attempts=1 fallback=False
[role] 阴虚不制阳 -> core | ok=True attempts=1 fallback=False
[role] 虚火内灼 -> non-core | ok=True attempts=1 fallback=False
[role] 头胀目眩 -> non-core | ok=True attempts=1 fallback=False
[role] 虚热内蒸 -> non-core | ok=True attempts=1 fallback=False
[role] 虚热内炽 -> non-core | ok=True attempts=1 fallback=False
[role] 阴液不承 -> non-core | ok=True attempts=1 fallback=False
[role] 虚火上炎 -> core | ok=True attempts=1 fallback=False
[role] 头目 -> non-core | ok=True attempts=1 fallback=False
[role] 眩晕欲仆 -> non-core | ok=True attempts=1 fallback=False
[role] 头重脚轻 -> non-core | ok=True attempts=1 fallback=False
[role] 肝阴虚 -> core | ok=True attempts=1 fallback=False
[role] 肝阳上亢证 -> core | ok=True attempts=1 fallback=False
[role] 肝风内动证 -> core | ok=True attempts=1 fallback=False
[role] 头摇肢颤 -> non-core | ok=True attempts=1 fallback=False
[role] 动摇症状 -> non-core | ok=True attempts=1 fallback=False
[role] 肝阳化风证 -> core | ok=True attempts=1 fallback=False
[role] 血随阳升 -> non-core | ok=True attempts=1 fallback=False
[role] 肝阳亢逆化风 -> core | ok=True attempts=1 fallback=False
[role] 风阳窜扰 -> non-core | ok=True attempts=1 fallback=False
[role] 阴虚动风证 -> non-core | ok=True attempts=1 fallback=False
[role] 劫伤肝阴 -> non-core | ok=True attempts=1 fallback=False
[role] 热邪燔灼肝经 -> non-core | ok=True attempts=1 fallback=False
[role] 血虚生风证 -> non-core | ok=True attempts=1 fallback=False
[role] 阴液亏虚 -> core | ok=True attempts=1 fallback=False
[role] 热极生风证 -> non-core | ok=True attempts=1 fallback=False
[role] 寒滞肝脉证 -> core | ok=True attempts=1 fallback=False
[role] 前阴 -> non-core | ok=True attempts=1 fallback=False
[role] 肌肉瞤动 -> non-core | ok=True attempts=1 fallback=False
[role] 手足震颤 -> non-core | ok=True attempts=1 fallback=False
[role] 虚风内动 -> core | ok=True attempts=1 fallback=False
[role] 遇寒加重 -> non-core | ok=True attempts=1 fallback=False
[role] 脉弦紧 -> non-core | ok=True attempts=1 fallback=False
[role] 肝经 -> core | ok=True attempts=1 fallback=False
[role] 胆郁痰扰证 -> core | ok=True attempts=1 fallback=False
[role] 胆气郁滞 -> core | ok=True attempts=1 fallback=False
[role] 呕恶痰涎 -> non-core | ok=True attempts=1 fallback=False
[role] 胸胁闷胀 -> non-core | ok=True attempts=1 fallback=False
[role] 情志忧郁 -> non-core | ok=True attempts=1 fallback=False
[role] 痰热上扰 -> core | ok=True attempts=1 fallback=False
[role] 舌淡苔白润 -> non-core | ok=True attempts=1 fallback=False
[role] 寒性收引凝滞 -> core | ok=True attempts=1 fallback=False
[role] 胆气不宁 -> non-core | ok=True attempts=1 fallback=False
[role] 痰热征象 -> non-core | ok=True attempts=1 fallback=False
[role] 胆热犯胃 -> non-core | ok=True attempts=1 fallback=False
[role] 痰热 -> non-core | ok=True attempts=1 fallback=False
[role] 灼津成痰 -> non-core | ok=True attempts=1 fallback=False
[role] 痰热内扰胆气 -> non-core | ok=True attempts=1 fallback=False
[role] 烦躁不宁 -> non-core | ok=True attempts=1 fallback=False
[role] 聚津成痰上逆 -> non-core | ok=True attempts=1 fallback=False
[role] 肾精不足证 -> core | ok=True attempts=1 fallback=False
[role] 热迫胆气上溢 -> non-core | ok=True attempts=1 fallback=False
[role] 生长发育迟缓 -> core | ok=True attempts=1 fallback=False
[role] 成人早衰 -> non-core | ok=True attempts=1 fallback=False
[role] 生殖功能低下 -> core | ok=True attempts=1 fallback=False
[role] 身材矮小 -> non-core | ok=True attempts=1 fallback=False
[role] 囟门迟闭 -> non-core | ok=True attempts=1 fallback=False
[role] 智力低下 -> non-core | ok=True attempts=1 fallback=False
[role] 耳鸣耳聋 -> non-core | ok=True attempts=1 fallback=False
[role] 发脱齿松 -> non-core | ok=True attempts=1 fallback=False
[role] 骨骼痿软 -> non-core | ok=True attempts=1 fallback=False
[role] 小儿发育迟缓 -> core | ok=True attempts=1 fallback=False
[role] 两足痿软 -> non-core | ok=True attempts=1 fallback=False
[role] 健忘恍惚 -> non-core | ok=True attempts=1 fallback=False
[role] 男子精少不育 -> non-core | ok=True attempts=1 fallback=False
[role] 性欲减退 -> non-core | ok=True attempts=1 fallback=False
[role] 女子经闭不孕 -> non-core | ok=True attempts=1 fallback=False
[role] 肾阴虚证 -> core | ok=True attempts=1 fallback=False
[role] 头晕耳鸣 -> non-core | ok=True attempts=1 fallback=False
[role] 眩晕耳鸣 -> non-core | ok=True attempts=1 fallback=False
[role] 舌淡脉细弱 -> non-core | ok=True attempts=1 fallback=False
[role] 腰为肾府 -> core | ok=True attempts=1 fallback=False
[role] 颧红盗汗 -> non-core | ok=True attempts=1 fallback=False
[role] 遗精早泄 -> non-core | ok=True attempts=1 fallback=False
[role] 阳强易举 -> non-core | ok=True attempts=1 fallback=False
[role] 齿松发脱 -> non-core | ok=True attempts=1 fallback=False
[role] 失眠健忘 -> non-core | ok=True attempts=1 fallback=False
[role] 温热病后期伤阴 -> non-core | ok=True attempts=1 fallback=False
[role] 虚劳久病 -> non-core | ok=True attempts=1 fallback=False
[role] 相火妄动 -> non-core | ok=True attempts=1 fallback=False
[role] 过服温燥劫阴之品 -> non-core | ok=True attempts=1 fallback=False
[role] 肾阳虚证 -> core | ok=True attempts=1 fallback=False
[role] 阳痿 -> non-core | ok=True attempts=1 fallback=False
[role] 夜尿多 -> non-core | ok=True attempts=1 fallback=False
[role] 不育 -> non-core | ok=True attempts=1 fallback=False
[role] 温化失司 -> non-core | ok=True attempts=1 fallback=False
[role] 宫寒不孕 -> non-core | ok=True attempts=1 fallback=False
[role] 肾阳亏虚 -> core | ok=True attempts=1 fallback=False
[role] 大便久泻 -> non-core | ok=True attempts=1 fallback=False
[role] 早泄 -> core | ok=True attempts=1 fallback=False
[role] 年高命门火衰 -> non-core | ok=True attempts=1 fallback=False
[role] 血运缓慢 -> non-core | ok=True attempts=1 fallback=False
[role] 房劳过度 -> non-core | ok=True attempts=1 fallback=False
[role] 生殖功能减退 -> non-core | ok=True attempts=1 fallback=False
[role] 气化失权 -> core | ok=True attempts=1 fallback=False
[role] 久病伤阳 -> non-core | ok=True attempts=1 fallback=False
[role] 气化行水无力 -> non-core | ok=True attempts=1 fallback=False
[role] 心悸气短 -> non-core | ok=True attempts=1 fallback=False
[role] 舌淡胖苔白滑 -> non-core | ok=True attempts=1 fallback=False
[role] 咳喘痰鸣 -> non-core | ok=True attempts=1 fallback=False
[role] 肾虚水泛证 -> core | ok=True attempts=1 fallback=False
[role] 他脏久病及肾 -> core | ok=True attempts=1 fallback=False
[role] 水逆犯肺 -> non-core | ok=True attempts=1 fallback=False
[role] 年高命火衰 -> non-core | ok=True attempts=1 fallback=False
[role] 水气凌心 -> non-core | ok=True attempts=1 fallback=False
[role] 肾气不固证 -> core | ok=True attempts=1 fallback=False
[role] 肾气固摄 -> non-core | ok=True attempts=1 fallback=False
[role] 小便不固 -> non-core | ok=True attempts=1 fallback=False
[role] 经带不固 -> non-core | ok=True attempts=1 fallback=False
[role] 胎气不固 -> non-core | ok=True attempts=1 fallback=False
[role] 精液不固 -> non-core | ok=True attempts=1 fallback=False
[role] 夜尿频多 -> core | ok=True attempts=1 fallback=False
[role] 滑精 -> non-core | ok=True attempts=1 fallback=False
[role] 尿有余沥 -> non-core | ok=True attempts=1 fallback=False
[role] 先天不足 -> non-core | ok=True attempts=1 fallback=False
[role] 月经淋漓 -> non-core | ok=True attempts=1 fallback=False
[role] 肾气亏虚 -> core | ok=True attempts=1 fallback=False
[role] 胎动易滑 -> non-core | ok=True attempts=1 fallback=False
[role] 耳鸣失聪 -> non-core | ok=True attempts=1 fallback=False
[role] 带下清稀量多 -> non-core | ok=True attempts=1 fallback=False
[role] 小便频数清长 -> non-core | ok=True attempts=1 fallback=False
[role] 房劳久病 -> non-core | ok=True attempts=1 fallback=False
[role] 肾气未充 -> non-core | ok=True attempts=1 fallback=False
[role] 冲任失约 -> non-core | ok=True attempts=1 fallback=False
[role] 带脉失固 -> non-core | ok=True attempts=1 fallback=False
[role] 胎元不固 -> non-core | ok=True attempts=1 fallback=False
[role] 湿热症状 -> non-core | ok=True attempts=1 fallback=False
[role] 气化失司 -> non-core | ok=True attempts=1 fallback=False
[role] 湿热蕴结膀胱 -> non-core | ok=True attempts=1 fallback=False
[role] 下注膀胱 -> non-core | ok=True attempts=1 fallback=False
[role] 苔黄腻 -> non-core | ok=True attempts=1 fallback=False
[role] 膀胱湿热证 -> core | ok=True attempts=1 fallback=False
[role] 湿热内生 -> non-core | ok=True attempts=1 fallback=False
[role] 膀胱失约 -> non-core | ok=True attempts=1 fallback=False
[role] 湿热滞留 -> non-core | ok=True attempts=1 fallback=False
[role] 外感湿热 -> core | ok=True attempts=1 fallback=False
[role] 阻遏气机 -> non-core | ok=True attempts=1 fallback=False
[role] 排尿异常 -> core | ok=True attempts=1 fallback=False
[role] 损伤血络 -> non-core | ok=True attempts=1 fallback=False
[role] 煎熬津液 -> non-core | ok=True attempts=1 fallback=False
[role] 肾蒸腾气化 -> core | ok=True attempts=1 fallback=False
[role] 尿浊 -> non-core | ok=True attempts=1 fallback=False
[role] 心肺气虚证 -> core | ok=True attempts=1 fallback=False
[role] 心肺两脏气虚 -> core | ok=True attempts=1 fallback=False
[role] 舌脉象 -> core | ok=True attempts=1 fallback=False
[role] 咳喘气短 -> non-core | ok=True attempts=1 fallback=False
[role] 肃降无权 -> non-core | ok=True attempts=1 fallback=False
[role] 久病咳喘 -> non-core | ok=True attempts=1 fallback=False
[role] 湿热郁蒸 -> non-core | ok=True attempts=1 fallback=False
[role] 语声低怯 -> non-core | ok=True attempts=1 fallback=False
[role] 肺失输布津液 -> non-core | ok=True attempts=1 fallback=False
[role] 气虚失养 -> non-core | ok=True attempts=1 fallback=False
[role] 水停为痰 -> non-core | ok=True attempts=1 fallback=False
[role] 淋漓不尽 -> non-core | ok=True attempts=1 fallback=False
[role] 脾不摄血 -> non-core | ok=True attempts=1 fallback=False
[role] 脾虚运化失常 -> non-core | ok=True attempts=1 fallback=False
[role] 心肝两脏血亏 -> non-core | ok=True attempts=1 fallback=False
[role] 心脾两伤 -> core | ok=True attempts=1 fallback=False
[role] 心脾两虚证 -> core | ok=True attempts=1 fallback=False
[role] 久病失调 -> non-core | ok=True attempts=1 fallback=False
[role] 主血与藏血不足 -> non-core | ok=True attempts=1 fallback=False
[role] 心肝血虚证 -> core | ok=True attempts=1 fallback=False
[role] 心悸健忘 -> non-core | ok=True attempts=1 fallback=False
[role] 神失所养 -> non-core | ok=True attempts=1 fallback=False
[role] 头目失养 -> non-core | ok=True attempts=1 fallback=False
[role] 思虑劳神暗耗阴血 -> non-core | ok=True attempts=1 fallback=False
[role] 脉细无力 -> non-core | ok=True attempts=1 fallback=False
[role] 爪甲筋脉失濡 -> non-core | ok=True attempts=1 fallback=False
[role] 冲任失养 -> non-core | ok=True attempts=1 fallback=False
[role] 心神不宁 -> non-core | ok=True attempts=1 fallback=False
[role] 面失所养 -> non-core | ok=True attempts=1 fallback=False
[role] 心肾不交证 -> core | ok=True attempts=1 fallback=False
[role] 心悸心烦 -> non-core | ok=True attempts=1 fallback=False
[role] 心肾水火既济失调 -> core | ok=True attempts=1 fallback=False
[role] 手足心热 -> non-core | ok=True attempts=1 fallback=False
[role] 劳神太过 -> non-core | ok=True attempts=1 fallback=False
[role] 心肾阴阳失衡 -> core | ok=True attempts=1 fallback=False
[role] 阳气偏亢 -> non-core | ok=True attempts=1 fallback=False
[role] 上扰心神 -> non-core | ok=True attempts=1 fallback=False
[role] 肾阴亏耗 -> core | ok=True attempts=1 fallback=False
[role] 心肾阳虚证 -> core | ok=True attempts=1 fallback=False
[role] 肺脾气虚证 -> core | ok=True attempts=1 fallback=False
[role] 脑髓失养 -> non-core | ok=True attempts=1 fallback=False
[role] 面浮肢肿 -> non-core | ok=True attempts=1 fallback=False
[role] 舌质淡胖 -> non-core | ok=True attempts=1 fallback=False
[role] 通调水道失职 -> non-core | ok=True attempts=1 fallback=False
[role] 久咳不止 -> core | ok=True attempts=1 fallback=False
[role] 聚湿生痰 -> non-core | ok=True attempts=1 fallback=False
[role] 气虚机能下降 -> non-core | ok=True attempts=1 fallback=False
[role] 肝郁化火 -> non-core | ok=True attempts=1 fallback=False
[role] 肺失肃降 -> non-core | ok=True attempts=1 fallback=False
[role] 运化失司 -> non-core | ok=True attempts=1 fallback=False
[role] 胸胁灼痛 -> non-core | ok=True attempts=1 fallback=False
[role] 咳喘短气 -> non-core | ok=True attempts=1 fallback=False
[role] 咳痰黄稠 -> non-core | ok=True attempts=1 fallback=False
[role] 脉沉微 -> non-core | ok=True attempts=1 fallback=False
[role] 肝经蕴热 -> non-core | ok=True attempts=1 fallback=False
[role] 虚热症状 -> non-core | ok=True attempts=1 fallback=False
[role] 干咳少痰而黏 -> non-core | ok=True attempts=1 fallback=False
[role] 咳嗽阵作 -> non-core | ok=True attempts=1 fallback=False
[role] 久咳伤肺累肾 -> non-core | ok=True attempts=1 fallback=False
[role] 实火内炽 -> non-core | ok=True attempts=1 fallback=False
[role] 肺肾阴虚证 -> core | ok=True attempts=1 fallback=False
[role] 盗汗颧红 -> non-core | ok=True attempts=1 fallback=False
[role] 肾阴不能上滋肺金 -> non-core | ok=True attempts=1 fallback=False
[role] 虚热灼津 -> non-core | ok=True attempts=1 fallback=False
[role] 火伤肺络 -> non-core | ok=True attempts=1 fallback=False
[role] 虚火内生 -> non-core | ok=True attempts=1 fallback=False
[role] 腰膝失养 -> non-core | ok=True attempts=1 fallback=False
[role] 肺阴亏虚 -> core | ok=True attempts=1 fallback=False
[role] 虚火扰动 -> core | ok=True attempts=1 fallback=False
[role] 阴虚阳亢 -> core | ok=True attempts=1 fallback=False
[role] 女子经少经闭 -> non-core | ok=True attempts=1 fallback=False
[role] 肺肾气虚证 -> core | ok=True attempts=1 fallback=False
[role] 肾不纳气证 -> core | ok=True attempts=1 fallback=False
[role] 呼多吸少 -> core | ok=True attempts=1 fallback=False
[role] 清气下纳无权 -> non-core | ok=True attempts=1 fallback=False
[role] 尿随咳出 -> non-core | ok=True attempts=1 fallback=False
[role] 降纳失职 -> non-core | ok=True attempts=1 fallback=False
[role] 自汗乏力 -> non-core | ok=True attempts=1 fallback=False
[role] 气不下纳 -> non-core | ok=True attempts=1 fallback=False
[role] 喘息短气 -> non-core | ok=True attempts=1 fallback=False
[role] 下纳与封藏失司 -> non-core | ok=True attempts=1 fallback=False
[role] 肝脾不调证 -> core | ok=True attempts=1 fallback=False
[role] 横逆犯脾 -> non-core | ok=True attempts=1 fallback=False
[role] 肾为气之根 -> core | ok=True attempts=1 fallback=False
[role] 胸胁胀满 -> non-core | ok=True attempts=1 fallback=False
[role] 饮食劳倦伤脾 -> non-core | ok=True attempts=1 fallback=False
[role] 脾失健运反侮于肝 -> non-core | ok=True attempts=1 fallback=False
[role] 木郁土虚 -> non-core | ok=True attempts=1 fallback=False
[role] 脾虚湿阻 -> non-core | ok=True attempts=1 fallback=False
[role] 大便溏结不调 -> non-core | ok=True attempts=1 fallback=False
[role] 脉缓 -> non-core | ok=True attempts=1 fallback=False
[role] 吞酸嘈杂 -> non-core | ok=True attempts=1 fallback=False
[role] 气滞腹痛 -> non-core | ok=True attempts=1 fallback=False
[role] 肝胃不和证 -> core | ok=True attempts=1 fallback=False
[role] 嗳气呃逆 -> core | ok=True attempts=1 fallback=False
[role] 厌食腹胀 -> non-core | ok=True attempts=1 fallback=False
[role] 胃脘胁肋胀痛窜痛 -> non-core | ok=True attempts=1 fallback=False
[role] 肝胆湿热证 -> core | ok=True attempts=1 fallback=False
[role] 情志不舒 -> core | ok=True attempts=1 fallback=False
[role] 胁肋灼热胀痛 -> non-core | ok=True attempts=1 fallback=False
[role] 疏泄失职 -> non-core | ok=True attempts=1 fallback=False
[role] 身目发黄 -> non-core | ok=True attempts=1 fallback=False
[role] 胃络 -> non-core | ok=True attempts=1 fallback=False
[role] 阴痒 -> non-core | ok=True attempts=1 fallback=False
[role] 带下黄臭 -> non-core | ok=True attempts=1 fallback=False
[role] 湿热邪气 -> core | ok=True attempts=1 fallback=False
[role] 肝经湿热证 -> core | ok=True attempts=1 fallback=False
[role] 肝肾阴虚证 -> core | ok=True attempts=1 fallback=False
[role] 大便不调 -> non-core | ok=True attempts=1 fallback=False
[role] 过食肥甘 -> non-core | ok=True attempts=1 fallback=False
[role] 目眩目涩 -> non-core | ok=True attempts=1 fallback=False
[role] 肝肾两脏阴液亏损 -> core | ok=True attempts=1 fallback=False
[role] 肝郁化火伤阴 -> non-core | ok=True attempts=1 fallback=False
[role] 肝阳上扰 -> core | ok=True attempts=1 fallback=False
[role] 耳鸣健忘 -> non-core | ok=True attempts=1 fallback=False
[role] 肾病及肝 -> non-core | ok=True attempts=1 fallback=False
[role] 冲任失充 -> non-core | ok=True attempts=1 fallback=False
[role] 动则尤甚 -> non-core | ok=True attempts=1 fallback=False
[role] 血液运行无力 -> non-core | ok=True attempts=1 fallback=False
[role] 经少经闭 -> non-core | ok=True attempts=1 fallback=False
[role] 气虚卫外不固 -> core | ok=True attempts=1 fallback=False
[role] 寒邪暴伤心阳 -> non-core | ok=True attempts=1 fallback=False
[role] 濡养脑髓 -> non-core | ok=True attempts=1 fallback=False
[role] 血虚不能上荣头目 -> non-core | ok=True attempts=1 fallback=False
[role] 心阴亏损 -> non-core | ok=True attempts=1 fallback=False
[role] 机体失濡 -> non-core | ok=True attempts=1 fallback=False
[role] 扰乱心神 -> non-core | ok=True attempts=1 fallback=False
[role] 肩背内臂 -> non-core | ok=True attempts=1 fallback=False
[role] 本虚标实之证 -> non-core | ok=True attempts=1 fallback=False
[role] 夜间尤重 -> non-core | ok=True attempts=1 fallback=False
[role] 小便赤涩灼痛 -> non-core | ok=True attempts=1 fallback=False
[role] 舌淡胖苔厚腻 -> non-core | ok=True attempts=1 fallback=False
[role] 体胖多痰 -> non-core | ok=True attempts=1 fallback=False
[role] 剧痛 -> non-core | ok=True attempts=1 fallback=False
[role] 身重困倦 -> non-core | ok=True attempts=1 fallback=False
[role] 因情志波动加重 -> non-core | ok=True attempts=1 fallback=False
[role] 喜太息 -> non-core | ok=True attempts=1 fallback=False
[role] 神明 -> non-core | ok=True attempts=1 fallback=False
[role] 浊气 -> non-core | ok=True attempts=1 fallback=False
[role] 热灼血络 -> non-core | ok=True attempts=1 fallback=False
[role] 失于宣肃 -> non-core | ok=True attempts=1 fallback=False
[role] 寒痰内盛 -> non-core | ok=True attempts=1 fallback=False
[role] 肺络 -> non-core | ok=True attempts=1 fallback=False
[role] 寒痰症状 -> non-core | ok=True attempts=1 fallback=False
[role] 热邪上扰咽喉 -> non-core | ok=True attempts=1 fallback=False
[role] 痰多色白清稀易咯 -> non-core | ok=True attempts=1 fallback=False
[role] 津液受热熏蒸 -> non-core | ok=True attempts=1 fallback=False
[role] 肺气郁闭 -> non-core | ok=True attempts=1 fallback=False
[role] 里热之象 -> core | ok=True attempts=1 fallback=False
[role] 皮肤薄亮 -> non-core | ok=True attempts=1 fallback=False
[role] 卫阳被遏 -> non-core | ok=True attempts=1 fallback=False
[role] 苔白脉浮紧 -> non-core | ok=True attempts=1 fallback=False
[role] 骤起头面水肿 -> non-core | ok=True attempts=1 fallback=False
[role] 传导功能 -> non-core | ok=True attempts=1 fallback=False
[role] 暴注下泻 -> non-core | ok=True attempts=1 fallback=False
[role] 湿热外邪 -> non-core | ok=True attempts=1 fallback=False
[role] 舌红脉浮数 -> non-core | ok=True attempts=1 fallback=False
[role] 舌红苔黄燥 -> non-core | ok=True attempts=1 fallback=False
[role] 日晡 -> non-core | ok=True attempts=1 fallback=False
[role] 肠中糟粕 -> non-core | ok=True attempts=1 fallback=False
[role] 大肠经气 -> non-core | ok=True attempts=1 fallback=False
[role] 热迫津下泄 -> non-core | ok=True attempts=1 fallback=False
[role] 气机逆乱 -> non-core | ok=True attempts=1 fallback=False
[role] 运化失常 -> non-core | ok=True attempts=1 fallback=False
[role] 脉沉数有力 -> non-core | ok=True attempts=1 fallback=False
[role] 腹痛阵发 -> non-core | ok=True attempts=1 fallback=False
[role] 饭后腹胀加重 -> non-core | ok=True attempts=1 fallback=False
[role] 里热蒸腾迫津外泄 -> non-core | ok=True attempts=1 fallback=False
[role] 气虚推动无力 -> non-core | ok=True attempts=1 fallback=False
[role] 伤脾耗气 -> non-core | ok=True attempts=1 fallback=False
[role] 水湿内盛 -> non-core | ok=True attempts=1 fallback=False
[role] 水湿下注 -> non-core | ok=True attempts=1 fallback=False
[role] 脾胃病证 -> core | ok=True attempts=1 fallback=False
[role] 脾虚无力升举 -> core | ok=True attempts=1 fallback=False
[role] 白睛属肺 -> non-core | ok=True attempts=1 fallback=False
[role] 中医脏腑辨证 -> core | ok=True attempts=1 fallback=False
[role] 湿性重浊 -> core | ok=True attempts=1 fallback=False
[role] 脾阳虚 -> core | ok=True attempts=1 fallback=False
[role] 胃气虚 -> core | ok=True attempts=1 fallback=False
[role] 脾气下陷 -> non-core | ok=True attempts=1 fallback=False
[role] 肾虚水泛 -> non-core | ok=True attempts=1 fallback=False
[role] 肝与胆病证 -> core | ok=True attempts=1 fallback=False
[role] 寒滞胃脘 -> non-core | ok=True attempts=1 fallback=False
[role] 胃阳虚 -> core | ok=True attempts=1 fallback=False
[role] 湿热蕴脾 -> core | ok=True attempts=1 fallback=False
[role] 肝血虚 -> core | ok=True attempts=1 fallback=False
[role] 心肺气虚 -> core | ok=True attempts=1 fallback=False
[role] 肾病 -> core | ok=True attempts=1 fallback=False
[role] 肺脾气虚 -> non-core | ok=True attempts=1 fallback=False
[role] 肺肾气虚 -> non-core | ok=True attempts=1 fallback=False
[role] 肝脾不调 -> non-core | ok=True attempts=1 fallback=False
[role] 六经辨证体系 -> core | ok=True attempts=1 fallback=False
[role] 经证 -> non-core | ok=True attempts=1 fallback=False
[role] 太阳病 -> core | ok=True attempts=1 fallback=False
[role] 中风证 -> core | ok=True attempts=1 fallback=False
[role] 伤寒证 -> core | ok=True attempts=1 fallback=False
[role] 腑证 -> core | ok=True attempts=1 fallback=False
[role] 卫强营弱 -> non-core | ok=True attempts=1 fallback=False
[role] 蓄血证 -> core | ok=True attempts=1 fallback=False
[role] 蓄水证 -> non-core | ok=True attempts=1 fallback=False
[role] 阳明病 -> core | ok=True attempts=1 fallback=False
[role] 少阳病 -> core | ok=True attempts=1 fallback=False
[role] 枢机不运 -> non-core | ok=True attempts=1 fallback=False
[role] 胃家实 -> core | ok=True attempts=1 fallback=False
[role] 半表半里 -> core | ok=True attempts=1 fallback=False
[role] 太阴病 -> core | ok=True attempts=1 fallback=False
[role] 实则阳明，虚则太阴 -> core | ok=True attempts=1 fallback=False
[role] 寒湿内停 -> non-core | ok=True attempts=1 fallback=False
[role] 心肾阳衰 -> core | ok=True attempts=1 fallback=False
[role] 少阴病 -> core | ok=True attempts=1 fallback=False
[role] 肾水亏 -> non-core | ok=True attempts=1 fallback=False
[role] 厥阴病 -> core | ok=True attempts=1 fallback=False
[role] 心火亢 -> non-core | ok=True attempts=1 fallback=False
[role] 传变 -> core | ok=True attempts=1 fallback=False
[role] 上热下寒 -> non-core | ok=True attempts=1 fallback=False
[role] 六经病证 -> core | ok=True attempts=1 fallback=False
[role] 直中 -> non-core | ok=True attempts=1 fallback=False
[role] 越经传 -> non-core | ok=True attempts=1 fallback=False
[role] 合病 -> core | ok=True attempts=1 fallback=False
[role] 并病 -> core | ok=True attempts=1 fallback=False
[role] 表里传 -> non-core | ok=True attempts=1 fallback=False
[role] 循经传 -> core | ok=True attempts=1 fallback=False
[role] 阴阳对峙 -> core | ok=True attempts=1 fallback=False
[role] 太阴少阴并病 -> non-core | ok=True attempts=1 fallback=False
[role] 传经 -> core | ok=True attempts=1 fallback=False
[role] 太阳阳明合病 -> core | ok=True attempts=1 fallback=False
[role] 蓄血 -> core | ok=True attempts=1 fallback=False
[role] 肾水亏虚 -> core | ok=True attempts=1 fallback=False
[role] 卫气营血 -> core | ok=True attempts=1 fallback=False
[role] 蓄水 -> non-core | ok=True attempts=1 fallback=False
[role] 卫 -> core | ok=True attempts=1 fallback=False
[role] 血分证 -> core | ok=True attempts=1 fallback=False
[role] 营 -> core | ok=True attempts=1 fallback=False
[role] 气分 -> core | ok=True attempts=1 fallback=False
[role] 逆传 -> non-core | ok=True attempts=1 fallback=False
[role] 卫分 -> non-core | ok=True attempts=1 fallback=False
[role] 营分 -> non-core | ok=True attempts=1 fallback=False
[role] 气血两燔 -> non-core | ok=True attempts=1 fallback=False
[role] 顺传 -> core | ok=True attempts=1 fallback=False
[role] 卫气同病 -> core | ok=True attempts=1 fallback=False
[role] 叶天士 -> core | ok=True attempts=1 fallback=False
[role] 卫气营血俱病 -> core | ok=True attempts=1 fallback=False
[role] 气营同病 -> core | ok=True attempts=1 fallback=False
[role] 外感温热病 -> core | ok=True attempts=1 fallback=False
[role] 动风 -> non-core | ok=True attempts=1 fallback=False
[role] 腹满时痛 -> non-core | ok=True attempts=1 fallback=False
[role] 肝肾阴亏 -> non-core | ok=True attempts=1 fallback=False
[role] 阴虚风动 -> non-core | ok=True attempts=1 fallback=False
[role] 燥屎 -> non-core | ok=True attempts=1 fallback=False
[role] 吴鞠通 -> core | ok=True attempts=1 fallback=False
[role] 真阴耗伤 -> non-core | ok=True attempts=1 fallback=False
[role] 调养正气 -> core | ok=True attempts=1 fallback=False
[role] 气血阴阳 -> core | ok=True attempts=1 fallback=False
[role] 舌绛少苔 -> non-core | ok=True attempts=1 fallback=False
[role] 心烦不寐 -> non-core | ok=True attempts=1 fallback=False
[role] 谨调摄精神 -> non-core | ok=True attempts=1 fallback=False
[role] 气血平和 -> non-core | ok=True attempts=1 fallback=False
[role] 身热颧红 -> non-core | ok=True attempts=1 fallback=False
[role] 慎饮食起居 -> core | ok=True attempts=1 fallback=False
[role] 饮食有节 -> core | ok=True attempts=1 fallback=False
[role] 五味调和 -> core | ok=True attempts=1 fallback=False
[role] 常锻炼身体 -> non-core | ok=True attempts=1 fallback=False
[role] 畅行血液 -> non-core | ok=True attempts=1 fallback=False
[role] 通利经脉 -> non-core | ok=True attempts=1 fallback=False
[role] 起居顺应四时 -> core | ok=True attempts=1 fallback=False
[role] 形神兼炼 -> non-core | ok=True attempts=1 fallback=False
[role] 持之以恒 -> non-core | ok=True attempts=1 fallback=False
[role] 循序渐进 -> core | ok=True attempts=1 fallback=False
[role] 浴敷涂擦 -> non-core | ok=True attempts=1 fallback=False
[role] 药囊佩戴 -> non-core | ok=True attempts=1 fallback=False
[role] 燃烧烟熏 -> non-core | ok=True attempts=1 fallback=False
[role] 增强体质 -> non-core | ok=True attempts=1 fallback=False
[role] 未病先防 -> core | ok=True attempts=1 fallback=False
[role] 人工免疫 -> core | ok=True attempts=1 fallback=False
[role] 药物杀灭病邪 -> core | ok=True attempts=1 fallback=False
[role] 人痘接种法 -> core | ok=True attempts=1 fallback=False
[role] 预防疾病 -> core | ok=True attempts=1 fallback=False
[role] 内服药物 -> non-core | ok=True attempts=1 fallback=False
[role] 顺应四时寒暑变化 -> non-core | ok=True attempts=1 fallback=False
[role] 居处清洁 -> non-core | ok=True attempts=1 fallback=False
[role] 跌仆损伤 -> non-core | ok=True attempts=1 fallback=False
[role] 空气流通 -> non-core | ok=True attempts=1 fallback=False
[role] 隔离传染病患者 -> non-core | ok=True attempts=1 fallback=False
[role] 虫兽咬伤 -> non-core | ok=True attempts=1 fallback=False
[role] 早期诊治 -> core | ok=True attempts=1 fallback=False
[role] 防止水源与饮食污染 -> core | ok=True attempts=1 fallback=False
[role] 肌肤 -> non-core | ok=True attempts=1 fallback=False
[role] 阻断邪气入侵途径 -> core | ok=True attempts=1 fallback=False
[role] 筋脉 -> non-core | ok=True attempts=1 fallback=False
[role] 防微杜渐 -> core | ok=True attempts=1 fallback=False
[role] 病情发展趋势 -> core | ok=True attempts=1 fallback=False
[role] 传变规律 -> core | ok=True attempts=1 fallback=False
[role] 病邪蔓延 -> core | ok=True attempts=1 fallback=False
[role] 疾病传变规律 -> core | ok=True attempts=1 fallback=False
[role] 早期诊治原则 -> core | ok=True attempts=1 fallback=False
[role] 六经传变 -> core | ok=True attempts=1 fallback=False
[role] 卫气营血传变 -> core | ok=True attempts=1 fallback=False
[role] 半死半生 -> non-core | ok=True attempts=1 fallback=False
[role] 三焦传变 -> core | ok=True attempts=1 fallback=False
[role] 健脾和胃 -> non-core | ok=True attempts=1 fallback=False
[role] 先安未受邪之地 -> core | ok=True attempts=1 fallback=False
[role] 张仲景 -> non-core | ok=True attempts=1 fallback=False
[role] 五脏传变 -> core | ok=True attempts=1 fallback=False
[role] 预防性治疗 -> core | ok=True attempts=1 fallback=False
[role] 脾气旺盛而不受邪 -> non-core | ok=True attempts=1 fallback=False
[role] 劳累 -> non-core | ok=True attempts=1 fallback=False
[role] 见肝之病，知肝传脾，当先实脾 -> core | ok=True attempts=1 fallback=False
[role] 金匮要略 -> core | ok=True attempts=1 fallback=False
[role] 经络传变 -> core | ok=True attempts=1 fallback=False
[role] 扶助正气 -> core | ok=True attempts=1 fallback=False
[role] 愈后防复 -> core | ok=True attempts=1 fallback=False
[role] 余邪 -> non-core | ok=True attempts=1 fallback=False
[role] 饮食不当 -> non-core | ok=True attempts=1 fallback=False
[role] 强身健体 -> non-core | ok=True attempts=1 fallback=False
[role] 康复期 -> core | ok=True attempts=1 fallback=False
[role] 养护正气 -> core | ok=True attempts=1 fallback=False
[role] 顺应自然 -> core | ok=True attempts=1 fallback=False
[role] 综合施用 -> core | ok=True attempts=1 fallback=False
[role] 避免邪气 -> core | ok=True attempts=1 fallback=False
[role] 调节饮食 -> non-core | ok=True attempts=1 fallback=False
[role] 因病制宜 -> core | ok=True attempts=1 fallback=False
[role] 劳逸有节 -> non-core | ok=True attempts=1 fallback=False
[role] 精神类疾病 -> core | ok=True attempts=1 fallback=False
[role] 合理监护 -> non-core | ok=True attempts=1 fallback=False
[role] 寒温适度 -> non-core | ok=True attempts=1 fallback=False
[role] 脾胃疾病 -> non-core | ok=True attempts=1 fallback=False
[role] 温阳 -> non-core | ok=True attempts=1 fallback=False
[role] 用药得当 -> non-core | ok=True attempts=1 fallback=False
[role] 养血 -> non-core | ok=True attempts=1 fallback=False
[role] 扶正 -> core | ok=True attempts=1 fallback=False
[role] 活血 -> non-core | ok=True attempts=1 fallback=False
[role] 滋阴 -> non-core | ok=True attempts=1 fallback=False
[role] 祛邪 -> core | ok=True attempts=1 fallback=False
[role] 利湿 -> non-core | ok=True attempts=1 fallback=False
[role] 扶正兼祛邪 -> core | ok=True attempts=1 fallback=False
[role] 虚实错杂证 -> core | ok=True attempts=1 fallback=False
[role] 扶正与祛邪兼用 -> core | ok=True attempts=1 fallback=False
[role] 祛邪兼扶正 -> core | ok=True attempts=1 fallback=False
[role] 肾阳虚弱兼水饮内停 -> non-core | ok=True attempts=1 fallback=False
[role] 清热 -> non-core | ok=True attempts=1 fallback=False
[role] 温补肾阳兼利水湿 -> non-core | ok=True attempts=1 fallback=False
[role] 清热祛暑兼生津益气 -> non-core | ok=True attempts=1 fallback=False
[role] 祛邪不伤正 -> core | ok=True attempts=1 fallback=False
[role] 扶正与祛邪分先后使用 -> core | ok=True attempts=1 fallback=False
[role] 先祛邪后扶正 -> non-core | ok=True attempts=1 fallback=False
[role] 余邪留恋 -> non-core | ok=True attempts=1 fallback=False
[role] 活血化瘀祛邪 -> non-core | ok=True attempts=1 fallback=False
[role] 扶正不留邪 -> core | ok=True attempts=1 fallback=False
[role] 先扶正后祛邪 -> non-core | ok=True attempts=1 fallback=False
[role] 瘀血所致崩漏 -> non-core | ok=True attempts=1 fallback=False
[role] 扶正健脾法 -> core | ok=True attempts=1 fallback=False
[role] 标病 -> non-core | ok=True attempts=1 fallback=False
[role] 暑热伤津耗气 -> non-core | ok=True attempts=1 fallback=False
[role] 养血补虚扶正 -> core | ok=True attempts=1 fallback=False
[role] 驱虫消积祛邪 -> non-core | ok=True attempts=1 fallback=False
[role] 大咯血 -> non-core | ok=True attempts=1 fallback=False
[role] 标症 -> core | ok=True attempts=1 fallback=False
[role] 二便不利 -> non-core | ok=True attempts=1 fallback=False
[role] 止血 -> core | ok=True attempts=1 fallback=False
[role] 治本 -> non-core | ok=True attempts=1 fallback=False
[role] 本 -> core | ok=True attempts=1 fallback=False
[role] 大量腹水 -> core | ok=True attempts=1 fallback=False
[role] 逐水通便 -> non-core | ok=True attempts=1 fallback=False
[role] 急则治标 -> core | ok=True attempts=1 fallback=False
[role] 水臌病 -> non-core | ok=True attempts=1 fallback=False
[role] 调理肝脾 -> core | ok=True attempts=1 fallback=False
[role] 标 -> non-core | ok=True attempts=1 fallback=False
[role] 标本相因 -> non-core | ok=True attempts=1 fallback=False
[role] 缓则治本 -> core | ok=True attempts=1 fallback=False
[role] 风寒阻滞经络 -> non-core | ok=True attempts=1 fallback=False
[role] 标本兼治 -> core | ok=True attempts=1 fallback=False
[role] 风寒头痛 -> core | ok=True attempts=1 fallback=False
[role] 疏风散寒法 -> core | ok=True attempts=1 fallback=False
[role] 肺阴虚咳嗽 -> core | ok=True attempts=1 fallback=False
[role] 腹满痛而便结 -> non-core | ok=True attempts=1 fallback=False
[role] 肺阴虚 -> core | ok=True attempts=1 fallback=False
[role] 阳热内盛 -> core | ok=True attempts=1 fallback=False
[role] 本病 -> core | ok=True attempts=1 fallback=False
[role] 滋阴润肺法 -> core | ok=True attempts=1 fallback=False
[role] 虚则补之 -> core | ok=True attempts=1 fallback=False
[role] 滋阴生津 -> non-core | ok=True attempts=1 fallback=False
[role] 清热泻下 -> core | ok=True attempts=1 fallback=False
[role] 正治 -> core | ok=True attempts=1 fallback=False
[role] 滋阴与泻下并举 -> core | ok=True attempts=1 fallback=False
[role] 反治 -> core | ok=True attempts=1 fallback=False
[role] 塞因塞用 -> core | ok=True attempts=1 fallback=False
[role] 实则泻之 -> core | ok=True attempts=1 fallback=False
[role] 热因热用 -> core | ok=True attempts=1 fallback=False
[role] 通因通用 -> core | ok=True attempts=1 fallback=False
[role] 气血未充 -> non-core | ok=True attempts=1 fallback=False
[role] 因人制宜 -> core | ok=True attempts=1 fallback=False
[role] 易虚易实 -> non-core | ok=True attempts=1 fallback=False
[role] 阴阳并补 -> core | ok=True attempts=1 fallback=False
[role] 寒因寒用 -> core | ok=True attempts=1 fallback=False
[role] 脏腑娇嫩 -> core | ok=True attempts=1 fallback=False
[role] 生机减退 -> non-core | ok=True attempts=1 fallback=False
[role] 忌峻攻 -> non-core | ok=True attempts=1 fallback=False
[role] 易寒易热 -> core | ok=True attempts=1 fallback=False
[role] 用药量轻 -> non-core | ok=True attempts=1 fallback=False
[role] 少用补益 -> non-core | ok=True attempts=1 fallback=False
[role] 疗程短 -> non-core | ok=True attempts=1 fallback=False
[role] 扶正缓图 -> non-core | ok=True attempts=1 fallback=False
[role] 中病即止 -> non-core | ok=True attempts=1 fallback=False
[role] 多虚证 -> non-core | ok=True attempts=1 fallback=False
[role] 攻邪需慎重 -> non-core | ok=True attempts=1 fallback=False
[role] 精气易虚 -> non-core | ok=True attempts=1 fallback=False
[role] 经 -> non-core | ok=True attempts=1 fallback=False
[role] 女子 -> core | ok=True attempts=1 fallback=False
[role] 气血阴阳亏虚 -> core | ok=True attempts=1 fallback=False
[role] 月经期 -> non-core | ok=True attempts=1 fallback=False
[role] 产 -> core | ok=True attempts=1 fallback=False
[role] 男子以肾为先天 -> core | ok=True attempts=1 fallback=False
[role] 走窜伤胎 -> non-core | ok=True attempts=1 fallback=False
[role] 滑利 -> non-core | ok=True attempts=1 fallback=False
[role] 破血逐瘀药 -> core | ok=True attempts=1 fallback=False
[role] 带 -> core | ok=True attempts=1 fallback=False
[role] 妊娠期 -> core | ok=True attempts=1 fallback=False
[role] 峻下 -> non-core | ok=True attempts=1 fallback=False
[role] 胎 -> non-core | ok=True attempts=1 fallback=False
[role] 化瘀 -> non-core | ok=True attempts=1 fallback=False
[role] 补益 -> core | ok=True attempts=1 fallback=False
[role] 破血 -> non-core | ok=True attempts=1 fallback=False
[role] 有毒之品 -> non-core | ok=True attempts=1 fallback=False
[role] 耐受攻伐 -> non-core | ok=True attempts=1 fallback=False
[role] 强者 -> non-core | ok=True attempts=1 fallback=False
[role] 产褥期 -> core | ok=True attempts=1 fallback=False
[role] 用药量重 -> non-core | ok=True attempts=1 fallback=False
[role] 治疗宜补 -> core | ok=True attempts=1 fallback=False
[role] 祛邪药量轻 -> non-core | ok=True attempts=1 fallback=False
[role] 不耐攻伐 -> non-core | ok=True attempts=1 fallback=False
[role] 四时气候变化 -> core | ok=True attempts=1 fallback=False
[role] 因时制宜 -> core | ok=True attempts=1 fallback=False
[role] 慎用温热 -> non-core | ok=True attempts=1 fallback=False
[role] 春夏阳气生发 -> non-core | ok=True attempts=1 fallback=False
[role] 慎用寒凉 -> non-core | ok=True attempts=1 fallback=False
[role] 个体化调整 -> core | ok=True attempts=1 fallback=False
[role] 腠理致密 -> non-core | ok=True attempts=1 fallback=False
[role] 腠理疏松 -> non-core | ok=True attempts=1 fallback=False
[role] 用凉远凉 -> non-core | ok=True attempts=1 fallback=False
[role] 辛温发散 -> non-core | ok=True attempts=1 fallback=False
[role] 用温远温 -> non-core | ok=True attempts=1 fallback=False
[role] 用寒远寒 -> core | ok=True attempts=1 fallback=False
[role] 寒凉药物 -> core | ok=True attempts=1 fallback=False
[role] 《素问·六元正纪大论》 -> core | ok=True attempts=1 fallback=False
[role] 秋冬阴盛阳衰 -> non-core | ok=True attempts=1 fallback=False
[role] 用热远热 -> core | ok=True attempts=1 fallback=False
[role] 东南低地 -> non-core | ok=True attempts=1 fallback=False
[role] 食宜同法 -> non-core | ok=True attempts=1 fallback=False
[role] 因地制宜 -> core | ok=True attempts=1 fallback=False
[role] 解暑化湿 -> non-core | ok=True attempts=1 fallback=False
[role] 滋润生津 -> non-core | ok=True attempts=1 fallback=False
[role] 辛燥伤津 -> non-core | ok=True attempts=1 fallback=False
[role] 辛温解表药 -> core | ok=True attempts=1 fallback=False
[role] 温热 -> non-core | ok=True attempts=1 fallback=False
[role] 西北高原地区 -> core | ok=True attempts=1 fallback=False
[role] 脏腑生理特性 -> core | ok=True attempts=1 fallback=False
[role] 调气血 -> core | ok=True attempts=1 fallback=False
[role] 外感风寒表证 -> core | ok=True attempts=1 fallback=False
[role] 瘀阻 -> non-core | ok=True attempts=1 fallback=False
[role] 调和脏腑 -> core | ok=True attempts=1 fallback=False
[role] 肺为娇脏 -> core | ok=True attempts=1 fallback=False
[role] 补阴阳 -> core | ok=True attempts=1 fallback=False
[role] 疏肝平肝 -> core | ok=True attempts=1 fallback=False
[role] 补泻 -> core | ok=True attempts=1 fallback=False
[role] 气不固 -> non-core | ok=True attempts=1 fallback=False
[role] 腑病治脏 -> core | ok=True attempts=1 fallback=False
[role] 补母泻子 -> core | ok=True attempts=1 fallback=False
[role] 脏腑同治 -> core | ok=True attempts=1 fallback=False
[role] 脏腑相合 -> core | ok=True attempts=1 fallback=False
[role] 脏病治腑 -> core | ok=True attempts=1 fallback=False
[role] 五行生克 -> core | ok=True attempts=1 fallback=False
[role] 调气 -> core | ok=True attempts=1 fallback=False
[role] 调血 -> core | ok=True attempts=1 fallback=False
[role] 津血同源互生 -> core | ok=True attempts=1 fallback=False
[role] 调津液 -> core | ok=True attempts=1 fallback=False
[role] 气能生血生津 -> core | ok=True attempts=1 fallback=False
[role] 气能行血行津 -> core | ok=True attempts=1 fallback=False
[role] 气能摄血摄津 -> core | ok=True attempts=1 fallback=False
[role] 血病治气 -> core | ok=True attempts=1 fallback=False
[role] 补气摄津 -> non-core | ok=True attempts=1 fallback=False
[role] 补血养津 -> non-core | ok=True attempts=1 fallback=False
[role] 补气行气以行津 -> non-core | ok=True attempts=1 fallback=False
[role] 养血润燥 -> non-core | ok=True attempts=1 fallback=False
[role] 补气生津 -> core | ok=True attempts=1 fallback=False
[role] 气病治血 -> core | ok=True attempts=1 fallback=False
[role] 春夏养阳，秋冬养阴 -> core | ok=True attempts=1 fallback=False
[role] 阴阳变化 -> core | ok=True attempts=1 fallback=False
[role] 天人相应 -> core | ok=True attempts=1 fallback=False
[role] 夜卧早起 -> non-core | ok=True attempts=1 fallback=False
[role] 形神兼养 -> core | ok=True attempts=1 fallback=False
[role] 早卧晚起 -> non-core | ok=True attempts=1 fallback=False
[role] 调神 -> core | ok=True attempts=1 fallback=False
[role] 养形 -> core | ok=True attempts=1 fallback=False
[role] 守神全形 -> core | ok=True attempts=1 fallback=False
[role] 养心 -> core | ok=True attempts=1 fallback=False
[role] 气功 -> core | ok=True attempts=1 fallback=False
[role] 娱乐活动 -> core | ok=True attempts=1 fallback=False
[role] 动 -> core | ok=True attempts=1 fallback=False
[role] 意守入静 -> core | ok=True attempts=1 fallback=False
[role] 养生 -> core | ok=True attempts=1 fallback=False
[role] 以神御气 -> core | ok=True attempts=1 fallback=False
[role] 运动 -> core | ok=True attempts=1 fallback=False
[role] 静 -> core | ok=True attempts=1 fallback=False
[role] 精神清静 -> core | ok=True attempts=1 fallback=False
[role] 清静养神 -> core | ok=True attempts=1 fallback=False
[role] 劳动 -> core | ok=True attempts=1 fallback=False
[role] 肾中精气阴阳 -> core | ok=True attempts=1 fallback=False
[role] 饮食营养 -> core | ok=True attempts=1 fallback=False
[role] 饮食精微 -> core | ok=True attempts=1 fallback=False
[role] 劳动锻炼 -> non-core | ok=True attempts=1 fallback=False
[role] 脾肾 -> core | ok=True attempts=1 fallback=False
[role] 精神愉快 -> non-core | ok=True attempts=1 fallback=False
[role] 父母 -> core | ok=True attempts=1 fallback=False
[role] 饮食合理 -> core | ok=True attempts=1 fallback=False
[role] 母亲孕期调摄 -> core | ok=True attempts=1 fallback=False
[role] 生活起居 -> core | ok=True attempts=1 fallback=False
[role] 后天摄养 -> core | ok=True attempts=1 fallback=False
[role] 扶正避邪 -> core | ok=True attempts=1 fallback=False
[role] 动作以避寒 -> non-core | ok=True attempts=1 fallback=False
[role] 先天禀赋薄弱者 -> non-core | ok=True attempts=1 fallback=False
[role] 阴居以避暑 -> non-core | ok=True attempts=1 fallback=False
[role] 忧愁过度 -> non-core | ok=True attempts=1 fallback=False
[role] 大惊 -> non-core | ok=True attempts=1 fallback=False
[role] 《素问·移精变气论》 -> non-core | ok=True attempts=1 fallback=False
[role] 早衰 -> core | ok=True attempts=1 fallback=False
[role] 整体康复观 -> core | ok=True attempts=1 fallback=False
[role] 寿命 -> core | ok=True attempts=1 fallback=False
[role] 衰老 -> core | ok=True attempts=1 fallback=False
[role] 精神刺激 -> core | ok=True attempts=1 fallback=False
[role] 摄生调养 -> core | ok=True attempts=1 fallback=False
[role] 天年 -> core | ok=True attempts=1 fallback=False
[role] 自我养生保健 -> core | ok=True attempts=1 fallback=False
[role] 迟衰 -> core | ok=True attempts=1 fallback=False
[role] 中医康复学 -> core | ok=True attempts=1 fallback=False
[role] 整体调治 -> core | ok=True attempts=1 fallback=False
[role] 适应社会 -> core | ok=True attempts=1 fallback=False
[role] 自然环境 -> core | ok=True attempts=1 fallback=False
[role] 形神统一 -> core | ok=True attempts=1 fallback=False
[role] 中医整体观念 -> core | ok=True attempts=1 fallback=False
[role] 社会适应 -> core | ok=True attempts=1 fallback=False
[role] 精神功能 -> core | ok=True attempts=1 fallback=False
[role] 身体结构 -> core | ok=True attempts=1 fallback=False
[role] 整体性 -> core | ok=True attempts=1 fallback=False
[role] 辨证康复观 -> core | ok=True attempts=1 fallback=False
[role] 系统性 -> core | ok=True attempts=1 fallback=False
[role] 功能康复观 -> core | ok=True attempts=1 fallback=False
[role] 自然规律 -> core | ok=True attempts=1 fallback=False
[role] 病机 -> core | ok=True attempts=1 fallback=False
[role] 整体观 -> core | ok=True attempts=1 fallback=False
[role] 日常生活能力 -> core | ok=True attempts=1 fallback=False
[role] 动态观 -> core | ok=True attempts=1 fallback=False
[role] 精气流通 -> core | ok=True attempts=1 fallback=False
[role] 功能训练 -> core | ok=True attempts=1 fallback=False
[role] 职业工作能力 -> core | ok=True attempts=1 fallback=False
[role] 运动形体 -> core | ok=True attempts=1 fallback=False
[role] 社会参与能力 -> core | ok=True attempts=1 fallback=False
[role] 补益精血 -> non-core | ok=True attempts=1 fallback=False
[role] 社会功能重建 -> core | ok=True attempts=1 fallback=False
[role] 形神失调 -> core | ok=True attempts=1 fallback=False
[role] 生理修复 -> core | ok=True attempts=1 fallback=False
[role] 生理 -> core | ok=True attempts=1 fallback=False
[role] 《景岳全书》 -> core | ok=True attempts=1 fallback=False
[role] 语言疏导 -> core | ok=True attempts=1 fallback=False
[role] 精血 -> non-core | ok=True attempts=1 fallback=False
[role] 形神俱佳 -> non-core | ok=True attempts=1 fallback=False
[role] 以情制情 -> core | ok=True attempts=1 fallback=False
[role] 身心整体康复 -> core | ok=True attempts=1 fallback=False
[role] 娱乐 -> non-core | ok=True attempts=1 fallback=False
[role] 体育锻炼 -> core | ok=True attempts=1 fallback=False
[role] 外治法 -> core | ok=True attempts=1 fallback=False
[role] 内外结合 -> core | ok=True attempts=1 fallback=False
[role] 内治法 -> core | ok=True attempts=1 fallback=False
[role] 脏腑阴阳气血 -> core | ok=True attempts=1 fallback=False
[role] 药物外用 -> core | ok=True attempts=1 fallback=False
[role] 康复医疗 -> core | ok=True attempts=1 fallback=False
[role] 空气 -> core | ok=True attempts=1 fallback=False
[role] 日光 -> core | ok=True attempts=1 fallback=False
[role] 自然之物 -> core | ok=True attempts=1 fallback=False
[role] 自然康复 -> core | ok=True attempts=1 fallback=False
[role] 自然因素 -> core | ok=True attempts=1 fallback=False
[role] 药物副作用 -> core | ok=True attempts=1 fallback=False
[role] 药物治疗 -> core | ok=True attempts=1 fallback=False
[role] 药食结合 -> core | ok=True attempts=1 fallback=False
[role] 协同作用 -> core | ok=True attempts=1 fallback=False
[role] 针对性 -> non-core | ok=True attempts=1 fallback=False
[role] 自然康复法 -> core | ok=True attempts=1 fallback=False
[role] 泉水 -> non-core | ok=True attempts=1 fallback=False
[role] 辨证进食 -> non-core | ok=True attempts=1 fallback=False
[role] 食物属性 -> non-core | ok=True attempts=1 fallback=False
[role] 药物康复法 -> core | ok=True attempts=1 fallback=False
[role] 饮食康复法 -> core | ok=True attempts=1 fallback=False
[role] 选择性 -> non-core | ok=True attempts=1 fallback=False
[role] 饮食禁忌 -> core | ok=True attempts=1 fallback=False
[role] 协同关系 -> core | ok=True attempts=1 fallback=False
[role] 羊肉 -> non-core | ok=True attempts=1 fallback=False
[role] 辛辣煎炸 -> non-core | ok=True attempts=1 fallback=False
[role] 蟹 -> non-core | ok=True attempts=1 fallback=False
[role] 风湿痹痛 -> non-core | ok=True attempts=1 fallback=False
[role] 虾 -> non-core | ok=True attempts=1 fallback=False
[role] 敷贴法 -> non-core | ok=True attempts=1 fallback=False
[role] 辛辣刺激性食物 -> core | ok=True attempts=1 fallback=False
[role] 筋肉劳损 -> non-core | ok=True attempts=1 fallback=False
[role] 内服法 -> core | ok=True attempts=1 fallback=False
[role] 熏蒸法 -> core | ok=True attempts=1 fallback=False
[role] 艾灸 -> core | ok=True attempts=1 fallback=False
[role] 虚中夹实证 -> non-core | ok=True attempts=1 fallback=False
[role] 泻实 -> non-core | ok=True attempts=1 fallback=False
[role] 补虚 -> core | ok=True attempts=1 fallback=False
[role] 病残 -> non-core | ok=True attempts=1 fallback=False
[role] 伤残 -> non-core | ok=True attempts=1 fallback=False
[role] 核心干预手段 -> core | ok=True attempts=1 fallback=False
[role] 针灸推拿康复法 -> core | ok=True attempts=1 fallback=False
[role] 气功康复法 -> core | ok=True attempts=1 fallback=False
[role] 针法 -> core | ok=True attempts=1 fallback=False
[role] 以意引气 -> non-core | ok=True attempts=1 fallback=False
[role] 姿势 -> core | ok=True attempts=1 fallback=False
[role] 循经运行 -> non-core | ok=True attempts=1 fallback=False
[role] 动功 -> core | ok=True attempts=1 fallback=False
[role] 损伤性疾患 -> non-core | ok=True attempts=1 fallback=False
[role] 意识调控 -> non-core | ok=True attempts=1 fallback=False
[role] 静功 -> core | ok=True attempts=1 fallback=False
[role] 陈旧性损伤 -> non-core | ok=True attempts=1 fallback=False
[role] 阳虚者 -> non-core | ok=True attempts=1 fallback=False
[role] 阴虚者 -> non-core | ok=True attempts=1 fallback=False
[role] 语言 -> non-core | ok=True attempts=1 fallback=False
[role] 中医康复体系 -> core | ok=True attempts=1 fallback=False
[role] 辨证应用 -> core | ok=True attempts=1 fallback=False
[role] 怡情康复法 -> core | ok=True attempts=1 fallback=False
[role] 医生特定言行 -> non-core | ok=True attempts=1 fallback=False
[role] 不良情志反应 -> non-core | ok=True attempts=1 fallback=False
[role] 医患互动 -> core | ok=True attempts=1 fallback=False
[role] 说理开导 -> non-core | ok=True attempts=1 fallback=False
[role] 认知与情绪的双向影响关系 -> core | ok=True attempts=1 fallback=False
[role] 娱乐康复法 -> core | ok=True attempts=1 fallback=False
[role] 音乐 -> core | ok=True attempts=1 fallback=False
[role] 歌咏 -> non-core | ok=True attempts=1 fallback=False
[role] 书画 -> non-core | ok=True attempts=1 fallback=False
[role] 琴棋 -> non-core | ok=True attempts=1 fallback=False
[role] 弹琴疗法 -> core | ok=True attempts=1 fallback=False
[role] 中风后遗症 -> core | ok=True attempts=1 fallback=False
[role] 身心康复 -> core | ok=True attempts=1 fallback=False
[role] 舞蹈 -> core | ok=True attempts=1 fallback=False
[role] 手指屈伸不利 -> non-core | ok=True attempts=1 fallback=False
[role] 痹证 -> non-core | ok=True attempts=1 fallback=False
[role] 形体锻炼 -> core | ok=True attempts=1 fallback=False
[role] 精神调节 -> non-core | ok=True attempts=1 fallback=False
[role] 身心同治 -> core | ok=True attempts=1 fallback=False
[role] 八段锦 -> core | ok=True attempts=1 fallback=False
[role] 运动康复法 -> core | ok=True attempts=1 fallback=False
[role] 体育运动康复法 -> core | ok=True attempts=1 fallback=False
[role] 传统运动康复法 -> core | ok=True attempts=1 fallback=False
[role] 易筋经 -> core | ok=True attempts=1 fallback=False
[role] 中医养生学 -> core | ok=True attempts=1 fallback=False
[role] 新冠肺炎 -> non-core | ok=True attempts=1 fallback=False
[role] 太极拳 -> core | ok=True attempts=1 fallback=False
[role] 中医运动康复法 -> core | ok=True attempts=1 fallback=False
[role] 泉水疗法 -> non-core | ok=True attempts=1 fallback=False
[role] 五禽戏 -> core | ok=True attempts=1 fallback=False
[role] 森林 -> core | ok=True attempts=1 fallback=False
[role] 六字诀 -> core | ok=True attempts=1 fallback=False
[role] 泥土 -> non-core | ok=True attempts=1 fallback=False
[role] 泥土疗法 -> non-core | ok=True attempts=1 fallback=False
[role] 日光疗法 -> core | ok=True attempts=1 fallback=False
[role] 自愈能力 -> core | ok=True attempts=1 fallback=False
[role] 热砂 -> non-core | ok=True attempts=1 fallback=False
[role] 森林疗法 -> core | ok=True attempts=1 fallback=False
[role] 热砂疗法 -> non-core | ok=True attempts=1 fallback=False
===== [Stage 2] 选择父 core 并保证覆盖所有 non-core =====
non-core 总数=3132，已分配父=3132
===== [Stage 3] 关系类型判定（并发=10）并写边 =====
[edge] 六经辨证 -> 动风 (related) | removed_horizontal=2
[edge] 六经辨证 -> 表里传 (part-of) | removed_horizontal=2
[edge] 六经辨证 -> 上热下寒 (example-of) | removed_horizontal=2
[edge] 六经辨证 -> 越经传 (part-of) | removed_horizontal=2
[edge] 六经辨证 -> 经证 (part-of) | removed_horizontal=2
[edge] 六经辨证 -> 伤寒 (example-of) | removed_horizontal=2
[edge] 六经辨证 -> 热化 (related) | removed_horizontal=2
[edge] 六经辨证 -> 迫血妄行 (related) | removed_horizontal=2
[edge] 六经辨证 -> 蓄水 (part-of) | removed_horizontal=2
[edge] 六经辨证 -> 直中 (part-of) | removed_horizontal=2
[edge] 阴阳五行学说 -> 腹胀便溏 (related) | removed_horizontal=2
[edge] 六经辨证 -> 口苦 (example-of) | removed_horizontal=2
[edge] 六经辨证 -> 热盛 (related) | removed_horizontal=2
[edge] 阴阳五行学说 -> 食欲不振 (related) | removed_horizontal=2
[edge] 辨证论治 -> 口渴 (applies-to) | removed_horizontal=2
[edge] 六经辨证 -> 燥屎 (part-of) | removed_horizontal=2
[edge] 六经辨证 -> 腹满时痛 (part-of) | removed_horizontal=2
[edge] 辨证论治 -> 健康背景 (related) | removed_horizontal=2
[edge] 辨证论治 -> 口甜 (example-of) | removed_horizontal=2
[edge] 六经辨证 -> 脉弦 (related) | removed_horizontal=2
[edge] 辨证论治 -> 痰火 (related) | removed_horizontal=2
[edge] 辨证论治 -> 婚姻生育 (related) | removed_horizontal=2
[edge] 辨证论治 -> 痰饮 (related) | removed_horizontal=2
[edge] 辨证论治 -> 阴阳平和质 (related) | removed_horizontal=2
[edge] 针灸 -> 泉水 (related) | removed_horizontal=2
[edge] 针灸 -> 泻法 (applies-to) | removed_horizontal=2
[edge] 辨证论治 -> 热证因寒化而转为寒证 (example-of) | removed_horizontal=2
[edge] 针灸 -> 邪滞 (applies-to) | removed_horizontal=2
[edge] 针灸 -> 足三里穴 (example-of) | removed_horizontal=2
[edge] 针灸 -> 选择性 (related) | removed_horizontal=2
[edge] 三焦辨证 -> 心烦不寐 (applies-to) | removed_horizontal=2
[edge] 针灸 -> 针对性 (related) | removed_horizontal=2
[edge] 寸口诊法 -> 寸部 (part-of) | removed_horizontal=2
[edge] 脉经 -> 正常变异之脉 (part-of) | removed_horizontal=2
[edge] 三焦辨证 -> 手足蠕动 (related) | removed_horizontal=2
[edge] 寸口诊法 -> 关部 (part-of) | removed_horizontal=2
[edge] 针灸 -> 青蒿素 (related) | removed_horizontal=2
[edge] 三焦辨证 -> 肝肾阴亏 (related) | removed_horizontal=2
[edge] 三焦辨证 -> 耳聋 (related) | removed_horizontal=2
[edge] 三焦辨证 -> 虚热内扰 (related) | removed_horizontal=2
[edge] 三焦辨证 -> 舌绛少苔 (applies-to) | removed_horizontal=2
[edge] 三焦辨证 -> 真阴耗伤 (related) | removed_horizontal=2
[edge] 三焦辨证 -> 身热颧红 (applies-to) | removed_horizontal=2
[edge] 经络 -> 《难经·二十二难》 (example-of) | removed_horizontal=2
[edge] 经络 -> 久病重病 (related) | removed_horizontal=2
[edge] 三焦辨证 -> 逆传 (related) | removed_horizontal=2
[edge] 三焦辨证 -> 阴虚风动 (example-of) | removed_horizontal=2
[edge] 经络 -> 以意引气 (applies-to) | removed_horizontal=2
[edge] 经络 -> 入睡 (related) | removed_horizontal=2
[edge] 经络 -> 传导作用 (applies-to) | removed_horizontal=2
[edge] 经络 -> 先后天失调 (related) | removed_horizontal=2
[edge] 经络 -> 口唇淡白 (related) | removed_horizontal=2
[edge] 经络 -> 噪声 (related) | removed_horizontal=2
[edge] 经络 -> 冲任空虚 (part-of) | removed_horizontal=2
[edge] 经络 -> 唇淡白 (related) | removed_horizontal=2
[edge] 经络 -> 四肢麻木 (related) | removed_horizontal=2
[edge] 经络 -> 头目眩晕 (related) | removed_horizontal=2
[edge] 经络 -> 孙络 (part-of) | removed_horizontal=2
[edge] 经络 -> 土型人 (related) | removed_horizontal=2
[edge] 经络 -> 好利人 (related) | removed_horizontal=2
[edge] 经络 -> 安心 (related) | removed_horizontal=2
[edge] 经络 -> 寒象 (applies-to) | removed_horizontal=2
[edge] 经络 -> 尿液 (part-of) | removed_horizontal=2
[edge] 经络 -> 得温则行，得寒则凝 (applies-to) | removed_horizontal=2
[edge] 经络 -> 循经运行 (part-of) | removed_horizontal=2
[edge] 经络 -> 心经有热 (example-of) | removed_horizontal=2
[edge] 经络 -> 思虑过度 (related) | removed_horizontal=2
[edge] 经络 -> 意识调控 (applies-to) | removed_horizontal=2
[edge] 经络 -> 心窍 (part-of) | removed_horizontal=2
[edge] 经络 -> 所过脏腑传变 (example-of) | removed_horizontal=2
[edge] 经络 -> 指甲淡白 (related) | removed_horizontal=2
[edge] 经络 -> 新血不生 (related) | removed_horizontal=2
[edge] 经络 -> 暗耗阴血 (related) | removed_horizontal=2
[edge] 经络 -> 月经量少色淡 (related) | removed_horizontal=2
[edge] 经络 -> 汗 (part-of) | removed_horizontal=2
[edge] 经络 -> 气的推动作用 (part-of) | removed_horizontal=2
[edge] 经络 -> 汗液 (part-of) | removed_horizontal=2
[edge] 经络 -> 清窍 (related) | removed_horizontal=2
[edge] 经络 -> 江南腠理疏松 (related) | removed_horizontal=2
[edge] 经络 -> 污染 (related) | removed_horizontal=2
[edge] 经络 -> 生成不足 (related) | removed_horizontal=2
[edge] 经络 -> 爪甲淡白 (example-of) | removed_horizontal=2
[edge] 经络 -> 痰浊上蒙清窍 (related) | removed_horizontal=2
[edge] 经络 -> 痰结咽喉 (related) | removed_horizontal=2
[edge] 经络 -> 痰火扰心 (related) | removed_horizontal=2
[edge] 经络 -> 痰阻肺 (example-of) | removed_horizontal=2
[edge] 经络 -> 眼睑淡白 (related) | removed_horizontal=2
[edge] 经络 -> 痰迷心窍 (example-of) | removed_horizontal=2
[edge] 经络 -> 瘀血不去 (related) | removed_horizontal=2
[edge] 经络 -> 组织 (part-of) | removed_horizontal=2
[edge] 经络 -> 肝气乘脾 (related) | removed_horizontal=2
[edge] 经络 -> 睑淡白 (related) | removed_horizontal=2
[edge] 经络 -> 脉细 (related) | removed_horizontal=2
[edge] 经络 -> 肥瘦人 (related) | removed_horizontal=2
[edge] 经络 -> 脑海空虚 (related) | removed_horizontal=2
[edge] 经络 -> 舌下 (part-of) | removed_horizontal=2
[edge] 经络 -> 虚弱脏腑传变 (part-of) | removed_horizontal=2
[edge] 经络 -> 脾气虚弱 (related) | removed_horizontal=2
[edge] 经络 -> 胃上口 (related) | removed_horizontal=2
[edge] 经络 -> 舌本 (part-of) | removed_horizontal=2
[edge] 经络 -> 舌淡白 (related) | removed_horizontal=2
[edge] 经络 -> 血虚不能上荣于面 (example-of) | removed_horizontal=2
[edge] 经络 -> 西北腠理致密 (related) | removed_horizontal=2
[edge] 经络 -> 足太阳 (part-of) | removed_horizontal=2
[edge] 经络 -> 血虚之象 (example-of) | removed_horizontal=2
[edge] 经络 -> 舌淡苔白 (example-of) | removed_horizontal=2
[edge] 经络 -> 醒寤 (related) | removed_horizontal=2
[edge] 经络 -> 足少阳 (part-of) | removed_horizontal=2
[edge] 经络 -> 面淡白 (related) | removed_horizontal=2
[edge] 经络 -> 闭经 (related) | removed_horizontal=2
[edge] 经络 -> 阳虚者 (related) | removed_horizontal=2
[edge] 经络 -> 阴虚者 (applies-to) | removed_horizontal=2
[edge] 经络 -> 面色萎黄 (related) | removed_horizontal=2
[edge] 经络 -> 饮停肠胃 (related) | removed_horizontal=2
[edge] 五脏 -> 中央 (related) | removed_horizontal=2
[edge] 经络 -> 面色淡白 (related) | removed_horizontal=2
[edge] 五脏 -> 下部 (part-of) | removed_horizontal=2
[edge] 五脏 -> 上部 (part-of) | removed_horizontal=2
[edge] 五脏 -> 五时 (related) | removed_horizontal=2
[edge] 五脏 -> 体内 (part-of) | removed_horizontal=2
[edge] 五脏 -> 五色五味 (applies-to) | removed_horizontal=2
[edge] 五脏 -> 体表 (part-of) | removed_horizontal=2
[edge] 五脏 -> 半死半生 (related) | removed_horizontal=2
[edge] 五脏 -> 传化物而不藏 (part-of) | removed_horizontal=2
[edge] 五脏 -> 化生贮藏精气而不泻 (part-of) | removed_horizontal=2
[edge] 五脏 -> 呻 (part-of) | removed_horizontal=2
[edge] 五脏 -> 冬气 (related) | removed_horizontal=2
[edge] 五脏 -> 商 (example-of) | removed_horizontal=2
[edge] 五脏 -> 先实其脾气 (applies-to) | removed_horizontal=2
[edge] 五脏 -> 关节 (related) | removed_horizontal=2
[edge] 五脏 -> 刚柔相济 (related) | removed_horizontal=2
[edge] 五脏 -> 哭 (example-of) | removed_horizontal=2
[edge] 五脏 -> 四肢内侧 (part-of) | removed_horizontal=2
[edge] 五脏 -> 声低而浊 (applies-to) | removed_horizontal=2
[edge] 五脏 -> 声尖利清脆 (applies-to) | removed_horizontal=2
[edge] 五脏 -> 声高而清 (applies-to) | removed_horizontal=2
[edge] 五脏 -> 夏气 (related) | removed_horizontal=2
[edge] 五脏 -> 四肢外侧 (part-of) | removed_horizontal=2
[edge] 五脏 -> 声浑厚低沉 (applies-to) | removed_horizontal=2
[edge] 五脏 -> 徵 (applies-to) | removed_horizontal=2
[edge] 五脏 -> 宗气充沛 (part-of) | removed_horizontal=2
[edge] 五脏 -> 应答自如 (applies-to) | removed_horizontal=2
[edge] 五脏 -> 温通 (related) | removed_horizontal=2
[edge] 五脏 -> 歌 (example-of) | removed_horizontal=2
[edge] 五脏 -> 春气 (related) | removed_horizontal=2
[edge] 五脏 -> 皮毛 (part-of) | removed_horizontal=2
[edge] 五脏 -> 泻南补北 (applies-to) | removed_horizontal=2
[edge] 五脏 -> 禀赋 (part-of) | removed_horizontal=2
[edge] 五脏 -> 秋气 (related) | removed_horizontal=2
[edge] 五脏 -> 筋脉 (part-of) | removed_horizontal=2
[edge] 五脏 -> 筋 (part-of) | removed_horizontal=2
[edge] 五脏 -> 肌肤 (part-of) | removed_horizontal=2
[edge] 五脏 -> 羽 (example-of) | removed_horizontal=2
[edge] 五脏 -> 胸腹部 (part-of) | removed_horizontal=2
[edge] 五脏 -> 筋骨 (part-of) | removed_horizontal=2
[edge] 五脏 -> 膈上 (part-of) | removed_horizontal=2
[edge] 五脏 -> 背部 (part-of) | removed_horizontal=2
[edge] 五脏 -> 膈下 (part-of) | removed_horizontal=2
[edge] 五脏 -> 笑 (example-of) | removed_horizontal=2
[edge] 五脏 -> 闭藏 (related) | removed_horizontal=2
[edge] 五脏 -> 言与意符 (related) | removed_horizontal=2
[edge] 五脏 -> 阳中之阴 (part-of) | removed_horizontal=2
[edge] 五脏 -> 藏而不泻 (part-of) | removed_horizontal=2
[edge] 五脏 -> 阳中之阳 (related) | removed_horizontal=2
[edge] 五脏 -> 阴中之阴 (related) | removed_horizontal=2
[edge] 五脏 -> 阴中之阳 (related) | removed_horizontal=2
[edge] 心 -> 失眠 (applies-to) | removed_horizontal=2
[edge] 心 -> 尿少 (related) | removed_horizontal=2
[edge] 心 -> 心悸怔忡 (related) | removed_horizontal=2
[edge] 五脏 -> 阴中之至阴 (part-of) | removed_horizontal=2
[edge] 心 -> 不孕 (related) | removed_horizontal=2
[edge] 心 -> 心烦 (applies-to) | removed_horizontal=2
[edge] 心 -> 久病耗伤营血 (related) | removed_horizontal=2
[edge] 心 -> 心悸 (example-of) | removed_horizontal=2
[edge] 心 -> 五心烦热 (related) | removed_horizontal=2
[edge] 心 -> 便血 (related) | removed_horizontal=2
[edge] 心 -> 会阴 (related) | removed_horizontal=2
[edge] 心 -> 伤津耗气 (related) | removed_horizontal=2
[edge] 心 -> 倦怠乏力 (related) | removed_horizontal=2
[edge] 心 -> 内踝 (related) | removed_horizontal=2
[edge] 心 -> 低热 (related) | removed_horizontal=2
[edge] 心 -> 俞府穴 (related) | removed_horizontal=2
[edge] 心 -> 出血病证 (related) | removed_horizontal=2
[edge] 心 -> 偏嗜饮酒 (related) | removed_horizontal=2
[edge] 心 -> 分部色诊 (applies-to) | removed_horizontal=2
[edge] 心 -> 化源不足 (related) | removed_horizontal=2
[edge] 心 -> 劳神思虑过度 (applies-to) | removed_horizontal=2
[edge] 心 -> 化物失职 (related) | removed_horizontal=2
[edge] 心 -> 厥 (related) | removed_horizontal=2
[edge] 心 -> 口唇 (part-of) | removed_horizontal=2
[edge] 心 -> 口燥咽干 (applies-to) | removed_horizontal=2
[edge] 心 -> 口苦苔腻 (related) | removed_horizontal=2
[edge] 心 -> 口舌糜烂 (applies-to) | removed_horizontal=2
[edge] 心 -> 右颊 (part-of) | removed_horizontal=2
[edge] 心 -> 吐血 (related) | removed_horizontal=2
[edge] 心 -> 咸 (related) | removed_horizontal=2
[edge] 心 -> 听宫穴 (part-of) | removed_horizontal=2
[edge] 心 -> 喉咙 (related) | removed_horizontal=2
[edge] 心 -> 喜则气缓 (example-of) | removed_horizontal=2
[edge] 心 -> 咽喉 (part-of) | removed_horizontal=2
[edge] 心 -> 喜伤心 (applies-to) | removed_horizontal=2
[edge] 心 -> 四肢不温 (related) | removed_horizontal=2
[edge] 心 -> 壮热 (related) | removed_horizontal=2
[edge] 心 -> 大椎穴 (related) | removed_horizontal=2
[edge] 心 -> 大汗 (related) | removed_horizontal=2
[edge] 心 -> 失血过多 (applies-to) | removed_horizontal=2
[edge] 心 -> 小便不利 (related) | removed_horizontal=2
[edge] 心 -> 头部正中线 (related) | removed_horizontal=2
[edge] 心 -> 头痛 (related) | removed_horizontal=2
[edge] 心 -> 头晕健忘 (related) | removed_horizontal=2
[edge] 心 -> 寒凝 (related) | removed_horizontal=2
[edge] 心 -> 小肠化物 (applies-to) | removed_horizontal=2
[edge] 心 -> 小肠有热 (applies-to) | removed_horizontal=2
[edge] 心 -> 小肠虚寒 (related) | removed_horizontal=2
[edge] 心 -> 左颊 (related) | removed_horizontal=2
[edge] 心 -> 尿赤涩痛 (related) | removed_horizontal=2
[edge] 心 -> 少泽穴 (part-of) | removed_horizontal=2
[edge] 心 -> 心烦失眠 (applies-to) | removed_horizontal=2
[edge] 心 -> 心神不定 (applies-to) | removed_horizontal=2
[edge] 心 -> 心神不安 (related) | removed_horizontal=2
[edge] 心 -> 心悸失眠 (applies-to) | removed_horizontal=2
[edge] 心 -> 心经实火 (example-of) | removed_horizontal=2
[edge] 心 -> 心气涣散 (part-of) | removed_horizontal=2
[edge] 心 -> 心阳化赤 (part-of) | removed_horizontal=2
[edge] 心 -> 怒则气上 (applies-to) | removed_horizontal=2
[edge] 心 -> 思则气结 (related) | removed_horizontal=2
[edge] 心 -> 急躁 (related) | removed_horizontal=2
[edge] 心 -> 悲忧伤肺 (related) | removed_horizontal=2
[edge] 心 -> 悲则气消 (related) | removed_horizontal=2
[edge] 心 -> 情志化火 (related) | removed_horizontal=2
[edge] 心 -> 扰心神 (applies-to) | removed_horizontal=2
[edge] 心 -> 惊则气乱 (related) | removed_horizontal=2
[edge] 心 -> 抽搐 (related) | removed_horizontal=2
[edge] 心 -> 恐则气下 (applies-to) | removed_horizontal=2
[edge] 心 -> 水气凌心 (related) | removed_horizontal=2
[edge] 心 -> 月经不调 (related) | removed_horizontal=2
[edge] 心 -> 气虚不摄 (related) | removed_horizontal=2
[edge] 心 -> 涌泉穴 (part-of) | removed_horizontal=2
[edge] 心 -> 水湿内停 (related) | removed_horizontal=2
[edge] 心 -> 热迫血行 (related) | removed_horizontal=2
[edge] 心 -> 水谷之精 (related) | removed_horizontal=2
[edge] 心 -> 牙痛 (related) | removed_horizontal=2
[edge] 心 -> 热灼 (related) | removed_horizontal=2
[edge] 心 -> 然谷穴 (part-of) | removed_horizontal=2
[edge] 心 -> 甘 (related) | removed_horizontal=2
[edge] 心 -> 阳胜则热 (related) | removed_horizontal=2
[edge] 心 -> 生风动血 (related) | removed_horizontal=2
[edge] 心 -> 食少 (related) | removed_horizontal=2
[edge] 心 -> 苦 (related) | removed_horizontal=2
[edge] 心 -> 腰膝酸软 (related) | removed_horizontal=2
[edge] 心 -> 辛 (related) | removed_horizontal=2
[edge] 心 -> 经少 (related) | removed_horizontal=2
[edge] 心 -> 经闭 (related) | removed_horizontal=2
[edge] 心 -> 肝不藏血 (related) | removed_horizontal=2
[edge] 心 -> 血行迟缓 (applies-to) | removed_horizontal=2
[edge] 心 -> 统血无权 (related) | removed_horizontal=2
[edge] 心 -> 目内眦 (related) | removed_horizontal=2
[edge] 心 -> 瘀滞 (related) | removed_horizontal=2
[edge] 心 -> 面唇青紫 (applies-to) | removed_horizontal=2
[edge] 心 -> 缺盆 (related) | removed_horizontal=2
[edge] 心 -> 睛明穴 (related) | removed_horizontal=2
[edge] 心 -> 眩晕 (related) | removed_horizontal=2
[edge] 心 -> 腰部 (related) | removed_horizontal=2
[edge] 心 -> 目外眦 (related) | removed_horizontal=2
[edge] 心 -> 食道 (related) | removed_horizontal=2
[edge] 心 -> 足小趾 (related) | removed_horizontal=2
[edge] 心 -> 腘窝 (related) | removed_horizontal=2
[edge] 心 -> 舟骨粗隆 (related) | removed_horizontal=2
[edge] 心 -> 足跟 (related) | removed_horizontal=2
[edge] 心 -> 足心 (part-of) | removed_horizontal=2
[edge] 心 -> 长强穴 (related) | removed_horizontal=2
[edge] 心 -> 脊 (related) | removed_horizontal=2
[edge] 心 -> 胸部 (related) | removed_horizontal=2
[edge] 心 -> 腹部前正中线 (related) | removed_horizontal=2
[edge] 心 -> 舌红 (applies-to) | removed_horizontal=2
[edge] 心 -> 锁骨下缘 (related) | removed_horizontal=2
[edge] 心 -> 胞中 (related) | removed_horizontal=2
[edge] 心 -> 鼻柱 (related) | removed_horizontal=2
[edge] 心 -> 胸中 (part-of) | removed_horizontal=2
[edge] 心 -> 风府穴 (related) | removed_horizontal=2
[edge] 心 -> 舌根 (part-of) | removed_horizontal=2
[edge] 心 -> 龈交穴 (related) | removed_horizontal=2
[edge] 心 -> 脊里 (related) | removed_horizontal=2
[edge] 心 -> 目下 (related) | removed_horizontal=2
[edge] 心 -> 面赤 (related) | removed_horizontal=2
[edge] 心 -> 角弓反张 (related) | removed_horizontal=2
[edge] 心 -> 衄血 (related) | removed_horizontal=2
[edge] 心 -> 血分 (related) | removed_horizontal=2
[edge] 心 -> 神昏谵语 (applies-to) | removed_horizontal=2
[edge] 心 -> 肿 (related) | removed_horizontal=2
[edge] 心 -> 疮疡 (related) | removed_horizontal=2
[edge] 心 -> 红 (related) | removed_horizontal=2
[edge] 心 -> 痛 (related) | removed_horizontal=2
[edge] 心 -> 脾气郁结 (related) | removed_horizontal=2
[edge] 心 -> 脘腹胀满 (related) | removed_horizontal=2
[edge] 心 -> 脏腑协调 (part-of) | removed_horizontal=2
[edge] 心 -> 过酸伤肝乘脾 (related) | removed_horizontal=2
[edge] 心 -> 过咸伤肾乘心 (related) | removed_horizontal=2
[edge] 心 -> 酒精中毒 (related) | removed_horizontal=2
[edge] 心 -> 阴不制阳 (applies-to) | removed_horizontal=2
[edge] 心 -> 畏寒 (related) | removed_horizontal=2
[edge] 心 -> 阳不制阴 (related) | removed_horizontal=2
[edge] 心 -> 精神不振 (related) | removed_horizontal=2
[edge] 心 -> 血行迫疾 (related) | removed_horizontal=2
[edge] 心 -> 阳气亢盛 (related) | removed_horizontal=2
[edge] 心 -> 阳气冲逆 (related) | removed_horizontal=2
[edge] 心 -> 瘀血阻络 (related) | removed_horizontal=2
[edge] 心 -> 颏 (related) | removed_horizontal=2
[edge] 心 -> 畏寒肢冷 (related) | removed_horizontal=2
[edge] 心 -> 苔白滑 (related) | removed_horizontal=2
[edge] 心 -> 肢体浮肿 (related) | removed_horizontal=2
[edge] 心 -> 脉沉微 (related) | removed_horizontal=2
[edge] 心 -> 舌质淡胖 (related) | removed_horizontal=2
[edge] 面色 -> 在时为夏 (related) | removed_horizontal=2
[edge] 面色 -> 在体合脉 (related) | removed_horizontal=2
[edge] 面色 -> 夏季阳热 (related) | removed_horizontal=2
[edge] 面色 -> 在液为汗 (related) | removed_horizontal=2
[edge] 面色 -> 在志为喜 (related) | removed_horizontal=2
[edge] 面色 -> 开窍于舌 (related) | removed_horizontal=2
[edge] 面色 -> 心之液 (related) | removed_horizontal=2
[edge] 舌象 -> 假热象 (example-of) | removed_horizontal=2
[edge] 舌象 -> 发热恶热 (related) | removed_horizontal=2
[edge] 舌象 -> 假寒象 (example-of) | removed_horizontal=2
[edge] 舌象 -> 口不渴 (related) | removed_horizontal=2
[edge] 舌象 -> 四肢逆冷 (related) | removed_horizontal=2
[edge] 舌象 -> 善忘 (related) | removed_horizontal=2
[edge] 舌象 -> 四肢灼热 (related) | removed_horizontal=2
[edge] 舌象 -> 小便清长 (related) | removed_horizontal=2
[edge] 舌象 -> 大便干结 (related) | removed_horizontal=2
[edge] 舌象 -> 大便稀溏 (related) | removed_horizontal=2
[edge] 舌象 -> 渴喜冷饮 (example-of) | removed_horizontal=2
[edge] 舌象 -> 经脉阻滞 (related) | removed_horizontal=2
[edge] 舌象 -> 尿少色黄 (related) | removed_horizontal=2
[edge] 舌象 -> 恶寒喜暖 (related) | removed_horizontal=2
[edge] 舌象 -> 肝胆 (part-of) | removed_horizontal=2
[edge] 舌象 -> 脉迟或紧 (related) | removed_horizontal=2
[edge] 舌象 -> 脉数 (related) | removed_horizontal=2
[edge] 舌象 -> 舌尖 (part-of) | removed_horizontal=2
[edge] 舌象 -> 肌肤甲错 (related) | removed_horizontal=2
[edge] 舌象 -> 舌淡苔白滑 (example-of) | removed_horizontal=2
[edge] 舌象 -> 舌边 (part-of) | removed_horizontal=2
[edge] 舌象 -> 面色红赤 (example-of) | removed_horizontal=2
[edge] 舌象 -> 阴寒内盛 (example-of) | removed_horizontal=2
[edge] 舌象 -> 面色白 (example-of) | removed_horizontal=2
[edge] 舌象 -> 色紫暗 (example-of) | removed_horizontal=2
[edge] 舌象 -> 舌红苔黄 (example-of) | removed_horizontal=2
[edge] 舌象 -> 面色黧黑 (example-of) | removed_horizontal=2
[edge] 情志 -> 冲任 (related) | removed_horizontal=2
[edge] 情志 -> 妄想不遂 (example-of) | removed_horizontal=2
[edge] 情志 -> 多思忧虑 (example-of) | removed_horizontal=2
[edge] 情志 -> 火旺 (related) | removed_horizontal=2
[edge] 情志 -> 紧张 (example-of) | removed_horizontal=2
[edge] 情志 -> 纯阳之体 (related) | removed_horizontal=2
[edge] 情志 -> 气机上逆 (related) | removed_horizontal=2
[edge] 情志 -> 胀痛 (related) | removed_horizontal=2
[edge] 情志 -> 惊恐 (example-of) | removed_horizontal=2
[edge] 情志 -> 胆腑湿热 (related) | removed_horizontal=2
[edge] 情志 -> 肝胆气滞 (applies-to) | removed_horizontal=2
[edge] 情志 -> 血行 (applies-to) | removed_horizontal=2
[edge] 情志 -> 胆郁痰扰 (related) | removed_horizontal=2
[edge] 情志 -> 针药 (related) | removed_horizontal=2
[edge] 五行特性 -> 下降 (part-of) | removed_horizontal=2
[edge] 五行特性 -> 生长升发 (example-of) | removed_horizontal=2
[edge] 辨证 -> 表里 (related) | removed_horizontal=2
[edge] 类比 -> 差异性 (contrasts-with) | removed_horizontal=2
[edge] 木 -> 制约 (related) | removed_horizontal=2
[edge] 以表知里 -> 咯血 (example-of) | removed_horizontal=2
[edge] 五行特性 -> 条达舒畅 (example-of) | removed_horizontal=2
[edge] 以表知里 -> 气喘 (example-of) | removed_horizontal=2
[edge] 五行特性 -> 肃杀 (example-of) | removed_horizontal=2
[edge] 以表知里 -> 藏 (applies-to) | removed_horizontal=2
[edge] 肝 -> 宗脉之所聚 (related) | removed_horizontal=2
[edge] 肝 -> 五脏六腑之精气 (part-of) | removed_horizontal=2
[edge] 肝 -> 中封穴 (part-of) | removed_horizontal=2
[edge] 肝 -> 健脾和胃 (applies-to) | removed_horizontal=2
[edge] 肝 -> 久病耗阴 (related) | removed_horizontal=2
[edge] 肝 -> 升降出入运动 (related) | removed_horizontal=2
[edge] 肝 -> 冷汗 (related) | removed_horizontal=2
[edge] 肝 -> 厌食 (related) | removed_horizontal=2
[edge] 肝 -> 失血 (related) | removed_horizontal=2
[edge] 肝 -> 吐泻 (related) | removed_horizontal=2
[edge] 肝 -> 多汗 (related) | removed_horizontal=2
[edge] 肝 -> 大迎穴 (related) | removed_horizontal=2
[edge] 肝 -> 小便色黄 (related) | removed_horizontal=2
[edge] 肝 -> 关格 (related) | removed_horizontal=2
[edge] 肝 -> 尿 (related) | removed_horizontal=2
[edge] 肝 -> 张仲景 (related) | removed_horizontal=2
[edge] 肝 -> 完骨穴 (related) | removed_horizontal=2
[edge] 肝 -> 手少阳经 (related) | removed_horizontal=2
[edge] 肝 -> 推动作用 (related) | removed_horizontal=2
[edge] 肝 -> 期门穴 (related) | removed_horizontal=2
[edge] 肝 -> 恶心呕吐 (related) | removed_horizontal=2
[edge] 肝 -> 悬钟穴 (related) | removed_horizontal=2
[edge] 肝 -> 木不疏土 (related) | removed_horizontal=2
[edge] 肝 -> 气滞津停 (applies-to) | removed_horizontal=2
[edge] 肝 -> 形瘦肉脱 (related) | removed_horizontal=2
[edge] 肝 -> 水气 (related) | removed_horizontal=2
[edge] 肝 -> 气街穴 (related) | removed_horizontal=2
[edge] 肝 -> 湿热蕴结肝胆 (example-of) | removed_horizontal=2
[edge] 肝 -> 水谷通降 (related) | removed_horizontal=2
[edge] 肝 -> 热病后期 (related) | removed_horizontal=2
[edge] 肝 -> 环跳穴 (related) | removed_horizontal=2
[edge] 肝 -> 目黄 (related) | removed_horizontal=2
[edge] 肝 -> 身黄 (related) | removed_horizontal=2
[edge] 肝 -> 腹胀 (related) | removed_horizontal=2
[edge] 肝 -> 肝阳亢逆 (example-of) | removed_horizontal=2
[edge] 肝 -> 胆气虚弱 (related) | removed_horizontal=2
[edge] 肝 -> 胆气充足 (related) | removed_horizontal=2
[edge] 肝 -> 睡中惊醒 (related) | removed_horizontal=2
[edge] 肝 -> 肺气从右肃降 (related) | removed_horizontal=2
[edge] 肝 -> 胆怯易惊 (related) | removed_horizontal=2
[edge] 肝 -> 龙虎回环 (related) | removed_horizontal=2
[edge] 肝 -> 藏血 (part-of) | removed_horizontal=2
[edge] 肝 -> 肝气郁结化火 (example-of) | removed_horizontal=2
[edge] 肝 -> 瞳子髎穴 (related) | removed_horizontal=2
[edge] 肝 -> 阳白穴 (related) | removed_horizontal=2
[edge] 肝 -> 胁痛 (applies-to) | removed_horizontal=2
[edge] 肝 -> 颔厌穴 (part-of) | removed_horizontal=2
[edge] 肝 -> 颊车穴 (related) | removed_horizontal=2
[edge] 肝 -> 足窍阴穴 (part-of) | removed_horizontal=2
[edge] 肝 -> 章门穴 (part-of) | removed_horizontal=2
[edge] 肝 -> 胃结石 (related) | removed_horizontal=2
[edge] 肝 -> 隐痛 (related) | removed_horizontal=2
[edge] 肝 -> 辛燥 (related) | removed_horizontal=2
[edge] 肝 -> 舌光红无苔 (related) | removed_horizontal=2
[edge] 肝 -> 脾气旺盛而不受邪 (applies-to) | removed_horizontal=2
[edge] 肝 -> 足临泣穴 (part-of) | removed_horizontal=2
[edge] 藏象学说 -> 肝脾不调 (related) | removed_horizontal=2
[edge] 肝 -> 绞痛 (related) | removed_horizontal=2
[edge] 藏象学说 -> 肝胆湿热 (related) | removed_horizontal=2
[edge] 藏象学说 -> 寒滞肝脉 (related) | removed_horizontal=2
[edge] 藏象学说 -> 散膏 (part-of) | removed_horizontal=2
[edge] 藏象学说 -> 肺肾气虚 (example-of) | removed_horizontal=2
[edge] 藏象学说 -> 寒滞胃脘 (related) | removed_horizontal=2
[edge] 藏象学说 -> 肺脾气虚 (example-of) | removed_horizontal=2
[edge] 藏象学说 -> 肾虚水泛 (example-of) | removed_horizontal=2
[edge] 藏象学说 -> 血虚生风 (related) | removed_horizontal=2
[edge] 藏象学说 -> 脾气下陷 (part-of) | removed_horizontal=2
[edge] 藏象学说 -> 脾气虚 (example-of) | removed_horizontal=2
[edge] 藏象学说 -> 阑门 (related) | removed_horizontal=2
[edge] 藏象学说 -> 脾之副脏 (part-of) | removed_horizontal=2
[edge] 藏象学说 -> 食滞胃脘 (related) | removed_horizontal=2
[edge] 藏象学说 -> 食物残渣 (related) | removed_horizontal=2
[edge] 咳嗽 -> 肺气上逆 (part-of) | removed_horizontal=2
[edge] 咳嗽 -> 发热 (related) | removed_horizontal=2
[edge] 咳嗽 -> 小便短赤 (related) | removed_horizontal=2
[edge] 咳嗽 -> 肺卫失宣 (related) | removed_horizontal=2
[edge] 咳嗽 -> 卫气温煦失职 (related) | removed_horizontal=2
[edge] 咳嗽 -> 胸闷 (related) | removed_horizontal=2
[edge] 咳嗽 -> 痰稠色黄 (example-of) | removed_horizontal=2
[edge] 咳嗽 -> 卫气抗邪 (related) | removed_horizontal=2
[edge] 咳嗽 -> 鼻窍不利 (related) | removed_horizontal=2
[edge] 咳嗽 -> 咳喘 (example-of) | removed_horizontal=2
[edge] 咳嗽 -> 咳吐脓血腥臭痰 (example-of) | removed_horizontal=2
[edge] 咳嗽 -> 咽喉红肿疼痛 (related) | removed_horizontal=2
[edge] 咳嗽 -> 咽喉肿痛 (related) | removed_horizontal=2
[edge] 咳嗽 -> 喉痒 (related) | removed_horizontal=2
[edge] 咳嗽 -> 寒凝经络 (related) | removed_horizontal=2
[edge] 咳嗽 -> 外感风寒 (example-of) | removed_horizontal=2
[edge] 咳嗽 -> 外邪犯肺 (related) | removed_horizontal=2
[edge] 咳嗽 -> 喉中痰鸣 (part-of) | removed_horizontal=2
[edge] 咳嗽 -> 大便秘结 (related) | removed_horizontal=2
[edge] 咳嗽 -> 微恶风寒 (related) | removed_horizontal=2
[edge] 咳嗽 -> 微恶寒发热 (related) | removed_horizontal=2
[edge] 咳嗽 -> 气喘息粗 (related) | removed_horizontal=2
[edge] 咳嗽 -> 灼伤阴津 (related) | removed_horizontal=2
[edge] 咳嗽 -> 汗出 (related) | removed_horizontal=2
[edge] 咳嗽 -> 炼液成痰 (related) | removed_horizontal=2
[edge] 咳嗽 -> 热邪灼液成痰 (related) | removed_horizontal=2
[edge] 咳嗽 -> 痰热症状 (example-of) | removed_horizontal=2
[edge] 咳嗽 -> 痰热内盛 (related) | removed_horizontal=2
[edge] 咳嗽 -> 热伤肺络 (related) | removed_horizontal=2
[edge] 咳嗽 -> 痰热互结 (related) | removed_horizontal=2
[edge] 咳嗽 -> 痰清稀色白 (example-of) | removed_horizontal=2
[edge] 咳嗽 -> 痰多黄稠 (example-of) | removed_horizontal=2
[edge] 咳嗽 -> 肺气失宣 (related) | removed_horizontal=2
[edge] 咳嗽 -> 肉腐血败 (related) | removed_horizontal=2
[edge] 咳嗽 -> 肺热上熏 (related) | removed_horizontal=2
[edge] 咳嗽 -> 脉滑数 (related) | removed_horizontal=2
[edge] 咳嗽 -> 脉浮紧 (related) | removed_horizontal=2
[edge] 咳嗽 -> 肺气被束 (applies-to) | removed_horizontal=2
[edge] 咳嗽 -> 舌红苔黄腻 (related) | removed_horizontal=2
[edge] 咳嗽 -> 舌尖红 (related) | removed_horizontal=2
[edge] 咳嗽 -> 舌苔薄白 (related) | removed_horizontal=2
[edge] 咳嗽 -> 腠理闭塞 (related) | removed_horizontal=2
[edge] 咳嗽 -> 脉浮数 (related) | removed_horizontal=2
[edge] 咳嗽 -> 苔薄黄 (related) | removed_horizontal=2
[edge] 咳嗽 -> 身痛无汗 (related) | removed_horizontal=2
[edge] 咳嗽 -> 里实热证 (related) | removed_horizontal=2
[edge] 咳嗽 -> 郁而化热 (related) | removed_horizontal=2
[edge] 咳嗽 -> 阻滞肺络 (related) | removed_horizontal=2
[edge] 咳嗽 -> 风寒表证 (example-of) | removed_horizontal=2
[edge] 咳嗽 -> 风寒化热 (related) | removed_horizontal=2
[edge] 咳嗽 -> 鼻塞流清涕 (related) | removed_horizontal=2
[edge] 咳嗽 -> 风热袭表犯肺 (example-of) | removed_horizontal=2
[edge] 咳嗽 -> 风热之邪 (applies-to) | removed_horizontal=2
[edge] 咳嗽 -> 鼻塞流黄浊涕 (example-of) | removed_horizontal=2
[edge] 咳嗽 -> 伏痰 (related) | removed_horizontal=2
[edge] 咳嗽 -> 鼻翼扇动 (related) | removed_horizontal=2
[edge] 咳嗽 -> 鼻扇气灼 (related) | removed_horizontal=2
[edge] 咳嗽 -> 卫阳被遏 (related) | removed_horizontal=2
[edge] 咳嗽 -> 呃逆呕吐 (related) | removed_horizontal=2
[edge] 咳嗽 -> 呕血 (related) | removed_horizontal=2
[edge] 咳嗽 -> 咳嗽喘促 (example-of) | removed_horizontal=2
[edge] 咳嗽 -> 咳声不扬 (example-of) | removed_horizontal=2
[edge] 咳嗽 -> 咳声低微 (example-of) | removed_horizontal=2
[edge] 咳嗽 -> 咳声如犬吠 (example-of) | removed_horizontal=2
[edge] 咳嗽 -> 咳声重浊 (example-of) | removed_horizontal=2
[edge] 咳嗽 -> 咳声紧闷 (example-of) | removed_horizontal=2
[edge] 咳嗽 -> 咳声清亮 (example-of) | removed_horizontal=2
[edge] 咳嗽 -> 外邪犯胃 (related) | removed_horizontal=2
[edge] 咳嗽 -> 咳气不畅 (example-of) | removed_horizontal=2
[edge] 咳嗽 -> 咽喉干痛 (related) | removed_horizontal=2
[edge] 咳嗽 -> 壅闭于肺 (related) | removed_horizontal=2
[edge] 咳嗽 -> 寒性收引 (related) | removed_horizontal=2
[edge] 咳嗽 -> 宗气相联 (related) | removed_horizontal=2
[edge] 咳嗽 -> 头晕目眩 (related) | removed_horizontal=2
[edge] 咳嗽 -> 失于宣肃 (part-of) | removed_horizontal=2
[edge] 咳嗽 -> 少痰 (example-of) | removed_horizontal=2
[edge] 咳嗽 -> 宣肃失常 (related) | removed_horizontal=2
[edge] 咳嗽 -> 昏厥 (related) | removed_horizontal=2
[edge] 咳嗽 -> 干咳无痰 (example-of) | removed_horizontal=2
[edge] 咳嗽 -> 标本相因 (related) | removed_horizontal=2
[edge] 咳嗽 -> 气促 (related) | removed_horizontal=2
[edge] 咳嗽 -> 标 (example-of) | removed_horizontal=2
[edge] 咳嗽 -> 有痰声 (example-of) | removed_horizontal=2
[edge] 咳嗽 -> 津伤 (related) | removed_horizontal=2
[edge] 咳嗽 -> 津液受热熏蒸 (applies-to) | removed_horizontal=2
[edge] 咳嗽 -> 恶心 (related) | removed_horizontal=2
[edge] 咳嗽 -> 息道 (related) | removed_horizontal=2
[edge] 咳嗽 -> 清稀痰 (example-of) | removed_horizontal=2
[edge] 咳嗽 -> 湿痰 (example-of) | removed_horizontal=2
[edge] 咳嗽 -> 燥热 (related) | removed_horizontal=2
[edge] 咳嗽 -> 热邪上扰咽喉 (related) | removed_horizontal=2
[edge] 咳嗽 -> 疫毒攻喉 (related) | removed_horizontal=2
[edge] 咳嗽 -> 热迫津泄 (related) | removed_horizontal=2
[edge] 咳嗽 -> 痰多色白易咳 (example-of) | removed_horizontal=2
[edge] 咳嗽 -> 相傅之官 (related) | removed_horizontal=2
[edge] 咳嗽 -> 痰浊壅滞 (related) | removed_horizontal=2
[edge] 咳嗽 -> 白喉 (example-of) | removed_horizontal=2
[edge] 咳嗽 -> 痰黄稠量多 (example-of) | removed_horizontal=2
[edge] 咳嗽 -> 肝气升发太过 (related) | removed_horizontal=2
[edge] 咳嗽 -> 肺气不利 (related) | removed_horizontal=2
[edge] 咳嗽 -> 肺气郁闭 (related) | removed_horizontal=2
[edge] 咳嗽 -> 肺气壅塞 (related) | removed_horizontal=2
[edge] 咳嗽 -> 肺虚 (related) | removed_horizontal=2
[edge] 咳嗽 -> 肺气不宣 (related) | removed_horizontal=2
[edge] 咳嗽 -> 肺燥 (related) | removed_horizontal=2
[edge] 咳嗽 -> 胃失和降 (related) | removed_horizontal=2
[edge] 咳嗽 -> 血随气涌 (related) | removed_horizontal=2
[edge] 咳嗽 -> 胃气上逆 (related) | removed_horizontal=2
[edge] 咳嗽 -> 郁怒伤肝 (related) | removed_horizontal=2
[edge] 咳嗽 -> 鼻塞 (related) | removed_horizontal=2
[edge] 咳嗽 -> 里热蒸腾 (related) | removed_horizontal=2
[edge] 咳嗽 -> 食积阻滞 (related) | removed_horizontal=2
[edge] 咳嗽 -> 风寒阻滞经络 (related) | removed_horizontal=2
[edge] 咳嗽 -> 鼻为肺窍 (related) | removed_horizontal=2
[edge] 肺 -> 金破不鸣 (related) | removed_horizontal=2
[edge] 肺 -> 下齿 (related) | removed_horizontal=2
[edge] 肺 -> 金实不鸣 (related) | removed_horizontal=2
[edge] 肺 -> 传化糟粕 (related) | removed_horizontal=2
[edge] 肺 -> 内热 (related) | removed_horizontal=2
[edge] 肺 -> 丹田 (related) | removed_horizontal=2
[edge] 肺 -> 刘完素 (related) | removed_horizontal=2
[edge] 肺 -> 动则喘息 (applies-to) | removed_horizontal=2
[edge] 肺 -> 合谷穴 (related) | removed_horizontal=2
[edge] 肺 -> 商阳穴 (related) | removed_horizontal=2
[edge] 肺 -> 口干唇燥 (related) | removed_horizontal=2
[edge] 肺 -> 口鼻 (part-of) | removed_horizontal=2
[edge] 肺 -> 少冲穴 (related) | removed_horizontal=2
[edge] 肺 -> 小便短少 (applies-to) | removed_horizontal=2
[edge] 肺 -> 呼吸表浅 (applies-to) | removed_horizontal=2
[edge] 肺 -> 小指桡侧 (related) | removed_horizontal=2
[edge] 肺 -> 干咳少痰 (applies-to) | removed_horizontal=2
[edge] 肺 -> 干咳 (applies-to) | removed_horizontal=2
[edge] 肺 -> 喘息胸痛 (applies-to) | removed_horizontal=2
[edge] 肺 -> 心系 (related) | removed_horizontal=2
[edge] 肺 -> 掌中 (related) | removed_horizontal=2
[edge] 肺 -> 极泉穴 (related) | removed_horizontal=2
[edge] 肺 -> 掌后锐骨端 (related) | removed_horizontal=2
[edge] 肺 -> 气海 (related) | removed_horizontal=2
[edge] 肺 -> 水分 (related) | removed_horizontal=2
[edge] 肺 -> 清肃滋润 (applies-to) | removed_horizontal=2
[edge] 肺 -> 游溢精气 (related) | removed_horizontal=2
[edge] 肺 -> 水沟穴 (related) | removed_horizontal=2
[edge] 肺 -> 津液不布 (applies-to) | removed_horizontal=2
[edge] 肺 -> 清气匮乏 (related) | removed_horizontal=2
[edge] 肺 -> 清肃失职 (related) | removed_horizontal=2
[edge] 肺 -> 毛 (part-of) | removed_horizontal=2
[edge] 肺 -> 湿困日久 (applies-to) | removed_horizontal=2
[edge] 肺 -> 盗汗 (related) | removed_horizontal=2
[edge] 肺 -> 燥湿相反 (related) | removed_horizontal=2
[edge] 肺 -> 燥胜则干 (related) | removed_horizontal=2
[edge] 肺 -> 肺精 (part-of) | removed_horizontal=2
[edge] 肺 -> 湿阻于肺 (example-of) | removed_horizontal=2
[edge] 肺 -> 皮 (part-of) | removed_horizontal=2
[edge] 肺 -> 秋燥 (applies-to) | removed_horizontal=2
[edge] 肺 -> 秋 (related) | removed_horizontal=2
[edge] 肺 -> 骨蒸潮热 (related) | removed_horizontal=2
[edge] 肺 -> 颧红 (applies-to) | removed_horizontal=2
[edge] 肺 -> 胃的腐熟 (related) | removed_horizontal=2
[edge] 肺 -> 迎香穴 (part-of) | removed_horizontal=2
[edge] 肺 -> 缺盆穴 (related) | removed_horizontal=2
[edge] 肺 -> 肺津 (part-of) | removed_horizontal=2
[edge] 肺 -> 肘中 (related) | removed_horizontal=2
[edge] 肺 -> 皮肤皴裂 (related) | removed_horizontal=2
[edge] 肺 -> 虚里 (part-of) | removed_horizontal=2
[edge] 肺 -> 目系 (related) | removed_horizontal=2
[edge] 肺 -> 痰中带血 (related) | removed_horizontal=2
[edge] 肺 -> 痰黏难咳 (related) | removed_horizontal=2
[edge] 肺 -> 肾失蒸腾 (part-of) | removed_horizontal=2
[edge] 肺 -> 肾阳温煦脾运 (related) | removed_horizontal=2
[edge] 肺 -> 肌表筋骨 (related) | removed_horizontal=2
[edge] 湿邪 -> 掣痛 (related) | removed_horizontal=2
[edge] 湿邪 -> 固定痛 (applies-to) | removed_horizontal=2
[edge] 观察与反馈循环 -> 小柴胡汤 (example-of) | removed_horizontal=2
[edge] 湿邪 -> 冷痛 (applies-to) | removed_horizontal=2
[edge] 湿邪 -> 灼痛 (contrasts-with) | removed_horizontal=2
[edge] 湿邪 -> 刺痛 (applies-to) | removed_horizontal=2
[edge] 湿邪 -> 气血精髓亏虚 (related) | removed_horizontal=2
[edge] 湿邪 -> 虫积 (related) | removed_horizontal=2
[edge] 湿邪 -> 空痛 (related) | removed_horizontal=2
[edge] 湿邪 -> 精血亏虚 (related) | removed_horizontal=2
[edge] 湿邪 -> 重痛 (applies-to) | removed_horizontal=2
[edge] 湿邪 -> 下痢 (applies-to) | removed_horizontal=2
[edge] 湿邪 -> 下肢水肿 (applies-to) | removed_horizontal=2
[edge] 湿邪 -> 阴血不足 (related) | removed_horizontal=2
[edge] 湿邪 -> 走窜痛 (contrasts-with) | removed_horizontal=2
[edge] 湿邪 -> 阳气不足 (applies-to) | removed_horizontal=2
[edge] 湿邪 -> 不省人事 (related) | removed_horizontal=2
[edge] 湿邪 -> 邪阻经络 (applies-to) | removed_horizontal=2
[edge] 湿邪 -> 体质强弱 (related) | removed_horizontal=2
[edge] 湿邪 -> 便溏不爽 (applies-to) | removed_horizontal=2
[edge] 湿邪 -> 关节疼痛重着不移 (example-of) | removed_horizontal=2
[edge] 湿邪 -> 唇干舌燥 (applies-to) | removed_horizontal=2
[edge] 湿邪 -> 四肢困倦 (example-of) | removed_horizontal=2
[edge] 湿邪 -> 嗜酒成癖 (related) | removed_horizontal=2
[edge] 湿邪 -> 以水为事 (example-of) | removed_horizontal=2
[edge] 湿邪 -> 口渴喜饮 (applies-to) | removed_horizontal=2
[edge] 湿邪 -> 四肢沉重 (example-of) | removed_horizontal=2
[edge] 湿邪 -> 多发病 (related) | removed_horizontal=2
[edge] 湿邪 -> 中虚肠胃不实 (related) | removed_horizontal=2
[edge] 湿邪 -> 大便不爽 (applies-to) | removed_horizontal=2
[edge] 湿邪 -> 嗜食膏粱厚味 (related) | removed_horizontal=2
[edge] 湿邪 -> 大便溏泄不爽 (related) | removed_horizontal=2
[edge] 湿邪 -> 大便濡泄 (applies-to) | removed_horizontal=2
[edge] 湿邪 -> 大便溏泄黏腻 (example-of) | removed_horizontal=2
[edge] 湿邪 -> 头昏目眩 (applies-to) | removed_horizontal=2
[edge] 湿邪 -> 大汗出 (related) | removed_horizontal=2
[edge] 湿邪 -> 头身困重 (applies-to) | removed_horizontal=2
[edge] 湿邪 -> 寒邪侵袭 (related) | removed_horizontal=2
[edge] 湿邪 -> 寒邪凝滞 (related) | removed_horizontal=2
[edge] 湿邪 -> 妇女带下 (example-of) | removed_horizontal=2
[edge] 湿邪 -> 居处伤湿 (example-of) | removed_horizontal=2
[edge] 湿邪 -> 小便浑浊 (example-of) | removed_horizontal=2
[edge] 湿邪 -> 年高体弱者 (related) | removed_horizontal=2
[edge] 湿邪 -> 带下过多 (applies-to) | removed_horizontal=2
[edge] 湿邪 -> 常见病 (related) | removed_horizontal=2
[edge] 湿邪 -> 年高者精气虚 (related) | removed_horizontal=2
[edge] 湿邪 -> 忧愁不释 (related) | removed_horizontal=2
[edge] 湿邪 -> 暑热邪 (related) | removed_horizontal=2
[edge] 湿邪 -> 房事不节 (related) | removed_horizontal=2
[edge] 湿邪 -> 气候寒温 (related) | removed_horizontal=2
[edge] 湿邪 -> 民族、家族长期先天因素 (related) | removed_horizontal=2
[edge] 湿邪 -> 气候潮湿 (example-of) | removed_horizontal=2
[edge] 湿邪 -> 气短乏力 (related) | removed_horizontal=2
[edge] 湿邪 -> 气血上壅 (related) | removed_horizontal=2
[edge] 湿邪 -> 火邪伤络 (related) | removed_horizontal=2
[edge] 湿邪 -> 火邪 (contrasts-with) | removed_horizontal=2
[edge] 湿邪 -> 涉水淋雨 (example-of) | removed_horizontal=2
[edge] 湿邪 -> 烦渴 (related) | removed_horizontal=2
[edge] 湿邪 -> 瘿瘤 (related) | removed_horizontal=2
[edge] 湿邪 -> 疮疡脓水秽浊 (example-of) | removed_horizontal=2
[edge] 湿邪 -> 痰饮留聚于胃 (part-of) | removed_horizontal=2
[edge] 湿邪 -> 突然昏倒 (related) | removed_horizontal=2
[edge] 湿邪 -> 筋失所养 (related) | removed_horizontal=2
[edge] 湿邪 -> 眵多 (applies-to) | removed_horizontal=2
[edge] 湿邪 -> 着痹 (example-of) | removed_horizontal=2
[edge] 湿邪 -> 精气并心则喜 (related) | removed_horizontal=2
[edge] 湿邪 -> 精气并肺则悲 (related) | removed_horizontal=2
[edge] 湿邪 -> 组织失养 (related) | removed_horizontal=2
[edge] 湿邪 -> 肠鸣 (related) | removed_horizontal=2
[edge] 湿邪 -> 脘痞腹胀 (applies-to) | removed_horizontal=2
[edge] 湿邪 -> 肥人或痰湿内盛者 (example-of) | removed_horizontal=2
[edge] 湿邪 -> 脘痞 (applies-to) | removed_horizontal=2
[edge] 湿邪 -> 脉洪大 (related) | removed_horizontal=2
[edge] 湿邪 -> 脘部 (applies-to) | removed_horizontal=2
[edge] 湿邪 -> 脘腹 (applies-to) | removed_horizontal=2
[edge] 湿邪 -> 胸闷呕恶 (applies-to) | removed_horizontal=2
[edge] 湿邪 -> 腠理开泄 (related) | removed_horizontal=2
[edge] 湿邪 -> 腹中肠鸣如雷 (applies-to) | removed_horizontal=2
[edge] 湿邪 -> 脘腹痞满 (applies-to) | removed_horizontal=2
[edge] 湿邪 -> 阴位 (applies-to) | removed_horizontal=2
[edge] 湿邪 -> 邪气性质 (example-of) | removed_horizontal=2
[edge] 湿邪 -> 闭阻气机 (applies-to) | removed_horizontal=2
[edge] 湿邪 -> 面垢 (example-of) | removed_horizontal=2
[edge] 湿邪 -> 通利小便 (applies-to) | removed_horizontal=2
[edge] 湿邪 -> 食少纳呆 (applies-to) | removed_horizontal=2
[edge] 阴阳 -> 解表宣肺 (related) | removed_horizontal=2
[edge] 阴阳 -> 邪去正虚 (related) | removed_horizontal=2
[edge] 阴阳 -> 推动 (applies-to) | removed_horizontal=2
[edge] 阴阳 -> 久咳不愈 (related) | removed_horizontal=2
[edge] 阴 -> 气血旺盛 (related) | removed_horizontal=2
[edge] 阴阳 -> 表实热 (related) | removed_horizontal=2
[edge] 阴阳 -> 邪热伤阴 (example-of) | removed_horizontal=2
[edge] 阴 -> 气血衰败 (related) | removed_horizontal=2
[edge] 阴阳 -> 里实热 (related) | removed_horizontal=2
[edge] 阴阳学说 -> 凉 (example-of) | removed_horizontal=2
[edge] 阴阳 -> 热病 (related) | removed_horizontal=2
[edge] 阴阳学说 -> 升 (example-of) | removed_horizontal=2
[edge] 阴 -> 面色荣润光泽 (related) | removed_horizontal=2
[edge] 阴 -> 脏腑精气未衰 (related) | removed_horizontal=2
[edge] 阴 -> 脏腑精气衰竭 (related) | removed_horizontal=2
[edge] 阴阳学说 -> 涩 (example-of) | removed_horizontal=2
[edge] 阴 -> 面色晦暗枯槁 (applies-to) | removed_horizontal=2
[edge] 阴阳学说 -> 沉 (applies-to) | removed_horizontal=2
[edge] 阴阳学说 -> 淡 (example-of) | removed_horizontal=2
[edge] 阴阳学说 -> 浮 (example-of) | removed_horizontal=2
[edge] 阴阳学说 -> 阴精 (part-of) | removed_horizontal=2
[edge] 寒 -> 下 (contrasts-with) | removed_horizontal=2
[edge] 寒 -> 上升 (related) | removed_horizontal=2
[edge] 寒 -> 四肢厥冷 (example-of) | removed_horizontal=2
[edge] 寒 -> 冷汗淋漓 (example-of) | removed_horizontal=2
[edge] 寒 -> 天气下为雨 (example-of) | removed_horizontal=2
[edge] 阴阳学说 -> 降 (part-of) | removed_horizontal=2
[edge] 寒 -> 地气上为云 (applies-to) | removed_horizontal=2
[edge] 寒 -> 云雨形成 (applies-to) | removed_horizontal=2
[edge] 寒 -> 脉细数 (example-of) | removed_horizontal=2
[edge] 寒 -> 脉细数疾 (related) | removed_horizontal=2
[edge] 寒 -> 阳杀阴藏 (example-of) | removed_horizontal=2
[edge] 寒 -> 汗出如油 (example-of) | removed_horizontal=2
[edge] 寒 -> 阳生阴长 (related) | removed_horizontal=2
[edge] 寒 -> 阴寒凝聚 (example-of) | removed_horizontal=2
[edge] 寒 -> 阳盛 (example-of) | removed_horizontal=2
[edge] 寒 -> 脉微欲绝 (example-of) | removed_horizontal=2
[edge] 寒 -> 阳热蒸化 (contrasts-with) | removed_horizontal=2
[edge] 寒 -> 虚烦躁扰 (related) | removed_horizontal=2
[edge] 寒 -> 阴盛 (example-of) | removed_horizontal=2
[edge] 温煦 -> 寒温适宜 (related) | removed_horizontal=2
[edge] 温煦 -> 津亏致瘀 (related) | removed_horizontal=2
[edge] 温煦 -> 经络涩滞 (related) | removed_horizontal=2
[edge] 温煦 -> 血寒致瘀 (related) | removed_horizontal=2
[edge] 温煦 -> 脉道通利 (related) | removed_horizontal=2
[edge] 温煦 -> 血热致瘀 (related) | removed_horizontal=2
[edge] 温煦 -> 肺之助心行血 (related) | removed_horizontal=2
[edge] 温煦 -> 肺气虚损 (related) | removed_horizontal=2
[edge] 温煦 -> 血液充盈 (applies-to) | removed_horizontal=2
[edge] 阴阳的对立制约 -> 阳不胜其阴 (example-of) | removed_horizontal=2
[edge] 温煦 -> 心之行血 (related) | removed_horizontal=2
[edge] 阴阳的对立制约 -> 阴不胜其阳 (example-of) | removed_horizontal=2
[edge] 阴阳的对立制约 -> 高者抑之 (example-of) | removed_horizontal=2
[edge] 阴胜则阳病 -> 寒痹筋骨 (related) | removed_horizontal=2
[edge] 阴胜则阳病 -> 形寒肢冷 (example-of) | removed_horizontal=2
[edge] 阴胜则阳病 -> 阴偏盛 (part-of) | removed_horizontal=2
[edge] 阴阳的消长平衡 -> 失调 (contrasts-with) | removed_horizontal=2
[edge] 阴胜则阳病 -> 温阳 (applies-to) | removed_horizontal=2
[edge] 阴阳的消长平衡 -> 此长彼长 (example-of) | removed_horizontal=2
[edge] 阴胜则阳病 -> 滋阴 (applies-to) | removed_horizontal=2
[edge] 阴阳的消长平衡 -> 此消彼消 (example-of) | removed_horizontal=2
[edge] 阴阳的消长平衡 -> 热盛津亏 (example-of) | removed_horizontal=2
[edge] 阴虚火旺 -> 周身疼痛 (related) | removed_horizontal=2
[edge] 阴阳的消长平衡 -> 补气生血 (example-of) | removed_horizontal=2
[edge] 阴虚火旺 -> 少腹 (related) | removed_horizontal=2
[edge] 阴虚火旺 -> 头晕耳鸣 (applies-to) | removed_horizontal=2
[edge] 阴虚火旺 -> 瘀血阻滞 (related) | removed_horizontal=2
[edge] 阴虚火旺 -> 口咽干燥 (applies-to) | removed_horizontal=2
[edge] 阴虚火旺 -> 营血亏虚 (related) | removed_horizontal=2
[edge] 阴虚火旺 -> 寒邪犯胃 (related) | removed_horizontal=2
[edge] 阴虚火旺 -> 四肢痛 (related) | removed_horizontal=2
[edge] 阴虚火旺 -> 督脉损伤 (related) | removed_horizontal=2
[edge] 阴虚火旺 -> 相火妄动 (related) | removed_horizontal=2
[edge] 阴虚火旺 -> 肺痈 (related) | removed_horizontal=2
[edge] 阴虚火旺 -> 脾胃虚寒 (related) | removed_horizontal=2
[edge] 阴虚火旺 -> 背痛 (related) | removed_horizontal=2
[edge] 阴虚火旺 -> 肝火炽盛 (contrasts-with) | removed_horizontal=2
[edge] 阴虚火旺 -> 行痹 (related) | removed_horizontal=2
[edge] 阴虚火旺 -> 遗精 (related) | removed_horizontal=2
[edge] 阴虚火旺 -> 上扰心神 (related) | removed_horizontal=2
[edge] 阴虚火旺 -> 风湿阻滞 (related) | removed_horizontal=2
[edge] 阴虚火旺 -> 饮停胸胁 (related) | removed_horizontal=2
[edge] 阴虚火旺 -> 伪膜 (applies-to) | removed_horizontal=2
[edge] 阴虚火旺 -> 侧头 (related) | removed_horizontal=2
[edge] 阴虚火旺 -> 健忘 (related) | removed_horizontal=2
[edge] 阴虚火旺 -> 内伤头痛 (applies-to) | removed_horizontal=2
[edge] 阴虚火旺 -> 劳神太过 (related) | removed_horizontal=2
[edge] 阴虚火旺 -> 午后两颧潮红 (example-of) | removed_horizontal=2
[edge] 阴虚火旺 -> 前额 (related) | removed_horizontal=2
[edge] 阴虚火旺 -> 唇色淡白 (related) | removed_horizontal=2
[edge] 阴虚火旺 -> 口疮 (applies-to) | removed_horizontal=2
[edge] 阴虚火旺 -> 后头连项 (related) | removed_horizontal=2
[edge] 阴虚火旺 -> 嗜睡 (related) | removed_horizontal=2
[edge] 阴虚火旺 -> 唇风 (applies-to) | removed_horizontal=2
[edge] 阴虚火旺 -> 夺气 (related) | removed_horizontal=2
[edge] 阴虚火旺 -> 外感实证 (contrasts-with) | removed_horizontal=2
[edge] 阴虚火旺 -> 失眠多梦 (applies-to) | removed_horizontal=2
[edge] 阴虚火旺 -> 干枯焦黑 (related) | removed_horizontal=2
[edge] 阴虚火旺 -> 失眠健忘 (applies-to) | removed_horizontal=2
[edge] 阴虚火旺 -> 心悸心烦 (applies-to) | removed_horizontal=2
[edge] 阴虚火旺 -> 心阳气虚 (related) | removed_horizontal=2
[edge] 阴虚火旺 -> 形体消瘦 (example-of) | removed_horizontal=2
[edge] 阴虚火旺 -> 心脉急骤闭塞 (related) | removed_horizontal=2
[edge] 阴虚火旺 -> 昏迷 (related) | removed_horizontal=2
[edge] 阴虚火旺 -> 气虚不运 (related) | removed_horizontal=2
[edge] 阴虚火旺 -> 心肝火旺 (related) | removed_horizontal=2
[edge] 阴虚火旺 -> 头晕 (applies-to) | removed_horizontal=2
[edge] 阴虚火旺 -> 手足心热 (example-of) | removed_horizontal=2
[edge] 阴虚火旺 -> 歧视 (related) | removed_horizontal=2
[edge] 阴虚火旺 -> 水饮 (related) | removed_horizontal=2
[edge] 阴虚火旺 -> 水湿泛溢 (related) | removed_horizontal=2
[edge] 阴虚火旺 -> 湿热蕴结 (related) | removed_horizontal=2
[edge] 阴虚火旺 -> 温热病后期伤阴 (related) | removed_horizontal=2
[edge] 阴虚火旺 -> 湿邪困脾 (related) | removed_horizontal=2
[edge] 阴虚火旺 -> 溃烂 (applies-to) | removed_horizontal=2
[edge] 阴虚火旺 -> 满面通红 (related) | removed_horizontal=2
[edge] 阴虚火旺 -> 潮热盗汗 (example-of) | removed_horizontal=2
[edge] 阴虚火旺 -> 热毒蕴肺 (related) | removed_horizontal=2
[edge] 阴虚火旺 -> 热毒 (related) | removed_horizontal=2
[edge] 阴虚火旺 -> 燥如枯骨 (example-of) | removed_horizontal=2
[edge] 阴虚火旺 -> 牙齿干燥 (related) | removed_horizontal=2
[edge] 阴虚火旺 -> 痰湿上蒙 (contrasts-with) | removed_horizontal=2
[edge] 阴虚火旺 -> 痰浊内阻 (related) | removed_horizontal=2
[edge] 阴虚火旺 -> 痰湿内盛 (related) | removed_horizontal=2
[edge] 阴虚火旺 -> 痰湿内阻 (related) | removed_horizontal=2
[edge] 阴虚火旺 -> 痰热壅肺 (related) | removed_horizontal=2
[edge] 阴虚火旺 -> 白 (related) | removed_horizontal=2
[edge] 阴虚火旺 -> 目昏 (related) | removed_horizontal=2
[edge] 阴虚火旺 -> 目痒 (applies-to) | removed_horizontal=2
[edge] 阴虚火旺 -> 目痛 (applies-to) | removed_horizontal=2
[edge] 阴虚火旺 -> 目眩 (applies-to) | removed_horizontal=2
[edge] 阴虚火旺 -> 眩晕耳鸣 (applies-to) | removed_horizontal=2
[edge] 阴虚火旺 -> 眼眶发黑 (related) | removed_horizontal=2
[edge] 阴虚火旺 -> 目赤肿 (applies-to) | removed_horizontal=2
[edge] 阴虚火旺 -> 瞳仁散大 (related) | removed_horizontal=2
[edge] 阴虚火旺 -> 神不守舍 (related) | removed_horizontal=2
[edge] 阴虚火旺 -> 精亏血虚 (related) | removed_horizontal=2
[edge] 阴虚火旺 -> 红肿 (example-of) | removed_horizontal=2
[edge] 阴虚火旺 -> 肩部作痛 (related) | removed_horizontal=2
[edge] 阴虚火旺 -> 耳郭红润 (related) | removed_horizontal=2
[edge] 阴虚火旺 -> 肝经风火 (related) | removed_horizontal=2
[edge] 阴虚火旺 -> 胁胀 (related) | removed_horizontal=2
[edge] 阴虚火旺 -> 脱血 (related) | removed_horizontal=2
[edge] 阴虚火旺 -> 脑髓失养 (related) | removed_horizontal=2
[edge] 阴虚火旺 -> 背痛连项 (related) | removed_horizontal=2
[edge] 阴虚火旺 -> 脾虚水泛 (related) | removed_horizontal=2
[edge] 阴虚火旺 -> 虚劳久病 (related) | removed_horizontal=2
[edge] 阴虚火旺 -> 血虚失养 (related) | removed_horizontal=2
[edge] 阴虚火旺 -> 舌红少苔或无苔 (example-of) | removed_horizontal=2
[edge] 阴虚火旺 -> 苍白 (related) | removed_horizontal=2
[edge] 阴虚火旺 -> 脾虚痰浊上犯 (related) | removed_horizontal=2
[edge] 阴虚火旺 -> 脾虚痰浊 (example-of) | removed_horizontal=2
[edge] 阴虚火旺 -> 赤 (related) | removed_horizontal=2
[edge] 阴虚火旺 -> 舌红少苔 (example-of) | removed_horizontal=2
[edge] 阴虚火旺 -> 身重 (related) | removed_horizontal=2
[edge] 阴虚火旺 -> 过服温燥劫阴之品 (prerequisite) | removed_horizontal=2
[edge] 阴虚火旺 -> 阳强易举 (example-of) | removed_horizontal=2
[edge] 阴虚火旺 -> 黄 (related) | removed_horizontal=2
[edge] 阴虚火旺 -> 遗精早泄 (applies-to) | removed_horizontal=2
[edge] 阴虚火旺 -> 阳气偏亢 (related) | removed_horizontal=2
[edge] 阴虚火旺 -> 阳气暴脱 (contrasts-with) | removed_horizontal=2
[edge] 阴虚火旺 -> 颧红如妆 (example-of) | removed_horizontal=2
[edge] 阴虚火旺 -> 黄胖 (related) | removed_horizontal=2
[edge] 阴虚火旺 -> 面色淡白无华 (related) | removed_horizontal=2
[edge] 阴虚火旺 -> 面黑暗淡 (related) | removed_horizontal=2
[edge] 阴虚火旺 -> 黑而干焦 (example-of) | removed_horizontal=2
[edge] 阴虚火旺 -> 风寒客经 (related) | removed_horizontal=2
[edge] 阴虚火旺 -> 青黑 (related) | removed_horizontal=2
[edge] 阴虚火旺 -> 鹅口疮 (example-of) | removed_horizontal=2
[edge] 阴虚火旺 -> 龈 (applies-to) | removed_horizontal=2
[edge] 阴虚火旺 -> 风寒客于太阳经 (related) | removed_horizontal=2
[edge] 阴虚火旺 -> 鼻色赤 (related) | removed_horizontal=2
[edge] 阴虚火旺 -> 饮食积滞 (related) | removed_horizontal=2
[edge] 阴虚火旺 -> 齿松发脱 (example-of) | removed_horizontal=2
[edge] 阴虚火旺 -> 颧红盗汗 (example-of) | removed_horizontal=2
[edge] 阴虚火旺 -> 风热上扰 (related) | removed_horizontal=2
[edge] 阴虚火旺 -> 雀目 (related) | removed_horizontal=2
[edge] 阳损及阴 -> 脾肾两虚水肿 (related) | removed_horizontal=2
[edge] 阳损及阴 -> 阳气生化不足 (part-of) | removed_horizontal=2
[edge] 阳损及阴 -> 阳不摄阴 (contrasts-with) | removed_horizontal=2
[edge] 阳损及阴 -> 阴液亏耗 (related) | removed_horizontal=2
[edge] 阳损及阴 -> 阴液生成减少 (part-of) | removed_horizontal=2
[edge] 阴阳的相互转化 -> 极 (prerequisite) | removed_horizontal=2
[edge] 阴阳的相互转化 -> 重 (prerequisite) | removed_horizontal=2
[edge] 阴阳的相互转化 -> 甚 (prerequisite) | removed_horizontal=2
[edge] 虚实转化 -> 大实有羸状 (example-of) | removed_horizontal=2
[edge] 虚实转化 -> 至虚有盛候 (example-of) | removed_horizontal=2
[edge] 虚实转化 -> 虚实真假 (related) | removed_horizontal=2
[edge] 六腑 -> 大肠燥结 (related) | removed_horizontal=2
[edge] 六腑 -> 宣发呼浊 (related) | removed_horizontal=2
[edge] 六腑 -> 气闭 (related) | removed_horizontal=2
[edge] 虚实转化 -> 真虚假实 (example-of) | removed_horizontal=2
[edge] 六腑 -> 心肺在上宜降 (related) | removed_horizontal=2
[edge] 六腑 -> 残渣 (part-of) | removed_horizontal=2
[edge] 六腑 -> 浊 (part-of) | removed_horizontal=2
[edge] 六腑 -> 燥化传导 (part-of) | removed_horizontal=2
[edge] 六腑 -> 清 (related) | removed_horizontal=2
[edge] 虚实转化 -> 邪不太盛 (related) | removed_horizontal=2
[edge] 六腑 -> 肃降吸清 (related) | removed_horizontal=2
[edge] 虚实转化 -> 正气未衰 (related) | removed_horizontal=2
[edge] 六腑 -> 胃热 (related) | removed_horizontal=2
[edge] 六腑 -> 大肠传导不利 (related) | removed_horizontal=2
[edge] 六腑 -> 胆失疏泄 (example-of) | removed_horizontal=2
[edge] 六腑 -> 腐熟 (applies-to) | removed_horizontal=2
[edge] 六腑 -> 肝肾在下宜升 (related) | removed_horizontal=2
[edge] 六腑 -> 脾胃湿热 (related) | removed_horizontal=2
[edge] 肃降 -> 宣降肺气 (applies-to) | removed_horizontal=2
[edge] 肾 -> 两肾之间的动气 (part-of) | removed_horizontal=2
[edge] 肾 -> 《灵枢·根结》 (example-of) | removed_horizontal=2
[edge] 肾 -> 尿频 (applies-to) | removed_horizontal=2
[edge] 肾 -> 二阴 (part-of) | removed_horizontal=2
[edge] 肾 -> 内侧分支 (related) | removed_horizontal=2
[edge] 肾 -> 五更泄泻 (applies-to) | removed_horizontal=2
[edge] 肾 -> 冬 (example-of) | removed_horizontal=2
[edge] 肾 -> 久泄滑脱 (applies-to) | removed_horizontal=2
[edge] 肾 -> 冬藏之气 (example-of) | removed_horizontal=2
[edge] 肾 -> 冷秘 (applies-to) | removed_horizontal=2
[edge] 肾 -> 原气之别使 (related) | removed_horizontal=2
[edge] 肾 -> 决渎之官 (related) | removed_horizontal=2
[edge] 肾 -> 咽干 (related) | removed_horizontal=2
[edge] 肾 -> 发 (part-of) | removed_horizontal=2
[edge] 肾 -> 固摄无权 (applies-to) | removed_horizontal=2
[edge] 肾 -> 唾 (part-of) | removed_horizontal=2
[edge] 肾 -> 外侧分支 (part-of) | removed_horizontal=2
[edge] 肾 -> 右肾 (example-of) | removed_horizontal=2
[edge] 肾 -> 大腿后侧 (related) | removed_horizontal=2
[edge] 肾 -> 头侧部耳上角 (related) | removed_horizontal=2
[edge] 肾 -> 失禁 (applies-to) | removed_horizontal=2
[edge] 肾 -> 天柱穴 (related) | removed_horizontal=2
[edge] 肾 -> 委中穴 (part-of) | removed_horizontal=2
[edge] 肾 -> 小趾外侧端 (related) | removed_horizontal=2
[edge] 肾 -> 头顶 (related) | removed_horizontal=2
[edge] 肾 -> 失约 (related) | removed_horizontal=2
[edge] 肾 -> 尿少浮肿 (applies-to) | removed_horizontal=2
[edge] 肾 -> 尿急 (related) | removed_horizontal=2
[edge] 肾 -> 尿痛 (related) | removed_horizontal=2
[edge] 肾 -> 尿闭 (related) | removed_horizontal=2
[edge] 肾 -> 昆仑穴 (part-of) | removed_horizontal=2
[edge] 肾 -> 齿摇脱落 (example-of) | removed_horizontal=2
[edge] 肾 -> 开窍于二阴 (part-of) | removed_horizontal=2
[edge] 肾 -> 枯槁早白 (example-of) | removed_horizontal=2
[edge] 肾 -> 开阖 (applies-to) | removed_horizontal=2
[edge] 肾 -> 骨折 (related) | removed_horizontal=2
[edge] 肾 -> 水道 (related) | removed_horizontal=2
[edge] 肾 -> 贮尿 (applies-to) | removed_horizontal=2
[edge] 肾 -> 肾精虚衰 (example-of) | removed_horizontal=2
[edge] 肾 -> 阳痿不育 (related) | removed_horizontal=2
[edge] 肾 -> 腰膝酸冷 (applies-to) | removed_horizontal=2
[edge] 肾 -> 膀胱开阖失度 (related) | removed_horizontal=2
[edge] 肾 -> 膀胱湿热 (part-of) | removed_horizontal=2
[edge] 肾 -> 肾气虚弱 (example-of) | removed_horizontal=2
[edge] 肾 -> 气化失常 (applies-to) | removed_horizontal=2
[edge] 肾 -> 百会穴 (related) | removed_horizontal=2
[edge] 肾 -> 水腑 (related) | removed_horizontal=2
[edge] 肾 -> 腰腹疼痛 (related) | removed_horizontal=2
[edge] 肾 -> 额部 (related) | removed_horizontal=2
[edge] 肾 -> 颅腔 (related) | removed_horizontal=2
[edge] 肾 -> 膂 (part-of) | removed_horizontal=2
[edge] 肾 -> 肾俞穴 (part-of) | removed_horizontal=2
[edge] 肾 -> 项部 (related) | removed_horizontal=2
[edge] 肾 -> 腓肠肌 (related) | removed_horizontal=2
[edge] 肾 -> 髀枢 (related) | removed_horizontal=2
[edge] 肾 -> 臀部 (related) | removed_horizontal=2
[edge] 肾 -> 足外踝 (related) | removed_horizontal=2
[edge] 肾 -> 直行主干 (part-of) | removed_horizontal=2
[edge] 肾 -> 足背外侧缘 (related) | removed_horizontal=2
[edge] 肾 -> 沟渠 (related) | removed_horizontal=2
[edge] 肾 -> 至阴穴 (part-of) | removed_horizontal=2
[edge] 肾 -> 湖泽 (example-of) | removed_horizontal=2
[edge] 水 -> 多尿 (related) | removed_horizontal=2
[edge] 脾 -> 下颌角 (related) | removed_horizontal=2
[edge] 脾 -> 上齿 (related) | removed_horizontal=2
[edge] 脾 -> 人迎穴 (related) | removed_horizontal=2
[edge] 脾 -> 冲阳穴 (part-of) | removed_horizontal=2
[edge] 脾 -> 厉兑穴 (related) | removed_horizontal=2
[edge] 脾 -> 外感寒邪 (related) | removed_horizontal=2
[edge] 脾 -> 乳中线 (related) | removed_horizontal=2
[edge] 脾 -> 大腿前外侧 (related) | removed_horizontal=2
[edge] 脾 -> 承浆穴 (related) | removed_horizontal=2
[edge] 脾 -> 阴阳燥湿相济 (related) | removed_horizontal=2
[edge] 脾 -> 胃纳不振 (applies-to) | removed_horizontal=2
[edge] 脾 -> 胃纳失和 (related) | removed_horizontal=2
[edge] 脾 -> 脾为阴脏 (example-of) | removed_horizontal=2
[edge] 脾 -> 脾气上升 (part-of) | removed_horizontal=2
[edge] 脾 -> 脾气升运 (part-of) | removed_horizontal=2
[edge] 脾 -> 胃气下降 (related) | removed_horizontal=2
[edge] 脾 -> 脾虚气陷 (example-of) | removed_horizontal=2
[edge] 脾 -> 胃阴不足 (part-of) | removed_horizontal=2
[edge] 脾 -> 脐 (related) | removed_horizontal=2
[edge] 脾 -> 脾湿过盛 (example-of) | removed_horizontal=2
[edge] 脾 -> 鼻根 (part-of) | removed_horizontal=2
[edge] 脾 -> 额前 (related) | removed_horizontal=2
[edge] 脾 -> 足中趾外侧 (related) | removed_horizontal=2
[edge] 脾 -> 足第二趾外侧 (related) | removed_horizontal=2
[edge] 脾 -> 膝髌 (related) | removed_horizontal=2
[edge] 脾 -> 胫骨前缘 (related) | removed_horizontal=2
[edge] 脾 -> 足大趾内侧 (related) | removed_horizontal=2
[edge] 脾 -> 隐白穴 (part-of) | removed_horizontal=2
[edge] 脾 -> 脾肾阳气虚衰 (part-of) | removed_horizontal=2
[edge] 脾 -> 诸寒收引，皆属于肾 (related) | removed_horizontal=2
[edge] 长夏 -> 口淡 (related) | removed_horizontal=2
[edge] 长夏 -> 口甜腻 (related) | removed_horizontal=2
[edge] 长夏 -> 其华在唇 (related) | removed_horizontal=2
[edge] 脾 -> 温煦气化功能 (part-of) | removed_horizontal=2
[edge] 长夏 -> 口唇色泽 (related) | removed_horizontal=2
[edge] 长夏 -> 口臭 (related) | removed_horizontal=2
[edge] 长夏 -> 唇红润 (related) | removed_horizontal=2
[edge] 长夏 -> 气虚流涎 (related) | removed_horizontal=2
[edge] 长夏 -> 四肢 (related) | removed_horizontal=2
[edge] 长夏 -> 纳呆 (related) | removed_horizontal=2
[edge] 长夏 -> 湿盛困脾 (related) | removed_horizontal=2
[edge] 长夏 -> 涎 (related) | removed_horizontal=2
[edge] 长夏 -> 脾化生气血 (related) | removed_horizontal=2
[edge] 长夏 -> 脾精 (part-of) | removed_horizontal=2
[edge] 长夏 -> 湿气 (related) | removed_horizontal=2
[edge] 长夏 -> 饮食口味 (part-of) | removed_horizontal=2
[edge] 长夏 -> 阴虚口干 (related) | removed_horizontal=2
[edge] 营卫 -> 阳加于阴谓之汗 (example-of) | removed_horizontal=2
[edge] 营卫 -> 《素问·阴阳别论》 (example-of) | removed_horizontal=2
[edge] 营卫 -> 衣被过厚 (related) | removed_horizontal=2
[edge] 营卫 -> 情绪紧张 (applies-to) | removed_horizontal=2
[edge] 营卫 -> 体力活动 (applies-to) | removed_horizontal=2
[edge] 营卫 -> 生理性汗出 (example-of) | removed_horizontal=2
[edge] 营卫 -> 滋润皮肤 (applies-to) | removed_horizontal=2
[edge] 营卫 -> 气候炎热 (applies-to) | removed_horizontal=2
[edge] 营卫 -> 排泄废物 (applies-to) | removed_horizontal=2
[edge] 营卫 -> 进食辛热 (related) | removed_horizontal=2
[edge] 血 -> 面色无华 (example-of) | removed_horizontal=2
[edge] 血 -> 面色红润 (example-of) | removed_horizontal=2
[edge] 血 -> 中焦受气取汁，变化而赤，是谓血 (example-of) | removed_horizontal=2
[edge] 血 -> 心胸刺痛 (applies-to) | removed_horizontal=2
[edge] 血 -> 多梦 (related) | removed_horizontal=2
[edge] 血 -> 心神失常 (applies-to) | removed_horizontal=2
[edge] 血 -> 养气 (applies-to) | removed_horizontal=2
[edge] 血 -> 固护胎儿 (related) | removed_horizontal=2
[edge] 血 -> 心胸憋闷 (related) | removed_horizontal=2
[edge] 血 -> 固摄精液 (applies-to) | removed_horizontal=2
[edge] 血 -> 唇舌青紫 (example-of) | removed_horizontal=2
[edge] 血 -> 气不摄津 (related) | removed_horizontal=2
[edge] 血 -> 思维敏捷 (related) | removed_horizontal=2
[edge] 血 -> 摄津 (applies-to) | removed_horizontal=2
[edge] 血 -> 气机不行 (applies-to) | removed_horizontal=2
[edge] 血 -> 气不固精 (related) | removed_horizontal=2
[edge] 血 -> 扰动心神 (applies-to) | removed_horizontal=2
[edge] 血 -> 气随血脱 (related) | removed_horizontal=2
[edge] 血 -> 津枯血燥 (related) | removed_horizontal=2
[edge] 血 -> 皮肤紫斑 (example-of) | removed_horizontal=2
[edge] 血 -> 津液外泄 (related) | removed_horizontal=2
[edge] 血 -> 神志失常 (related) | removed_horizontal=2
[edge] 血 -> 气不固胎 (related) | removed_horizontal=2
[edge] 血 -> 神志清晰 (related) | removed_horizontal=2
[edge] 血 -> 肾精化血 (example-of) | removed_horizontal=2
[edge] 血 -> 离经之血 (example-of) | removed_horizontal=2
[edge] 血 -> 肺、脾、肾之气 (part-of) | removed_horizontal=2
[edge] 血 -> 清气 (applies-to) | removed_horizontal=2
[edge] 血 -> 脉象和缓有力 (example-of) | removed_horizontal=2
[edge] 血 -> 脉象涩滞 (example-of) | removed_horizontal=2
[edge] 血 -> 舌淡脉弱 (example-of) | removed_horizontal=2
[edge] 血 -> 脉象和缓 (related) | removed_horizontal=2
[edge] 血 -> 脉象细弱 (example-of) | removed_horizontal=2
[edge] 血 -> 舌色荣润 (related) | removed_horizontal=2
[edge] 血 -> 舌色淡红 (example-of) | removed_horizontal=2
[edge] 血 -> 舌质淡白 (example-of) | removed_horizontal=2
[edge] 血 -> 血与津液同源互化 (part-of) | removed_horizontal=2
[edge] 血 -> 血即精之属也 (example-of) | removed_horizontal=2
[edge] 血 -> 行津 (related) | removed_horizontal=2
[edge] 血 -> 血脉调和 (part-of) | removed_horizontal=2
[edge] 血 -> 血能养气 (part-of) | removed_horizontal=2
[edge] 血 -> 血燥 (example-of) | removed_horizontal=2
[edge] 血 -> 血气者，人之神，不可不谨养 (example-of) | removed_horizontal=2
[edge] 血 -> 行血 (applies-to) | removed_horizontal=2
[edge] 血 -> 谵语 (related) | removed_horizontal=2
[edge] 血 -> 邪气侵入营血 (example-of) | removed_horizontal=2
[edge] 血 -> 面唇紫暗 (example-of) | removed_horizontal=2
[edge] 气 -> 大汗亡阳 (example-of) | removed_horizontal=2
[edge] 津液 -> 便溏 (related) | removed_horizontal=2
[edge] 气 -> 吐下之余，定无完气 (example-of) | removed_horizontal=2
[edge] 津液 -> 口舌生疮 (related) | removed_horizontal=2
[edge] 津液 -> 传导功能 (related) | removed_horizontal=2
[edge] 津液 -> 孙脉 (part-of) | removed_horizontal=2
[edge] 津液 -> 水谷 (related) | removed_horizontal=2
[edge] 津液 -> 心在液为汗 (part-of) | removed_horizontal=2
[edge] 津液 -> 形体肢节 (applies-to) | removed_horizontal=2
[edge] 津液 -> 心血充盈 (related) | removed_horizontal=2
[edge] 津液 -> 浊气上逆 (applies-to) | removed_horizontal=2
[edge] 津液 -> 溪谷 (part-of) | removed_horizontal=2
[edge] 津液 -> 骨腔 (part-of) | removed_horizontal=2
[edge] 津液 -> 肌表 (applies-to) | removed_horizontal=2
[edge] 津液 -> 滋润作用 (applies-to) | removed_horizontal=2
[edge] 津液 -> 眼 (part-of) | removed_horizontal=2
[edge] 津液 -> 肌肤毛发 (applies-to) | removed_horizontal=2
[edge] 津液 -> 舌红少津 (example-of) | removed_horizontal=2
[edge] 津液 -> 阳热 (related) | removed_horizontal=2
[edge] 津液 -> 脉细涩 (example-of) | removed_horizontal=2
[edge] 津液 -> 自汗 (related) | removed_horizontal=2
[edge] 津液 -> 舌质干燥少津 (example-of) | removed_horizontal=2
[edge] 津液 -> 腑气不通 (related) | removed_horizontal=2
[edge] 脏腑 -> 梭状结节 (related) | removed_horizontal=2
[edge] 脏腑 -> 横骨穴 (part-of) | removed_horizontal=2
[edge] 脏腑 -> 中府穴 (part-of) | removed_horizontal=2
[edge] 精 -> 膀胱开阖 (related) | removed_horizontal=2
[edge] 疾病 -> 气的运行畅通与协调平衡 (related) | removed_horizontal=2
[edge] 疾病 -> 出 (related) | removed_horizontal=2
[edge] 脏腑 -> 失血耗气 (related) | removed_horizontal=2
[edge] 脏腑 -> 气血不畅 (related) | removed_horizontal=2
[edge] 脏腑 -> 气血不荣 (related) | removed_horizontal=2
[edge] 脏腑 -> 条索状结节 (related) | removed_horizontal=2
[edge] 脏腑 -> 气血得热上行 (related) | removed_horizontal=2
[edge] 脏腑 -> 脘腹剧痛 (related) | removed_horizontal=2
[edge] 脏腑 -> 脾气不足 (part-of) | removed_horizontal=2
[edge] 脏腑 -> 空窍 (part-of) | removed_horizontal=2
[edge] 脏腑 -> 阑尾穴 (related) | removed_horizontal=2
[edge] 脏腑 -> 肠痈 (example-of) | removed_horizontal=2
[edge] 脏腑 -> 水湿浸溢肌肤 (related) | removed_horizontal=2
[edge] 脏腑 -> 肺俞穴 (part-of) | removed_horizontal=2
[edge] 脏腑 -> 肢节 (part-of) | removed_horizontal=2
[edge] 脏腑 -> 黄色 (related) | removed_horizontal=2
[edge] 脏腑 -> 赤色 (related) | removed_horizontal=2
[edge] 脏腑 -> 黑色 (related) | removed_horizontal=2
[edge] 阴邪 -> 凝滞 (applies-to) | removed_horizontal=2
[edge] 阴邪 -> 前阴 (applies-to) | removed_horizontal=2
[edge] 阴邪 -> 吐泻清稀 (related) | removed_horizontal=2
[edge] 阴邪 -> 实寒症状 (example-of) | removed_horizontal=2
[edge] 阴邪 -> 寒则气收 (example-of) | removed_horizontal=2
[edge] 阴邪 -> 恶寒蜷卧 (example-of) | removed_horizontal=2
[edge] 阴邪 -> 得温痛减 (related) | removed_horizontal=2
[edge] 阴邪 -> 局部冷痛 (applies-to) | removed_horizontal=2
[edge] 阴邪 -> 收引 (related) | removed_horizontal=2
[edge] 阴邪 -> 毛窍 (related) | removed_horizontal=2
[edge] 阴邪 -> 经脉筋脉挛急 (related) | removed_horizontal=2
[edge] 阴邪 -> 脉弦紧 (related) | removed_horizontal=2
[edge] 阴邪 -> 脉沉紧 (related) | removed_horizontal=2
[edge] 阴邪 -> 肢体关节屈伸不利 (applies-to) | removed_horizontal=2
[edge] 阴邪 -> 脘腹冷痛 (applies-to) | removed_horizontal=2
[edge] 阴邪 -> 舌淡苔白润 (related) | removed_horizontal=2
[edge] 阴邪 -> 遇寒加重 (applies-to) | removed_horizontal=2
[edge] 阴邪 -> 血脉挛缩 (applies-to) | removed_horizontal=2
[edge] 正气 -> 关节疼痛 (related) | removed_horizontal=2
[edge] 阳邪 -> 破伤风 (related) | removed_horizontal=2
[edge] 正气 -> 中毒 (contrasts-with) | removed_horizontal=2
[edge] 阳邪 -> 小儿风水病 (related) | removed_horizontal=2
[edge] 病邪 -> 邪气过盛 (example-of) | removed_horizontal=2
[edge] 正气 -> 劳逸适度 (related) | removed_horizontal=2
[edge] 正气 -> 壮者 (related) | removed_horizontal=2
[edge] 正气 -> 《素问·移精变气论》 (related) | removed_horizontal=2
[edge] 正气 -> 寒病 (related) | removed_horizontal=2
[edge] 正气 -> 即时发作 (related) | removed_horizontal=2
[edge] 正气 -> 大惊 (related) | removed_horizontal=2
[edge] 正气 -> 弱者 (related) | removed_horizontal=2
[edge] 正气 -> 工业废气 (related) | removed_horizontal=2
[edge] 正气 -> 动作以避寒 (applies-to) | removed_horizontal=2
[edge] 正气 -> 外环境 (related) | removed_horizontal=2
[edge] 正气 -> 感冒 (related) | removed_horizontal=2
[edge] 正气 -> 感邪轻重 (related) | removed_horizontal=2
[edge] 正气 -> 正胜邪却 (example-of) | removed_horizontal=2
[edge] 正气 -> 忧愁过度 (related) | removed_horizontal=2
[edge] 正气 -> 时而复发 (related) | removed_horizontal=2
[edge] 正气 -> 水源污染 (related) | removed_horizontal=2
[edge] 正气 -> 毒气 (contrasts-with) | removed_horizontal=2
[edge] 正气 -> 湿热病 (related) | removed_horizontal=2
[edge] 正气 -> 电击 (contrasts-with) | removed_horizontal=2
[edge] 正气 -> 燥病 (related) | removed_horizontal=2
[edge] 正气 -> 环境卫生差 (related) | removed_horizontal=2
[edge] 正气 -> 痢疾 (related) | removed_horizontal=2
[edge] 正气 -> 粉尘 (related) | removed_horizontal=2
[edge] 正气 -> 秽物淤积 (related) | removed_horizontal=2
[edge] 正气 -> 蚊蝇孳生 (related) | removed_horizontal=2
[edge] 正气 -> 邪气所中部位深浅 (related) | removed_horizontal=2
[edge] 正气 -> 精神愉快 (example-of) | removed_horizontal=2
[edge] 正气 -> 虫兽伤 (related) | removed_horizontal=2
[edge] 正气 -> 麻疹 (related) | removed_horizontal=2
[edge] 正气 -> 阴居以避暑 (related) | removed_horizontal=2
[edge] 正气 -> 高温 (contrasts-with) | removed_horizontal=2
[edge] 阳气 -> 热证转寒 (related) | removed_horizontal=2
[edge] 阳气 -> 下法 (related) | removed_horizontal=2
[edge] 阳气 -> 脉微 (related) | removed_horizontal=2
[edge] 阳气 -> 关节红肿灼痛 (related) | removed_horizontal=2
[edge] 阳气 -> 中寒 (example-of) | removed_horizontal=2
[edge] 阳气 -> 温燥之品 (related) | removed_horizontal=2
[edge] 阳气 -> 阳热内郁 (related) | removed_horizontal=2
[edge] 阳气 -> 高热烦渴 (related) | removed_horizontal=2
[edge] 阳气 -> 夜卧早起 (applies-to) | removed_horizontal=2
[edge] 阳气 -> 高热 (applies-to) | removed_horizontal=2
[edge] 阴胜则寒 -> 冷痛喜温 (example-of) | removed_horizontal=2
[edge] 阳气 -> 早卧晚起 (applies-to) | removed_horizontal=2
[edge] 阴胜则寒 -> 口渴喜冷饮 (applies-to) | removed_horizontal=2
[edge] 阴胜则寒 -> 大便溏泄 (applies-to) | removed_horizontal=2
[edge] 阴胜则寒 -> 肢冷蜷卧 (applies-to) | removed_horizontal=2
[edge] 阴胜则寒 -> 口淡不渴 (applies-to) | removed_horizontal=2
[edge] 阴胜则寒 -> 少苔 (related) | removed_horizontal=2
[edge] 阴胜则寒 -> 脉迟 (applies-to) | removed_horizontal=2
[edge] 阴胜则寒 -> 面红目赤 (related) | removed_horizontal=2
[edge] 阴胜则寒 -> 舌淡苔白润滑 (example-of) | removed_horizontal=2
[edge] 阴胜则寒 -> 面色苍白 (example-of) | removed_horizontal=2
[edge] 阴虚则热 -> 气虚发热 (related) | removed_horizontal=2
[edge] 阴胜则寒 -> 恶热喜凉 (applies-to) | removed_horizontal=2
[edge] 阴虚则热 -> 气郁发热 (example-of) | removed_horizontal=2
[edge] 阴虚则热 -> 微热 (example-of) | removed_horizontal=2
[edge] 阴虚则热 -> 阴盛则寒 (contrasts-with) | removed_horizontal=2
[edge] 阴胜则寒 -> 手足烦热 (example-of) | removed_horizontal=2
[edge] 阴虚则热 -> 恶风 (contrasts-with) | removed_horizontal=2
[edge] 阴虚则热 -> 湿温潮热 (example-of) | removed_horizontal=2
[edge] 阴虚则热 -> 疰夏 (related) | removed_horizontal=2
[edge] 阴虚则热 -> 风热 (contrasts-with) | removed_horizontal=2
[edge] 阴虚则热 -> 肝胆火旺 (related) | removed_horizontal=2
[edge] 阴阳失调 -> 久病耗竭 (part-of) | removed_horizontal=2
[edge] 阴阳失调 -> 偏盛 (part-of) | removed_horizontal=2
[edge] 阴虚则热 -> 带下病 (related) | removed_horizontal=2
[edge] 阴虚则热 -> 风邪袭表 (related) | removed_horizontal=2
[edge] 阴阳失调 -> 格拒 (part-of) | removed_horizontal=2
[edge] 阴阳失调 -> 互损 (part-of) | removed_horizontal=2
[edge] 阴阳失调 -> 吐泻失血 (related) | removed_horizontal=2
[edge] 阴阳失调 -> 呼吸微弱 (example-of) | removed_horizontal=2
[edge] 阴阳失调 -> 实脉 (example-of) | removed_horizontal=2
[edge] 阴阳失调 -> 声音低弱少言 (example-of) | removed_horizontal=2
[edge] 阴阳失调 -> 呼吸有力 (example-of) | removed_horizontal=2
[edge] 阴阳失调 -> 寸脉 (related) | removed_horizontal=2
[edge] 阴阳失调 -> 沉小细涩 (example-of) | removed_horizontal=2
[edge] 阴阳失调 -> 浮大洪滑 (example-of) | removed_horizontal=2
[edge] 阴阳失调 -> 尺脉 (related) | removed_horizontal=2
[edge] 阴阳失调 -> 声音高亢多言 (example-of) | removed_horizontal=2
[edge] 阴阳失调 -> 汗吐下法过度 (related) | removed_horizontal=2
[edge] 阴阳失调 -> 张景岳 (related) | removed_horizontal=2
[edge] 阴阳失调 -> 精气乃绝 (part-of) | removed_horizontal=2
[edge] 阴阳失调 -> 热邪煎灼 (part-of) | removed_horizontal=2
[edge] 阴阳失调 -> 色泽鲜明 (example-of) | removed_horizontal=2
[edge] 阴阳失调 -> 色泽晦暗 (applies-to) | removed_horizontal=2
[edge] 阴阳失调 -> 虚脉 (related) | removed_horizontal=2
[edge] 阴阳失调 -> 阳气大量消耗 (example-of) | removed_horizontal=2
[edge] 阴阳失调 -> 阳虚过劳 (example-of) | removed_horizontal=2
[edge] 实证 -> 小儿 (applies-to) | removed_horizontal=2
[edge] 实证 -> 老年人 (applies-to) | removed_horizontal=2
[edge] 实证 -> 久病失治 (related) | removed_horizontal=2
[edge] 实证 -> 后天失养 (related) | removed_horizontal=2
[edge] 实证 -> 先天禀赋不足 (related) | removed_horizontal=2
[edge] 实证 -> 声低息微 (related) | removed_horizontal=2
[edge] 实证 -> 大便闭塞 (example-of) | removed_horizontal=2
[edge] 实证 -> 声高息粗 (example-of) | removed_horizontal=2
[edge] 实证 -> 婚否 (related) | removed_horizontal=2
[edge] 实证 -> 寒湿痹证 (example-of) | removed_horizontal=2
[edge] 实证 -> 岭南 (related) | removed_horizontal=2
[edge] 实证 -> 工作单位 (related) | removed_horizontal=2
[edge] 实证 -> 水痘 (related) | removed_horizontal=2
[edge] 实证 -> 正气不虚 (part-of) | removed_horizontal=2
[edge] 实证 -> 汞中毒 (example-of) | removed_horizontal=2
[edge] 实证 -> 现住址 (related) | removed_horizontal=2
[edge] 实证 -> 形体壮实 (example-of) | removed_horizontal=2
[edge] 实证 -> 疾病耗损 (contrasts-with) | removed_horizontal=2
[edge] 实证 -> 痛处喜按 (related) | removed_horizontal=2
[edge] 实证 -> 形体虚弱 (contrasts-with) | removed_horizontal=2
[edge] 实证 -> 硅肺 (example-of) | removed_horizontal=2
[edge] 实证 -> 籍贯 (related) | removed_horizontal=2
[edge] 实证 -> 精神亢奋 (example-of) | removed_horizontal=2
[edge] 实证 -> 精神萎靡 (related) | removed_horizontal=2
[edge] 实证 -> 脉实有力 (example-of) | removed_horizontal=2
[edge] 实证 -> 腹胀喜按 (related) | removed_horizontal=2
[edge] 实证 -> 腹部胀满 (example-of) | removed_horizontal=2
[edge] 实证 -> 肢体羸瘦 (related) | removed_horizontal=2
[edge] 实证 -> 脉沉迟 (related) | removed_horizontal=2
[edge] 实证 -> 脉虚弱无力 (related) | removed_horizontal=2
[edge] 实证 -> 舌淡嫩无苔或少苔 (related) | removed_horizontal=2
[edge] 实证 -> 舌苔厚腻 (related) | removed_horizontal=2
[edge] 实证 -> 舌质苍老 (related) | removed_horizontal=2
[edge] 实证 -> 邪气不著 (contrasts-with) | removed_horizontal=2
[edge] 实证 -> 虚虚实实之误 (contrasts-with) | removed_horizontal=2
[edge] 实证 -> 饮食失调 (related) | removed_horizontal=2
[edge] 实证 -> 青壮年 (related) | removed_horizontal=2
[edge] 实证 -> 默默不语 (related) | removed_horizontal=2
[edge] 实证 -> 长江中下游 (related) | removed_horizontal=2
[edge] 实证 -> 铅中毒 (example-of) | removed_horizontal=2
[edge] 实证 -> 不耐攻伐 (related) | removed_horizontal=2
[edge] 实证 -> 中病即止 (applies-to) | removed_horizontal=2
[edge] 实证 -> 不足 (contrasts-with) | removed_horizontal=2
[edge] 实证 -> 不语而声高气粗 (example-of) | removed_horizontal=2
[edge] 实证 -> 举 (related) | removed_horizontal=2
[edge] 实证 -> 亢盛 (example-of) | removed_horizontal=2
[edge] 实证 -> 便闭而腹不硬满 (example-of) | removed_horizontal=2
[edge] 实证 -> 乏力而动觉舒 (related) | removed_horizontal=2
[edge] 实证 -> 久病 (related) | removed_horizontal=2
[edge] 实证 -> 代脉 (related) | removed_horizontal=2
[edge] 实证 -> 体健 (related) | removed_horizontal=2
[edge] 实证 -> 停聚 (part-of) | removed_horizontal=2
[edge] 实证 -> 养血 (related) | removed_horizontal=2
[edge] 实证 -> 元气虚损 (contrasts-with) | removed_horizontal=2
[edge] 实证 -> 化瘀 (related) | removed_horizontal=2
[edge] 实证 -> 呼吸气微 (contrasts-with) | removed_horizontal=2
[edge] 实证 -> 呼吸气粗 (example-of) | removed_horizontal=2
[edge] 实证 -> 利湿 (applies-to) | removed_horizontal=2
[edge] 实证 -> 劳倦过度 (related) | removed_horizontal=2
[edge] 实证 -> 吐 (related) | removed_horizontal=2
[edge] 实证 -> 哮 (example-of) | removed_horizontal=2
[edge] 实证 -> 喘促而气短 (example-of) | removed_horizontal=2
[edge] 实证 -> 妇女的孕脉 (example-of) | removed_horizontal=2
[edge] 实证 -> 实喘 (example-of) | removed_horizontal=2
[edge] 实证 -> 如盘走珠 (example-of) | removed_horizontal=2
[edge] 实证 -> 哮喘 (related) | removed_horizontal=2
[edge] 实证 -> 大脉 (example-of) | removed_horizontal=2
[edge] 实证 -> 多虚证 (contrasts-with) | removed_horizontal=2
[edge] 实证 -> 少气 (contrasts-with) | removed_horizontal=2
[edge] 实证 -> 少用补益 (applies-to) | removed_horizontal=2
[edge] 实证 -> 应指圆滑 (related) | removed_horizontal=2
[edge] 实证 -> 峻下 (related) | removed_horizontal=2
[edge] 实证 -> 往来流利 (example-of) | removed_horizontal=2
[edge] 实证 -> 微脉 (related) | removed_horizontal=2
[edge] 实证 -> 忌峻攻 (applies-to) | removed_horizontal=2
[edge] 实证 -> 强者 (example-of) | removed_horizontal=2
[edge] 实证 -> 慎用寒凉 (related) | removed_horizontal=2
[edge] 实证 -> 扶正缓图 (related) | removed_horizontal=2
[edge] 实证 -> 慎用温热 (applies-to) | removed_horizontal=2
[edge] 实证 -> 思虑劳倦 (related) | removed_horizontal=2
[edge] 实证 -> 攻邪需慎重 (applies-to) | removed_horizontal=2
[edge] 实证 -> 按 (applies-to) | removed_horizontal=2
[edge] 实证 -> 易虚易实 (related) | removed_horizontal=2
[edge] 实证 -> 月经期 (related) | removed_horizontal=2
[edge] 实证 -> 松弛 (contrasts-with) | removed_horizontal=2
[edge] 实证 -> 有神无神 (related) | removed_horizontal=2
[edge] 实证 -> 歇止 (related) | removed_horizontal=2
[edge] 实证 -> 有毒之品 (related) | removed_horizontal=2
[edge] 实证 -> 正气奋起抗邪 (example-of) | removed_horizontal=2
[edge] 实证 -> 正气抗邪 (example-of) | removed_horizontal=2
[edge] 实证 -> 歇止无固定规律 (related) | removed_horizontal=2
[edge] 实证 -> 正邪相搏 (related) | removed_horizontal=2
[edge] 实证 -> 气失摄纳 (contrasts-with) | removed_horizontal=2
[edge] 实证 -> 正气未虚 (related) | removed_horizontal=2
[edge] 实证 -> 气血壅滞 (example-of) | removed_horizontal=2
[edge] 实证 -> 气血充盛养胎 (related) | removed_horizontal=2
[edge] 实证 -> 气实血涌 (example-of) | removed_horizontal=2
[edge] 实证 -> 气血未充 (related) | removed_horizontal=2
[edge] 实证 -> 气血充实 (example-of) | removed_horizontal=2
[edge] 实证 -> 气血运行不畅 (example-of) | removed_horizontal=2
[edge] 实证 -> 气血壅滞充盛 (example-of) | removed_horizontal=2
[edge] 实证 -> 气血运行断续不定 (related) | removed_horizontal=2
[edge] 实证 -> 气血运行不相连续 (related) | removed_horizontal=2
[edge] 实证 -> 沉取 (related) | removed_horizontal=2
[edge] 实证 -> 清热 (applies-to) | removed_horizontal=2
[edge] 实证 -> 滑利 (related) | removed_horizontal=2
[edge] 实证 -> 生机减退 (related) | removed_horizontal=2
[edge] 实证 -> 活血 (related) | removed_horizontal=2
[edge] 实证 -> 疗程短 (related) | removed_horizontal=2
[edge] 实证 -> 生理滑脉 (example-of) | removed_horizontal=2
[edge] 实证 -> 疼痛剧烈拒按 (example-of) | removed_horizontal=2
[edge] 实证 -> 用药量重 (related) | removed_horizontal=2
[edge] 实证 -> 癥瘕积聚 (example-of) | removed_horizontal=2
[edge] 实证 -> 短气 (related) | removed_horizontal=2
[edge] 实证 -> 用药量轻 (applies-to) | removed_horizontal=2
[edge] 实证 -> 疼痛拒按 (example-of) | removed_horizontal=2
[edge] 实证 -> 痰饮内停 (example-of) | removed_horizontal=2
[edge] 实证 -> 痰食停积 (example-of) | removed_horizontal=2
[edge] 实证 -> 祛邪药量轻 (applies-to) | removed_horizontal=2
[edge] 实证 -> 破血 (related) | removed_horizontal=2
[edge] 实证 -> 紧脉 (example-of) | removed_horizontal=2
[edge] 实证 -> 积滞 (example-of) | removed_horizontal=2
[edge] 实证 -> 经 (related) | removed_horizontal=2
[edge] 实证 -> 素体阴虚 (related) | removed_horizontal=2
[edge] 实证 -> 精气易虚 (related) | removed_horizontal=2
[edge] 实证 -> 结而无力 (example-of) | removed_horizontal=2
[edge] 实证 -> 结而有力 (example-of) | removed_horizontal=2
[edge] 实证 -> 食积 (example-of) | removed_horizontal=2
[edge] 实证 -> 虚极危候 (contrasts-with) | removed_horizontal=2
[edge] 实证 -> 短脉 (related) | removed_horizontal=2
[edge] 实证 -> 肝胆火盛 (example-of) | removed_horizontal=2
[edge] 实证 -> 重听 (related) | removed_horizontal=2
[edge] 实证 -> 肺肾虚损 (contrasts-with) | removed_horizontal=2
[edge] 实证 -> 肺热炽盛 (example-of) | removed_horizontal=2
[edge] 实证 -> 肾虚精亏 (related) | removed_horizontal=2
[edge] 实证 -> 诸虚不足 (contrasts-with) | removed_horizontal=2
[edge] 实证 -> 脉道坚满 (example-of) | removed_horizontal=2
[edge] 实证 -> 虚弱 (contrasts-with) | removed_horizontal=2
[edge] 实证 -> 青壮年的常脉 (example-of) | removed_horizontal=2
[edge] 实证 -> 血行加速 (applies-to) | removed_horizontal=2
[edge] 实证 -> 长脉 (related) | removed_horizontal=2
[edge] 实证 -> 虚脱 (contrasts-with) | removed_horizontal=2
[edge] 实证 -> 脉来缓慢而时有歇止 (example-of) | removed_horizontal=2
[edge] 实证 -> 腹痛剧烈 (example-of) | removed_horizontal=2
[edge] 实证 -> 腹痛隐痛 (related) | removed_horizontal=2
[edge] 实证 -> 脏腑虚衰 (contrasts-with) | removed_horizontal=2
[edge] 实证 -> 胀满喜按 (example-of) | removed_horizontal=2
[edge] 实证 -> 腹胀拒按 (example-of) | removed_horizontal=2
[edge] 实证 -> 羸瘦而腹硬满拒按 (example-of) | removed_horizontal=2
[edge] 实证 -> 脉沉迟而按之有力 (example-of) | removed_horizontal=2
[edge] 实证 -> 脉象沉取之有力有神 (example-of) | removed_horizontal=2
[edge] 实证 -> 舌质嫩胖与苍老 (example-of) | removed_horizontal=2
[edge] 实证 -> 言语呼吸之高亢与低怯 (example-of) | removed_horizontal=2
[edge] 实证 -> 言语呼吸低怯 (related) | removed_horizontal=2
[edge] 实证 -> 舌质嫩胖 (related) | removed_horizontal=2
[edge] 实证 -> 衰退 (contrasts-with) | removed_horizontal=2
[edge] 实证 -> 胎 (related) | removed_horizontal=2
[edge] 实证 -> 走窜伤胎 (related) | removed_horizontal=2
[edge] 实证 -> 言语呼吸高亢 (example-of) | removed_horizontal=2
[edge] 实证 -> 耐受攻伐 (applies-to) | removed_horizontal=2
[edge] 虚证 -> 五软 (related) | removed_horizontal=2
[edge] 虚证 -> 五迟 (related) | removed_horizontal=2
[edge] 虚证 -> 先天性梅毒 (example-of) | removed_horizontal=2
[edge] 虚证 -> 佝偻病 (example-of) | removed_horizontal=2
[edge] 虚证 -> 三部脉举之无力，重按空虚 (example-of) | removed_horizontal=2
[edge] 虚证 -> 发黄稀疏 (related) | removed_horizontal=2
[edge] 虚证 -> 后囟 (related) | removed_horizontal=2
[edge] 虚证 -> 发黑浓密 (related) | removed_horizontal=2
[edge] 虚证 -> 前囟 (related) | removed_horizontal=2
[edge] 虚证 -> 劳神伤血 (contrasts-with) | removed_horizontal=2
[edge] 虚证 -> 囟填 (example-of) | removed_horizontal=2
[edge] 虚证 -> 外感时邪 (contrasts-with) | removed_horizontal=2
[edge] 虚证 -> 头皮痒多脂 (related) | removed_horizontal=2
[edge] 虚证 -> 小儿发结如穗 (related) | removed_horizontal=2
[edge] 虚证 -> 吐泻伤津 (part-of) | removed_horizontal=2
[edge] 虚证 -> 头摇 (related) | removed_horizontal=2
[edge] 虚证 -> 囟陷 (example-of) | removed_horizontal=2
[edge] 虚证 -> 方颅畸形 (related) | removed_horizontal=2
[edge] 虚证 -> 气血虚衰 (part-of) | removed_horizontal=2
[edge] 虚证 -> 疳积 (related) | removed_horizontal=2
[edge] 虚证 -> 敷贴法 (related) | removed_horizontal=2
[edge] 虚证 -> 斑秃 (example-of) | removed_horizontal=2
[edge] 虚证 -> 痫 (related) | removed_horizontal=2
[edge] 虚证 -> 精亏神衰 (part-of) | removed_horizontal=2
[edge] 虚证 -> 邪盛神乱 (related) | removed_horizontal=2
[edge] 虚证 -> 痰气郁结 (related) | removed_horizontal=2
[edge] 虚证 -> 癫 (related) | removed_horizontal=2
[edge] 虚证 -> 肝风夹痰 (related) | removed_horizontal=2
[edge] 虚证 -> 解颅 (related) | removed_horizontal=2
[edge] 虚证 -> 血热 (related) | removed_horizontal=2
[edge] 虚证 -> 火邪上攻 (contrasts-with) | removed_horizontal=2
[edge] 虚证 -> 肾气不足 (example-of) | removed_horizontal=2
[edge] 虚证 -> 肾气充足 (related) | removed_horizontal=2
[edge] 虚证 -> 精血不足 (part-of) | removed_horizontal=2
[edge] 虚证 -> 血虚受风 (related) | removed_horizontal=2
[edge] 虚证 -> 腰酸 (example-of) | removed_horizontal=2
[edge] 虚证 -> 青壮年脱发 (example-of) | removed_horizontal=2
[edge] 虚证 -> 脏腑诸虚 (part-of) | removed_horizontal=2
[edge] 虚证 -> 脉率 (related) | removed_horizontal=2
[edge] 虚证 -> 风湿痹痛 (related) | removed_horizontal=2
[edge] 虚证 -> 青少年白发 (example-of) | removed_horizontal=2
[edge] 虚证 -> 细脉 (related) | removed_horizontal=2
[edge] 虚证 -> 筋肉劳损 (related) | removed_horizontal=2
[edge] 虚证 -> 虚中夹实证 (part-of) | removed_horizontal=2
[edge] 阴证 -> 传注经络 (related) | removed_horizontal=2
[edge] 阴证 -> 五脏风毒积热攻注肌肉 (related) | removed_horizontal=2
[edge] 阴证 -> 伤阴 (related) | removed_horizontal=2
[edge] 阴证 -> 审痈疡 (applies-to) | removed_horizontal=2
[edge] 阴证 -> 察润燥 (applies-to) | removed_horizontal=2
[edge] 阴证 -> 内陷筋骨 (related) | removed_horizontal=2
[edge] 阴证 -> 尺肤 (related) | removed_horizontal=2
[edge] 阴证 -> 尺肤热甚 (applies-to) | removed_horizontal=2
[edge] 阴证 -> 干瘪 (related) | removed_horizontal=2
[edge] 阴证 -> 尺肤寒冷 (example-of) | removed_horizontal=2
[edge] 阴证 -> 暴气毒邪侵袭皮肤 (related) | removed_horizontal=2
[edge] 阴证 -> 无脓 (related) | removed_horizontal=2
[edge] 阴证 -> 急 (related) | removed_horizontal=2
[edge] 阴证 -> 干燥 (related) | removed_horizontal=2
[edge] 阴证 -> 气肿 (related) | removed_horizontal=2
[edge] 阴证 -> 气血不和 (related) | removed_horizontal=2
[edge] 阴证 -> 有脓 (related) | removed_horizontal=2
[edge] 阴证 -> 气血瘀滞 (related) | removed_horizontal=2
[edge] 阴证 -> 棘手 (related) | removed_horizontal=2
[edge] 阴证 -> 气血虚而寒痰凝滞 (related) | removed_horizontal=2
[edge] 阴证 -> 湿热火毒内蕴 (related) | removed_horizontal=2
[edge] 阴证 -> 津液未伤 (related) | removed_horizontal=2
[edge] 阴证 -> 波动感 (related) | removed_horizontal=2
[edge] 阴证 -> 津枯 (related) | removed_horizontal=2
[edge] 阴证 -> 滑 (related) | removed_horizontal=2
[edge] 阴证 -> 津伤较重 (related) | removed_horizontal=2
[edge] 阴证 -> 热在表 (related) | removed_horizontal=2
[edge] 阴证 -> 汗未出 (related) | removed_horizontal=2
[edge] 阴证 -> 湿热阻于肌肤 (related) | removed_horizontal=2
[edge] 阴证 -> 疽 (example-of) | removed_horizontal=2
[edge] 阴证 -> 痈 (contrasts-with) | removed_horizontal=2
[edge] 阴证 -> 疔 (related) | removed_horizontal=2
[edge] 阴证 -> 疖 (related) | removed_horizontal=2
[edge] 阴证 -> 皮肤滋润 (related) | removed_horizontal=2
[edge] 阴证 -> 热在里 (related) | removed_horizontal=2
[edge] 阴证 -> 热盛肉腐 (related) | removed_horizontal=2
[edge] 阴证 -> 脏腑蕴积湿热外发 (related) | removed_horizontal=2
[edge] 阴证 -> 缓 (related) | removed_horizontal=2
[edge] 阴证 -> 皮肤甲错 (related) | removed_horizontal=2
[edge] 阴证 -> 脓浅 (related) | removed_horizontal=2
[edge] 阴证 -> 脓深 (related) | removed_horizontal=2
[edge] 阴证 -> 诊肿胀 (related) | removed_horizontal=2
[edge] 阴证 -> 阴津不足 (example-of) | removed_horizontal=2
[edge] 阴证 -> 阳气亏虚 (related) | removed_horizontal=2
[edge] 阴证 -> 辨寒热 (applies-to) | removed_horizontal=2
[edge] 数脉 -> 按之豁然而空 (example-of) | removed_horizontal=2
[edge] 阴证 -> 阴阳二气不得宣通 (related) | removed_horizontal=2
[edge] 数脉 -> 阳虚外浮 (applies-to) | removed_horizontal=2
[edge] 数脉 -> 数大而无力 (example-of) | removed_horizontal=2
[edge] 数脉 -> 表热 (applies-to) | removed_horizontal=2
[edge] 迟脉 -> 邪热结聚 (applies-to) | removed_horizontal=2
[edge] 数脉 -> 浮数 (example-of) | removed_horizontal=2
[edge] 数脉 -> 沉数 (part-of) | removed_horizontal=2
[edge] 迟脉 -> 一息不足四至 (example-of) | removed_horizontal=2
[edge] 表证 -> 津亏 (related) | removed_horizontal=2
[edge] 表证 -> 有汗 (example-of) | removed_horizontal=2
[edge] 表证 -> 表虚证 (example-of) | removed_horizontal=2
[edge] 表证 -> 热毒内闭 (related) | removed_horizontal=2
[edge] 表证 -> 表实寒里实热证 (example-of) | removed_horizontal=2
[edge] 表证 -> 表热证 (example-of) | removed_horizontal=2
[edge] 表证 -> 表实热里实寒证 (example-of) | removed_horizontal=2
[edge] 表证 -> 表实寒里虚热证 (example-of) | removed_horizontal=2
[edge] 表证 -> 脉浮 (example-of) | removed_horizontal=2
[edge] 表证 -> 出疹 (example-of) | removed_horizontal=2
[edge] 表证 -> 发热重恶寒轻 (example-of) | removed_horizontal=2
[edge] 迟脉 -> 生理性迟脉 (example-of) | removed_horizontal=2
[edge] 表证 -> 头项强痛 (example-of) | removed_horizontal=2
[edge] 表证 -> 脉洪数 (example-of) | removed_horizontal=2
[edge] 表证 -> 咽喉痛 (applies-to) | removed_horizontal=2
[edge] 表证 -> 浮大无力 (related) | removed_horizontal=2
[edge] 表证 -> 正邪相争 (related) | removed_horizontal=2
[edge] 表证 -> 恶寒重发热轻 (example-of) | removed_horizontal=2
[edge] 表证 -> 水湿泛溢肌肤 (related) | removed_horizontal=2
[edge] 表证 -> 热退身凉 (example-of) | removed_horizontal=2
[edge] 表证 -> 皮肤薄亮 (related) | removed_horizontal=2
[edge] 表证 -> 小便短黄 (example-of) | removed_horizontal=2
[edge] 表证 -> 胸胁苦满 (related) | removed_horizontal=2
[edge] 表证 -> 脉数有力 (applies-to) | removed_horizontal=2
[edge] 表证 -> 脉紧或迟而有力 (example-of) | removed_horizontal=2
[edge] 表证 -> 舌红脉浮数 (example-of) | removed_horizontal=2
[edge] 表证 -> 脉位表浅 (example-of) | removed_horizontal=2
[edge] 表证 -> 苔白脉浮紧 (example-of) | removed_horizontal=2
[edge] 表证 -> 脉沉 (related) | removed_horizontal=2
[edge] 表证 -> 虚阳浮越证 (related) | removed_horizontal=2
[edge] 表证 -> 苔薄 (example-of) | removed_horizontal=2
[edge] 表证 -> 表虚寒 (example-of) | removed_horizontal=2
[edge] 表证 -> 表虚热 (example-of) | removed_horizontal=2
[edge] 表证 -> 骤起头面水肿 (example-of) | removed_horizontal=2
[edge] 表证 -> 骤起眼睑头面肿 (example-of) | removed_horizontal=2
[edge] 表证 -> 里虚热 (part-of) | removed_horizontal=2
[edge] 表证 -> 阴血衰少 (related) | removed_horizontal=2
[edge] 表证 -> 风水偏热 (example-of) | removed_horizontal=2
[edge] 表证 -> 风水偏寒 (example-of) | removed_horizontal=2
[edge] 热证 -> 下利清谷 (related) | removed_horizontal=2
[edge] 热证 -> 假热 (contrasts-with) | removed_horizontal=2
[edge] 热证 -> 口渴不欲饮 (related) | removed_horizontal=2
[edge] 热证 -> 脉沉迟有力 (related) | removed_horizontal=2
[edge] 热证 -> 假寒 (contrasts-with) | removed_horizontal=2
[edge] 热证 -> 热药 (related) | removed_horizontal=2
[edge] 热证 -> 正盛邪实 (related) | removed_horizontal=2
[edge] 热证 -> 寒药 (contrasts-with) | removed_horizontal=2
[edge] 热证 -> 身热胸腹灼热 (example-of) | removed_horizontal=2
[edge] 热证 -> 脉浮大按之无力 (example-of) | removed_horizontal=2
[edge] 里证 -> 生理性沉脉 (related) | removed_horizontal=2
[edge] 里证 -> 脉位深沉 (example-of) | removed_horizontal=2
[edge] 里证 -> 气血内困 (related) | removed_horizontal=2
[edge] 里证 -> 邪气郁结于里 (applies-to) | removed_horizontal=2
[edge] 里证 -> 里虚证 (part-of) | removed_horizontal=2
[edge] 寒证 -> 偏嗜食物 (related) | removed_horizontal=2
[edge] 里证 -> 里实证 (example-of) | removed_horizontal=2
[edge] 寒证 -> 口不渴饮 (related) | removed_horizontal=2
[edge] 里证 -> 脉气鼓动不足 (related) | removed_horizontal=2
[edge] 里证 -> 阳气不得舒展 (applies-to) | removed_horizontal=2
[edge] 寒证 -> 口渴多饮 (related) | removed_horizontal=2
[edge] 寒证 -> 多食易饥 (related) | removed_horizontal=2
[edge] 寒证 -> 多食消瘦 (related) | removed_horizontal=2
[edge] 寒证 -> 口咸 (example-of) | removed_horizontal=2
[edge] 寒证 -> 大渴引饮 (related) | removed_horizontal=2
[edge] 寒证 -> 大渴喜冷饮 (example-of) | removed_horizontal=2
[edge] 寒证 -> 泛酸 (related) | removed_horizontal=2
[edge] 寒证 -> 妊娠反应 (related) | removed_horizontal=2
[edge] 寒证 -> 湿热内蕴 (related) | removed_horizontal=2
[edge] 寒证 -> 肾阳虚水泛 (part-of) | removed_horizontal=2
[edge] 寒证 -> 肝胃郁热 (example-of) | removed_horizontal=2
[edge] 寒证 -> 汗下后口渴 (related) | removed_horizontal=2
[edge] 寒证 -> 渴不多饮 (related) | removed_horizontal=2
[edge] 寒证 -> 胃强脾弱 (related) | removed_horizontal=2
[edge] 寒证 -> 食量 (related) | removed_horizontal=2
[edge] 寒证 -> 轻度伤津 (related) | removed_horizontal=2
[edge] 寒证 -> 虚火内扰 (related) | removed_horizontal=2
[edge] 寒证 -> 食欲减退 (related) | removed_horizontal=2
[edge] 寒证 -> 饥不欲食 (related) | removed_horizontal=2
[edge] 寒证 -> 除中 (related) | removed_horizontal=2
[edge] 五味 -> 逆证 (related) | removed_horizontal=2
[edge] 五味 -> 克色之脉 (related) | removed_horizontal=2
[edge] 升降浮沉 -> 小肠火 (applies-to) | removed_horizontal=2
[edge] 五味 -> 顺证 (related) | removed_horizontal=2
[edge] 五味 -> 面青 (related) | removed_horizontal=2
[edge] 升降浮沉 -> 木通 (applies-to) | removed_horizontal=2
[edge] 五味 -> 喜酸 (example-of) | removed_horizontal=2
[edge] 五味 -> 生色之脉 (related) | removed_horizontal=2
[edge] 升降浮沉 -> 白芷 (applies-to) | removed_horizontal=2
[edge] 升降浮沉 -> 柴胡 (example-of) | removed_horizontal=2
[edge] 升降浮沉 -> 石膏 (example-of) | removed_horizontal=2
[edge] 升降浮沉 -> 胃火 (applies-to) | removed_horizontal=2
[edge] 升降浮沉 -> 肝胆火 (related) | removed_horizontal=2
[edge] 升降浮沉 -> 细辛 (example-of) | removed_horizontal=2
[edge] 升降浮沉 -> 肺火 (applies-to) | removed_horizontal=2
[edge] 升降浮沉 -> 羌活 (example-of) | removed_horizontal=2
[edge] 升降浮沉 -> 防风 (applies-to) | removed_horizontal=2
[edge] 升降浮沉 -> 黄连 (example-of) | removed_horizontal=2
[edge] 升降浮沉 -> 黄芩 (example-of) | removed_horizontal=2
[edge] 升降浮沉 -> 藁本 (applies-to) | removed_horizontal=2
[edge] 五行 -> 所胜 (part-of) | removed_horizontal=2
[edge] 五行 -> 土克水 (example-of) | removed_horizontal=2
[edge] 五行 -> 所不胜 (part-of) | removed_horizontal=2
[edge] 五行 -> 子 (part-of) | removed_horizontal=2
[edge] 五行 -> 土生金 (part-of) | removed_horizontal=2
[edge] 五行 -> 水克火 (example-of) | removed_horizontal=2
[edge] 五行 -> 金生水 (example-of) | removed_horizontal=2
[edge] 五行 -> 母 (part-of) | removed_horizontal=2
[edge] 五行 -> 木生火 (example-of) | removed_horizontal=2
[edge] 五行 -> 火生土 (part-of) | removed_horizontal=2
[edge] 五行学说 -> 鼻属脾 (part-of) | removed_horizontal=2
[edge] 五行学说 -> 左颊属肝 (example-of) | removed_horizontal=2
[edge] 五行学说 -> 右颊属肺 (example-of) | removed_horizontal=2
[edge] 五行学说 -> 颏属肾 (part-of) | removed_horizontal=2
[edge] 五行学说 -> 额属心 (example-of) | removed_horizontal=2
[edge] 目 -> 其华在爪 (related) | removed_horizontal=2
[edge] 目 -> 在体合筋 (part-of) | removed_horizontal=2
[edge] 目 -> 在志为怒 (part-of) | removed_horizontal=2
[edge] 目 -> 在时为春 (related) | removed_horizontal=2
[edge] 目 -> 在液为泪 (part-of) | removed_horizontal=2
[edge] 耳 -> 发颐 (related) | removed_horizontal=2
[edge] 耳 -> 口眼㖞斜 (related) | removed_horizontal=2
[edge] 目 -> 开窍于目 (applies-to) | removed_horizontal=2
[edge] 耳 -> 呕吐物 (related) | removed_horizontal=2
[edge] 目 -> 肝阳偏亢 (related) | removed_horizontal=2
[edge] 耳 -> 痄腮 (related) | removed_horizontal=2
[edge] 耳 -> 痈疽疔疖 (related) | removed_horizontal=2
[edge] 耳 -> 斑疹 (related) | removed_horizontal=2
[edge] 耳 -> 腮肿 (related) | removed_horizontal=2
[edge] 耳 -> 善色 (related) | removed_horizontal=2
[edge] 耳 -> 苔色 (related) | removed_horizontal=2
[edge] 耳 -> 精气衰竭 (related) | removed_horizontal=2
[edge] 耳 -> 痰涕 (related) | removed_horizontal=2
[edge] 耳 -> 水疱 (related) | removed_horizontal=2
[edge] 耳 -> 阳水 (related) | removed_horizontal=2
[edge] 耳 -> 阴水 (related) | removed_horizontal=2
[edge] 耳 -> 面削颧耸 (related) | removed_horizontal=2
[edge] 耳 -> 齿龈 (part-of) | removed_horizontal=2
[edge] 耳 -> 面肿 (related) | removed_horizontal=2
[edge] 耳 -> 颤动 (related) | removed_horizontal=2
[edge] 耳 -> 风邪中络 (related) | removed_horizontal=2
[edge] 五行系统 -> 木亢乘土 (example-of) | removed_horizontal=2
[edge] 五行系统 -> 水竭木枯 (example-of) | removed_horizontal=2
[edge] 五行系统 -> 土虚木乘 (example-of) | removed_horizontal=2
[edge] 五行系统 -> 气不及则所不胜乘之、所胜侮之 (part-of) | removed_horizontal=2
[edge] 子病及母 -> 久病咳喘 (example-of) | removed_horizontal=2
[edge] 五行系统 -> 木亢侮金 (example-of) | removed_horizontal=2
[edge] 子病及母 -> 气虚机能下降 (related) | removed_horizontal=2
[edge] 子病及母 -> 咳痰清稀 (example-of) | removed_horizontal=2
[edge] 五行系统 -> 金虚木侮 (example-of) | removed_horizontal=2
[edge] 子病及母 -> 咳喘短气 (example-of) | removed_horizontal=2
[edge] 子病及母 -> 木火刑金 (example-of) | removed_horizontal=2
[edge] 子病及母 -> 水不涵木 (example-of) | removed_horizontal=2
[edge] 子病及母 -> 水湿不运 (related) | removed_horizontal=2
[edge] 子病及母 -> 相乘传变 (contrasts-with) | removed_horizontal=2
[edge] 子病及母 -> 聚湿生痰 (related) | removed_horizontal=2
[edge] 子病及母 -> 语声低微 (related) | removed_horizontal=2
[edge] 子病及母 -> 脉虚弱 (related) | removed_horizontal=2
[edge] 子病及母 -> 脾湿盛 (example-of) | removed_horizontal=2
[edge] 子病及母 -> 面浮肢肿 (related) | removed_horizontal=2
[edge] 子病及母 -> 运化失司 (related) | removed_horizontal=2
[edge] 子病及母 -> 通调水道失职 (related) | removed_horizontal=2
[edge] 心火 -> 实热症状 (example-of) | removed_horizontal=2
[edge] 心火 -> 心火下移小肠 (example-of) | removed_horizontal=2
[edge] 心火 -> 舌疮 (example-of) | removed_horizontal=2
[edge] 心火 -> 小便涩赤灼痛 (applies-to) | removed_horizontal=2
[edge] 肝气郁结 -> 善太息 (example-of) | removed_horizontal=2
[edge] 肝气郁结 -> 太息 (example-of) | removed_horizontal=2
[edge] 肝气郁结 -> 情志抑郁 (related) | removed_horizontal=2
[edge] 肝气郁结 -> 吞酸嘈杂 (related) | removed_horizontal=2
[edge] 肝气郁结 -> 急躁易怒 (related) | removed_horizontal=2
[edge] 肝气郁结 -> 大便溏结不调 (related) | removed_horizontal=2
[edge] 肝气郁结 -> 厌食腹胀 (related) | removed_horizontal=2
[edge] 肝气郁结 -> 横逆犯脾 (related) | removed_horizontal=2
[edge] 肝气郁结 -> 木郁土虚 (related) | removed_horizontal=2
[edge] 肝气郁结 -> 肠鸣矢气 (applies-to) | removed_horizontal=2
[edge] 肝气郁结 -> 胃络 (related) | removed_horizontal=2
[edge] 肝气郁结 -> 气滞腹痛 (related) | removed_horizontal=2
[edge] 肝气郁结 -> 脉缓 (related) | removed_horizontal=2
[edge] 肝气郁结 -> 气机不利 (part-of) | removed_horizontal=2
[edge] 肝气郁结 -> 气郁化火 (related) | removed_horizontal=2
[edge] 肝气郁结 -> 胃脘胁肋胀痛窜痛 (applies-to) | removed_horizontal=2
[edge] 肝气郁结 -> 胸胁胀满 (applies-to) | removed_horizontal=2
[edge] 肝气郁结 -> 脾虚湿阻 (related) | removed_horizontal=2
[edge] 肝气郁结 -> 脾失健运反侮于肝 (part-of) | removed_horizontal=2
[edge] 心火亢盛 -> 小便赤涩灼痛 (example-of) | removed_horizontal=2
[edge] 肝气郁结 -> 苔白 (related) | removed_horizontal=2
[edge] 肝气郁结 -> 饮食劳倦伤脾 (related) | removed_horizontal=2
[edge] 肝火上炎 -> 暑热 (related) | removed_horizontal=2
[edge] 肺失清肃 -> 声音嘶哑 (related) | removed_horizontal=2
[edge] 肝火上炎 -> 重病昏睡 (related) | removed_horizontal=2
[edge] 心火亢盛 -> 热灼血络 (related) | removed_horizontal=2
[edge] 肝火上炎 -> 寒凝瘀血 (related) | removed_horizontal=2
[edge] 肺失清肃 -> 久咳伤阴 (related) | removed_horizontal=2
[edge] 肺失清肃 -> 口干咽燥 (related) | removed_horizontal=2
[edge] 肺失清肃 -> 痰少而黏 (example-of) | removed_horizontal=2
[edge] 肺失清肃 -> 口鼻干燥 (applies-to) | removed_horizontal=2
[edge] 肺失清肃 -> 痨虫袭肺 (related) | removed_horizontal=2
[edge] 肺失清肃 -> 肺喜润恶燥 (related) | removed_horizontal=2
[edge] 肺失清肃 -> 苔薄白 (related) | removed_horizontal=2
[edge] 肺失清肃 -> 秋季 (related) | removed_horizontal=2
[edge] 肺失清肃 -> 少汗 (related) | removed_horizontal=2
[edge] 肺失清肃 -> 不易咳出 (related) | removed_horizontal=2
[edge] 肺失清肃 -> 久咳伤肺累肾 (related) | removed_horizontal=2
[edge] 肺失清肃 -> 喉失阴润 (related) | removed_horizontal=2
[edge] 肺失清肃 -> 干咳少痰而黏 (example-of) | removed_horizontal=2
[edge] 肺失清肃 -> 无苔 (related) | removed_horizontal=2
[edge] 肺失清肃 -> 女子经少经闭 (related) | removed_horizontal=2
[edge] 肺失清肃 -> 盗汗颧红 (related) | removed_horizontal=2
[edge] 肺失清肃 -> 房劳过度 (related) | removed_horizontal=2
[edge] 肺失清肃 -> 肺热叶焦 (related) | removed_horizontal=2
[edge] 肺失清肃 -> 机体失养 (related) | removed_horizontal=2
[edge] 肺失清肃 -> 火伤肺络 (related) | removed_horizontal=2
[edge] 肺失清肃 -> 肺络 (part-of) | removed_horizontal=2
[edge] 肺失清肃 -> 肾阴不能上滋肺金 (related) | removed_horizontal=2
[edge] 肺失清肃 -> 腰膝失养 (related) | removed_horizontal=2
[edge] 肺失清肃 -> 虚火内生 (related) | removed_horizontal=2
[edge] 肺失清肃 -> 虚热症状 (related) | removed_horizontal=2
[edge] 肺失清肃 -> 虚火灼伤肺络 (part-of) | removed_horizontal=2
[edge] 病色 -> 客色 (contrasts-with) | removed_horizontal=2
[edge] 肺失清肃 -> 虚热灼津 (related) | removed_horizontal=2
[edge] 病色 -> 夏赤 (example-of) | removed_horizontal=2
[edge] 病色 -> 含蓄 (part-of) | removed_horizontal=2
[edge] 病色 -> 新病 (example-of) | removed_horizontal=2
[edge] 病色 -> 明润 (example-of) | removed_horizontal=2
[edge] 病色 -> 晦暗枯槁 (example-of) | removed_horizontal=2
[edge] 病色 -> 气血津液充足 (contrasts-with) | removed_horizontal=2
[edge] 病色 -> 红黄隐隐 (example-of) | removed_horizontal=2
[edge] 病色 -> 浮光暴露 (example-of) | removed_horizontal=2
[edge] 病色 -> 春青 (example-of) | removed_horizontal=2
[edge] 病色 -> 胃气不能上荣 (related) | removed_horizontal=2
[edge] 病色 -> 精血充盈 (related) | removed_horizontal=2
[edge] 病色 -> 精气已衰 (example-of) | removed_horizontal=2
[edge] 病色 -> 精气内藏 (related) | removed_horizontal=2
[edge] 病色 -> 红黄隐隐，明润含蓄 (example-of) | removed_horizontal=2
[edge] 病色 -> 胃气尚存 (related) | removed_horizontal=2
[edge] 病色 -> 胃气充足 (related) | removed_horizontal=2
[edge] 病色 -> 轻病 (example-of) | removed_horizontal=2
[edge] 病色 -> 脏腑功能正常 (contrasts-with) | removed_horizontal=2
[edge] 病色 -> 重病 (example-of) | removed_horizontal=2
[edge] 病色 -> 邪气内阻 (applies-to) | removed_horizontal=2
[edge] 小肠 -> 扰乱心神 (related) | removed_horizontal=2
[edge] 小肠 -> 心火内炽 (related) | removed_horizontal=2
[edge] 抑强扶弱 -> 瘀阻 (related) | removed_horizontal=2
[edge] 抑强扶弱 -> 气不固 (related) | removed_horizontal=2
[edge] 小肠 -> 火热下移小肠 (applies-to) | removed_horizontal=2
[edge] 小肠 -> 苔黄 (related) | removed_horizontal=2
[edge] 小肠 -> 火热循经上炎 (related) | removed_horizontal=2
[edge] 小肠 -> 狂躁谵语 (related) | removed_horizontal=2
[edge] 胃 -> 上肢内侧前缘 (related) | removed_horizontal=2
[edge] 小肠 -> 面红 (related) | removed_horizontal=2
[edge] 胃 -> 下脘 (part-of) | removed_horizontal=2
[edge] 胃 -> 喜润而恶燥 (applies-to) | removed_horizontal=2
[edge] 胃 -> 中脘 (part-of) | removed_horizontal=2
[edge] 胃 -> 上脘 (part-of) | removed_horizontal=2
[edge] 胃 -> 列缺穴 (related) | removed_horizontal=2
[edge] 胃 -> 太仓 (synonym) | removed_horizontal=2
[edge] 胃 -> 少商穴 (related) | removed_horizontal=2
[edge] 胃 -> 肘窝 (related) | removed_horizontal=2
[edge] 胃 -> 腋下 (related) | removed_horizontal=2
[edge] 胃 -> 胃津 (part-of) | removed_horizontal=2
[edge] 胃 -> 贲门 (part-of) | removed_horizontal=2
[edge] 胃 -> 鱼际 (related) | removed_horizontal=2
[edge] 三焦 -> 平 (related) | removed_horizontal=2
[edge] 三焦 -> 上关穴 (part-of) | removed_horizontal=2
[edge] 三焦 -> 中冲穴 (related) | removed_horizontal=2
[edge] 三焦 -> 天池穴 (related) | removed_horizontal=2
[edge] 三焦 -> 关冲穴 (part-of) | removed_horizontal=2
[edge] 三焦 -> 劳宫穴 (related) | removed_horizontal=2
[edge] 三焦 -> 沤 (example-of) | removed_horizontal=2
[edge] 三焦 -> 治下焦如权，非重不沉 (applies-to) | removed_horizontal=2
[edge] 三焦 -> 翳风穴 (part-of) | removed_horizontal=2
[edge] 三焦 -> 渎 (example-of) | removed_horizontal=2
[edge] 三焦 -> 膻中 (related) | removed_horizontal=2
[edge] 三焦 -> 轻 (related) | removed_horizontal=2
[edge] 大肠 -> 燥屎内结 (applies-to) | removed_horizontal=2
[edge] 三焦 -> 雾 (example-of) | removed_horizontal=2
[edge] 大肠 -> 热结旁流 (example-of) | removed_horizontal=2
[edge] 大肠 -> 焦黑起芒刺 (applies-to) | removed_horizontal=2
[edge] 大肠 -> 狂乱 (related) | removed_horizontal=2
[edge] 大肠 -> 腹满硬痛 (applies-to) | removed_horizontal=2
[edge] 大肠 -> 变化出焉 (part-of) | removed_horizontal=2
[edge] 大肠 -> 下痢脓血 (applies-to) | removed_horizontal=2
[edge] 大肠 -> 邪热上扰心神 (related) | removed_horizontal=2
[edge] 大肠 -> 日晡 (related) | removed_horizontal=2
[edge] 大肠 -> 暴泻 (example-of) | removed_horizontal=2
[edge] 大肠 -> 日晡热甚 (applies-to) | removed_horizontal=2
[edge] 大肠 -> 拒按 (related) | removed_horizontal=2
[edge] 大肠 -> 大肠经气 (part-of) | removed_horizontal=2
[edge] 大肠 -> 汗出口渴 (applies-to) | removed_horizontal=2
[edge] 大肠 -> 沉实有力 (applies-to) | removed_horizontal=2
[edge] 大肠 -> 沉数有力 (applies-to) | removed_horizontal=2
[edge] 大肠 -> 红苔黄燥 (related) | removed_horizontal=2
[edge] 大肠 -> 肛门灼热 (applies-to) | removed_horizontal=2
[edge] 大肠 -> 湿热阻滞 (applies-to) | removed_horizontal=2
[edge] 大肠 -> 肛门 (part-of) | removed_horizontal=2
[edge] 大肠 -> 热迫津下泄 (applies-to) | removed_horizontal=2
[edge] 大肠 -> 热迫津液下泄 (applies-to) | removed_horizontal=2
[edge] 大肠 -> 肠中糟粕 (part-of) | removed_horizontal=2
[edge] 大肠 -> 肠鸣泄泻 (example-of) | removed_horizontal=2
[edge] 大肠 -> 脉沉数有力 (applies-to) | removed_horizontal=2
[edge] 大肠 -> 肾中阴阳温煦 (related) | removed_horizontal=2
[edge] 大肠 -> 舌红苔黄燥 (applies-to) | removed_horizontal=2
[edge] 大肠 -> 邪热炽盛 (applies-to) | removed_horizontal=2
[edge] 大肠 -> 腹痛便秘 (applies-to) | removed_horizontal=2
[edge] 大肠 -> 里热蒸腾迫津外泄 (applies-to) | removed_horizontal=2
[edge] 《内经》 -> 痰饮内伏 (related) | removed_horizontal=2
[edge] 《内经》 -> 偏瘫 (related) | removed_horizontal=2
[edge] 女子胞 -> 冲任气血 (related) | removed_horizontal=2
[edge] 《内经》 -> 代心受邪 (applies-to) | removed_horizontal=2
[edge] 《内经》 -> 心脏 (part-of) | removed_horizontal=2
[edge] 《内经》 -> 感邪轻浅 (related) | removed_horizontal=2
[edge] 气血 -> 手三阳起于手 (related) | removed_horizontal=2
[edge] 《内经》 -> 风痰阻络 (related) | removed_horizontal=2
[edge] 气血 -> 足三阳起于头 (related) | removed_horizontal=2
[edge] 气血 -> 手三阴起于胸中 (part-of) | removed_horizontal=2
[edge] 体质 -> 先天禀赋薄弱者 (example-of) | removed_horizontal=2
[edge] 体质 -> 《医理辑要》 (example-of) | removed_horizontal=2
[edge] 心主血脉 -> 皮肤薄嫩 (related) | removed_horizontal=2
[edge] 气血 -> 首尾相接形成循环 (part-of) | removed_horizontal=2
[edge] 心主血脉 -> 面部血脉丰富 (part-of) | removed_horizontal=2
[edge] 体质 -> 寄生虫感染 (related) | removed_horizontal=2
[edge] 体质 -> 劳动锻炼 (part-of) | removed_horizontal=2
[edge] 体质 -> 未成熟柿子 (related) | removed_horizontal=2
[edge] 体质 -> 胃石 (related) | removed_horizontal=2
[edge] 体质 -> 胆汁排泄 (related) | removed_horizontal=2
[edge] 体质 -> 碱性药物 (related) | removed_horizontal=2
[edge] 体质 -> 痨嗽 (example-of) | removed_horizontal=2
[edge] 体质 -> 肝胆疏泄 (applies-to) | removed_horizontal=2
[edge] 体质 -> 胆道 (related) | removed_horizontal=2
[edge] 体质 -> 脾胃亏虚 (example-of) | removed_horizontal=2
[edge] 体质 -> 湿热下注 (example-of) | removed_horizontal=2
[edge] 体质 -> 阳气素弱 (example-of) | removed_horizontal=2
[edge] 体质 -> 蛔虫 (related) | removed_horizontal=2
[edge] 体质 -> 药物代谢产物残留 (applies-to) | removed_horizontal=2
[edge] 体质 -> 表气素虚 (example-of) | removed_horizontal=2
[edge] 体质 -> 阴气素衰 (example-of) | removed_horizontal=2
[edge] 体质 -> 钙镁铋类药物 (related) | removed_horizontal=2
[edge] 体质 -> 黑枣 (related) | removed_horizontal=2
[edge] 体质 -> 膀胱结石 (applies-to) | removed_horizontal=2
[edge] 心气亏虚 -> 卫表不固 (related) | removed_horizontal=2
[edge] 心气亏虚 -> 咳喘气短 (related) | removed_horizontal=2
[edge] 心气亏虚 -> 水停为痰 (related) | removed_horizontal=2
[edge] 心气亏虚 -> 气虚失养 (related) | removed_horizontal=2
[edge] 心气亏虚 -> 气虚之象 (part-of) | removed_horizontal=2
[edge] 心气亏虚 -> 肺失输布津液 (related) | removed_horizontal=2
[edge] 心气亏虚 -> 肃降无权 (related) | removed_horizontal=2
[edge] 心气亏虚 -> 语声低怯 (example-of) | removed_horizontal=2
[edge] 心气亏虚 -> 鼓动无力 (part-of) | removed_horizontal=2
[edge] 心血不足 -> 久病耗伤阴血 (related) | removed_horizontal=2
[edge] 心气亏虚 -> 神疲乏力 (applies-to) | removed_horizontal=2
[edge] 心血不足 -> 两目干涩 (related) | removed_horizontal=2
[edge] 心气亏虚 -> 胸闷心悸 (related) | removed_horizontal=2
[edge] 心血不足 -> 心失濡养 (related) | removed_horizontal=2
[edge] 心血不足 -> 唇舌淡白 (example-of) | removed_horizontal=2
[edge] 心血不足 -> 血少脉道不充 (part-of) | removed_horizontal=2
[edge] 心血不足 -> 主血与藏血不足 (related) | removed_horizontal=2
[edge] 心血不足 -> 心悸健忘 (example-of) | removed_horizontal=2
[edge] 心血不足 -> 久病失调 (related) | removed_horizontal=2
[edge] 心血不足 -> 头目失濡 (related) | removed_horizontal=2
[edge] 心血不足 -> 冲任失养 (related) | removed_horizontal=2
[edge] 心血不足 -> 头目失养 (part-of) | removed_horizontal=2
[edge] 心血不足 -> 心神失养 (related) | removed_horizontal=2
[edge] 心血不足 -> 心神不宁 (related) | removed_horizontal=2
[edge] 心血不足 -> 心肝两脏血亏 (related) | removed_horizontal=2
[edge] 心血不足 -> 思虑劳神暗耗阴血 (related) | removed_horizontal=2
[edge] 心血不足 -> 淋漓不尽 (related) | removed_horizontal=2
[edge] 心血不足 -> 爪甲不荣 (example-of) | removed_horizontal=2
[edge] 心血不足 -> 濡养脑髓 (applies-to) | removed_horizontal=2
[edge] 心血不足 -> 神失所养 (part-of) | removed_horizontal=2
[edge] 心血不足 -> 皮下出血 (related) | removed_horizontal=2
[edge] 心血不足 -> 爪甲筋脉失濡 (part-of) | removed_horizontal=2
[edge] 心血不足 -> 肢体麻木 (related) | removed_horizontal=2
[edge] 心血不足 -> 脉细无力 (related) | removed_horizontal=2
[edge] 心血不足 -> 脾不摄血 (related) | removed_horizontal=2
[edge] 心血不足 -> 血虚不能上荣头目 (part-of) | removed_horizontal=2
[edge] 心血不足 -> 脾虚运化失常 (related) | removed_horizontal=2
[edge] 心血不足 -> 血虚不能上荣于面唇 (part-of) | removed_horizontal=2
[edge] 心血不足 -> 舌淡脉细弱 (example-of) | removed_horizontal=2
[edge] 心血不足 -> 血虚不能上荣头目脑髓 (part-of) | removed_horizontal=2
[edge] 心血不足 -> 面失所养 (part-of) | removed_horizontal=2
[edge] 心血不足 -> 视物模糊 (related) | removed_horizontal=2
[edge] 心血不足 -> 面白无华 (example-of) | removed_horizontal=2
[edge] 心神 -> 发热气粗 (applies-to) | removed_horizontal=2
[edge] 心神 -> 哭笑无常 (example-of) | removed_horizontal=2
[edge] 心神 -> 情志忧郁 (related) | removed_horizontal=2
[edge] 心神 -> 呕恶痰涎 (related) | removed_horizontal=2
[edge] 心神 -> 外感火热灼津为痰 (related) | removed_horizontal=2
[edge] 心神 -> 打人毁物 (example-of) | removed_horizontal=2
[edge] 心神 -> 气郁化火生痰 (applies-to) | removed_horizontal=2
[edge] 心神 -> 烦躁不宁 (example-of) | removed_horizontal=2
[edge] 心神 -> 灼津成痰 (related) | removed_horizontal=2
[edge] 心神 -> 吐痰黄稠 (example-of) | removed_horizontal=2
[edge] 心神 -> 热迫胆气上溢 (related) | removed_horizontal=2
[edge] 心神 -> 痰热 (related) | removed_horizontal=2
[edge] 心神 -> 狂躁妄动 (example-of) | removed_horizontal=2
[edge] 心神 -> 痰盛 (related) | removed_horizontal=2
[edge] 心神 -> 痰热内扰胆气 (related) | removed_horizontal=2
[edge] 心神 -> 聚津成痰上逆 (related) | removed_horizontal=2
[edge] 心神 -> 神志不清 (example-of) | removed_horizontal=2
[edge] 心神 -> 痰热征象 (related) | removed_horizontal=2
[edge] 心神 -> 胆热犯胃 (related) | removed_horizontal=2
[edge] 心神 -> 胸胁闷胀 (related) | removed_horizontal=2
[edge] 心神 -> 脉弦数 (related) | removed_horizontal=2
[edge] 心神 -> 胆气不宁 (related) | removed_horizontal=2
[edge] 心神 -> 语言错乱 (example-of) | removed_horizontal=2
[edge] 血脉 -> 冷痛拘急 (applies-to) | removed_horizontal=2
[edge] 血脉 -> 形寒 (related) | removed_horizontal=2
[edge] 血脉 -> 唇甲青紫 (related) | removed_horizontal=2
[edge] 血脉 -> 手足或少腹冷痛拘急 (related) | removed_horizontal=2
[edge] 血脉 -> 肤色紫暗 (related) | removed_horizontal=2
[edge] 血脉 -> 月经愆期 (related) | removed_horizontal=2
[edge] 血脉 -> 经色紫暗夹血块 (example-of) | removed_horizontal=2
[edge] 血脉 -> 温煦失职 (related) | removed_horizontal=2
[edge] 血脉 -> 脉涩 (related) | removed_horizontal=2
[edge] 血脉 -> 阳气被遏 (related) | removed_horizontal=2
[edge] 血脉 -> 舌淡紫苔白润 (related) | removed_horizontal=2
[edge] 心血瘀阻 -> 伤及脏腑 (related) | removed_horizontal=2
[edge] 心血瘀阻 -> 瘀血不去，新血不生 (related) | removed_horizontal=2
[edge] 心血瘀阻 -> 喘促 (related) | removed_horizontal=2
[edge] 心血瘀阻 -> 咳血 (related) | removed_horizontal=2
[edge] 心血瘀阻 -> 胃肠瘀血 (part-of) | removed_horizontal=2
[edge] 心血瘀阻 -> 肢障 (related) | removed_horizontal=2
[edge] 心血瘀阻 -> 癥积肿块 (example-of) | removed_horizontal=2
[edge] 心血瘀阻 -> 肺瘀 (part-of) | removed_horizontal=2
[edge] 心血瘀阻 -> 胞宫瘀阻 (part-of) | removed_horizontal=2
[edge] 心开窍于舌 -> 尿赤 (related) | removed_horizontal=2
[edge] 心开窍于舌 -> 舌红生疮 (example-of) | removed_horizontal=2
[edge] 心血瘀阻 -> 脑络瘀阻 (related) | removed_horizontal=2
[edge] 心开窍于舌 -> 吐衄 (related) | removed_horizontal=2
[edge] 心包络 -> 心之宫城 (example-of) | removed_horizontal=2
[edge] 肺主气 -> 下纳与封藏失司 (related) | removed_horizontal=2
[edge] 肺主气 -> 喘息短气 (related) | removed_horizontal=2
[edge] 手厥阴心包经 -> 经别 (part-of) | removed_horizontal=2
[edge] 肺主气 -> 舌淡 (related) | removed_horizontal=2
[edge] 肺主气 -> 自汗乏力 (applies-to) | removed_horizontal=2
[edge] 肺主气 -> 降纳失职 (related) | removed_horizontal=2
[edge] 肺主气 -> 宗气不足 (related) | removed_horizontal=2
[edge] 肺主气 -> 气不下纳 (related) | removed_horizontal=2
[edge] 通调水道 -> 发热恶寒 (related) | removed_horizontal=2
[edge] 通调水道 -> 卫表症状 (applies-to) | removed_horizontal=2
[edge] 通调水道 -> 皮肤薄而亮 (related) | removed_horizontal=2
[edge] 肺主气 -> 清气下纳无权 (related) | removed_horizontal=2
[edge] 肺主气 -> 尿随咳出 (related) | removed_horizontal=2
[edge] 通调水道 -> 脾肺两虚 (related) | removed_horizontal=2
[edge] 宗气 -> 久咳久喘 (related) | removed_horizontal=2
[edge] 宗气 -> 易感冒 (related) | removed_horizontal=2
[edge] 气机 -> 中阳素虚 (related) | removed_horizontal=2
[edge] 宗气 -> 气短 (related) | removed_horizontal=2
[edge] 宗气 -> 咳喘无力 (related) | removed_horizontal=2
[edge] 宗气 -> 脉弱 (related) | removed_horizontal=2
[edge] 宗气 -> 畏风 (related) | removed_horizontal=2
[edge] 气机 -> 传导失司 (related) | removed_horizontal=2
[edge] 宗气 -> 脾肾亏虚 (related) | removed_horizontal=2
[edge] 气机 -> 停胃肠 (related) | removed_horizontal=2
[edge] 气机 -> 停胸胁 (related) | removed_horizontal=2
[edge] 气机 -> 停肺 (related) | removed_horizontal=2
[edge] 气机 -> 呕吐清水 (related) | removed_horizontal=2
[edge] 气机 -> 咳嗽痰多清稀 (related) | removed_horizontal=2
[edge] 气机 -> 咳吐清稀痰涎 (applies-to) | removed_horizontal=2
[edge] 气机 -> 恶心欲呕 (related) | removed_horizontal=2
[edge] 气机 -> 感受湿热外邪 (related) | removed_horizontal=2
[edge] 气机 -> 外邪侵袭 (related) | removed_horizontal=2
[edge] 气机 -> 头重如裹 (related) | removed_horizontal=2
[edge] 气机 -> 水饮凌心 (related) | removed_horizontal=2
[edge] 气机 -> 肢体困重 (related) | removed_horizontal=2
[edge] 气机 -> 湿邪内困脾胃 (related) | removed_horizontal=2
[edge] 气机 -> 泛溢肌肤 (related) | removed_horizontal=2
[edge] 气机 -> 清阳 (related) | removed_horizontal=2
[edge] 气机 -> 肢体重痛 (applies-to) | removed_horizontal=2
[edge] 气机 -> 胸闷脘痞 (related) | removed_horizontal=2
[edge] 气机 -> 脉濡数 (related) | removed_horizontal=2
[edge] 气机 -> 脉络损伤 (related) | removed_horizontal=2
[edge] 气机 -> 胸胁胀痛 (applies-to) | removed_horizontal=2
[edge] 气机 -> 脉濡缓 (related) | removed_horizontal=2
[edge] 气机 -> 苔滑或腻 (related) | removed_horizontal=2
[edge] 气机 -> 血腐为脓 (related) | removed_horizontal=2
[edge] 气机 -> 脾虚运化无力 (related) | removed_horizontal=2
[edge] 气机 -> 面色晦垢 (related) | removed_horizontal=2
[edge] 气机 -> 饮食不洁 (related) | removed_horizontal=2
[edge] 喉 -> 悬雍垂 (part-of) | removed_horizontal=2
[edge] 喉 -> 会厌 (part-of) | removed_horizontal=2
[edge] 喉 -> 阴液枯槁 (related) | removed_horizontal=2
[edge] 喉 -> 咽 (related) | removed_horizontal=2
[edge] 卫气 -> 《素问·痹论》 (example-of) | removed_horizontal=2
[edge] 喉 -> 咽痛 (applies-to) | removed_horizontal=2
[edge] 喉 -> 吞咽梗阻 (related) | removed_horizontal=2
[edge] 喉 -> 食管 (related) | removed_horizontal=2
[edge] 喉 -> 胃火上炎 (related) | removed_horizontal=2
[edge] 喉 -> 进食不利 (related) | removed_horizontal=2
[edge] 喉 -> 胃气血瘀结 (related) | removed_horizontal=2
[edge] 喉 -> 水谷之通道 (related) | removed_horizontal=2
[edge] 喉 -> 水饮难入 (related) | removed_horizontal=2
[edge] 喉 -> 形体瘦削 (related) | removed_horizontal=2
[edge] 喉 -> 食物难下 (related) | removed_horizontal=2
[edge] 涕 -> 清涕 (example-of) | removed_horizontal=2
[edge] 涕 -> 浊涕 (example-of) | removed_horizontal=2
[edge] 涕 -> 寒痰 (related) | removed_horizontal=2
[edge] 涕 -> 热痰 (related) | removed_horizontal=2
[edge] 涕 -> 滞颐 (related) | removed_horizontal=2
[edge] 涕 -> 燥痰 (related) | removed_horizontal=2
[edge] 涕 -> 痰湿停滞 (related) | removed_horizontal=2
[edge] 涕 -> 肾虚不固 (related) | removed_horizontal=2
[edge] 涕 -> 鼻渊 (example-of) | removed_horizontal=2
[edge] 涕 -> 脾虚不摄 (related) | removed_horizontal=2
[edge] 涕 -> 风痰 (example-of) | removed_horizontal=2
[edge] 胃腑 -> 呕吐 (related) | removed_horizontal=2
[edge] 涕 -> 鼻衄 (related) | removed_horizontal=2
[edge] 胃腑 -> 口泛清水 (related) | removed_horizontal=2
[edge] 胃腑 -> 肢冷 (related) | removed_horizontal=2
[edge] 胃腑 -> 寒伤胃阳 (applies-to) | removed_horizontal=2
[edge] 胃腑 -> 舌苔白润 (related) | removed_horizontal=2
[edge] 胃腑 -> 脘腹受凉 (related) | removed_horizontal=2
[edge] 胃腑 -> 过食生冷 (related) | removed_horizontal=2
[edge] 水谷精微 -> 余热 (related) | removed_horizontal=2
[edge] 胃腑 -> 面色青 (related) | removed_horizontal=2
[edge] 水谷精微 -> 痈疽疮毒 (related) | removed_horizontal=2
[edge] 水谷精微 -> 热病初愈 (related) | removed_horizontal=2
[edge] 水谷精微 -> 肥甘厚味 (related) | removed_horizontal=2
[edge] 水谷精微 -> 气血衰少 (related) | removed_horizontal=2
[edge] 水谷精微 -> 嗳腐吞酸 (related) | removed_horizontal=2
[edge] 脾失健运 -> 久泻久痢 (related) | removed_horizontal=2
[edge] 水谷精微 -> 食滞化热 (related) | removed_horizontal=2
[edge] 脾失健运 -> 气坠 (related) | removed_horizontal=2
[edge] 水谷精微 -> 食量过少 (related) | removed_horizontal=2
[edge] 脾失健运 -> 中焦运化 (related) | removed_horizontal=2
[edge] 水谷精微 -> 食量过多 (related) | removed_horizontal=2
[edge] 脾失健运 -> 呕恶 (part-of) | removed_horizontal=2
[edge] 脾失健运 -> 感受湿热邪气 (related) | removed_horizontal=2
[edge] 脾失健运 -> 湿热下注大肠 (related) | removed_horizontal=2
[edge] 脾失健运 -> 便意频频 (related) | removed_horizontal=2
[edge] 脾失健运 -> 皮肤发痒 (related) | removed_horizontal=2
[edge] 脾失健运 -> 疏泄失权 (related) | removed_horizontal=2
[edge] 脾失健运 -> 色鲜明 (related) | removed_horizontal=2
[edge] 脾失健运 -> 脘腹重坠 (related) | removed_horizontal=2
[edge] 脾失健运 -> 脱肛 (related) | removed_horizontal=2
[edge] 脾失健运 -> 脏器下垂 (related) | removed_horizontal=2
[edge] 脾失健运 -> 湿遏热伏郁蒸 (related) | removed_horizontal=2
[edge] 脾失健运 -> 湿热熏蒸肝胆 (related) | removed_horizontal=2
[edge] 脾失健运 -> 神疲 (related) | removed_horizontal=2
[edge] 脾失健运 -> 胆汁外溢肌肤 (related) | removed_horizontal=2
[edge] 脾失健运 -> 过食肥甘积湿化热 (related) | removed_horizontal=2
[edge] 脾失健运 -> 身热不扬 (related) | removed_horizontal=2
[edge] 脾失健运 -> 身目俱黄 (related) | removed_horizontal=2
[edge] 肌肉 -> 亡阳虚脱 (related) | removed_horizontal=2
[edge] 肌肉 -> 兽咬 (applies-to) | removed_horizontal=2
[edge] 肌肉 -> 冻伤 (applies-to) | removed_horizontal=2
[edge] 肌肉 -> 亡阴亡阳 (related) | removed_horizontal=2
[edge] 肌肉 -> 全身中毒 (related) | removed_horizontal=2
[edge] 肌肉 -> 体温下降 (part-of) | removed_horizontal=2
[edge] 肌肉 -> 农药 (related) | removed_horizontal=2
[edge] 肌肉 -> 冻疮 (related) | removed_horizontal=2
[edge] 肌肉 -> 利器损伤 (applies-to) | removed_horizontal=2
[edge] 肌肉 -> 化学伤 (related) | removed_horizontal=2
[edge] 肌肉 -> 局部烧灼糜烂 (related) | removed_horizontal=2
[edge] 肌肉 -> 烧烫伤 (related) | removed_horizontal=2
[edge] 肌肉 -> 持重努伤 (related) | removed_horizontal=2
[edge] 肌肉 -> 电击伤 (related) | removed_horizontal=2
[edge] 肌肉 -> 心跳呼吸停止 (related) | removed_horizontal=2
[edge] 肌肉 -> 强碱 (related) | removed_horizontal=2
[edge] 肌肉 -> 热毒内攻脏腑心神 (related) | removed_horizontal=2
[edge] 肌肉 -> 局部肿痛出血 (related) | removed_horizontal=2
[edge] 肌肉 -> 强酸 (related) | removed_horizontal=2
[edge] 肌肉 -> 毒蛇咬伤 (applies-to) | removed_horizontal=2
[edge] 肌肉 -> 枪弹伤 (example-of) | removed_horizontal=2
[edge] 肌肉 -> 肌肤红肿热痛 (related) | removed_horizontal=2
[edge] 肌肉 -> 虫蜇 (related) | removed_horizontal=2
[edge] 肌肉 -> 脉搏细微 (related) | removed_horizontal=2
[edge] 肌肉 -> 阳气受损 (related) | removed_horizontal=2
[edge] 肌肉 -> 脉迟细 (related) | removed_horizontal=2
[edge] 肌肉 -> 跌打损伤 (related) | removed_horizontal=2
[edge] 肌肉 -> 触电部位烧伤 (related) | removed_horizontal=2
[edge] 肌肉 -> 血行凝滞 (related) | removed_horizontal=2
[edge] 肌肉 -> 瘀血肿胀 (related) | removed_horizontal=2
[edge] 肌肉 -> 阴寒 (related) | removed_horizontal=2
[edge] 肝主疏泄 -> 肝脉 (part-of) | removed_horizontal=2
[edge] 肌肉 -> 骨折脱位 (related) | removed_horizontal=2
[edge] 肌肉 -> 血肿 (related) | removed_horizontal=2
[edge] 肌肉 -> 高热神昏 (related) | removed_horizontal=2
[edge] 气机阻滞 -> 嗳气食少 (applies-to) | removed_horizontal=2
[edge] 气机阻滞 -> 口渴尿少 (related) | removed_horizontal=2
[edge] 气机阻滞 -> 严重吐泻 (related) | removed_horizontal=2
[edge] 气机阻滞 -> 暑热大汗 (related) | removed_horizontal=2
[edge] 气机阻滞 -> 气无所附 (related) | removed_horizontal=2
[edge] 气机阻滞 -> 津伤症 (related) | removed_horizontal=2
[edge] 气机阻滞 -> 气虚表现 (related) | removed_horizontal=2
[edge] 气机阻滞 -> 水湿停中焦 (part-of) | removed_horizontal=2
[edge] 气机阻滞 -> 津液大量丢失 (related) | removed_horizontal=2
[edge] 气机阻滞 -> 疲乏少气 (related) | removed_horizontal=2
[edge] 气机阻滞 -> 痰多喘促 (related) | removed_horizontal=2
[edge] 气机阻滞 -> 水饮泛溢四肢 (related) | removed_horizontal=2
[edge] 气机阻滞 -> 津气两虚 (related) | removed_horizontal=2
[edge] 气机阻滞 -> 津气两脱 (related) | removed_horizontal=2
[edge] 气机阻滞 -> 痰饮阻肺 (related) | removed_horizontal=2
[edge] 气机阻滞 -> 肢体沉重胀痛 (applies-to) | removed_horizontal=2
[edge] 气机阻滞 -> 肺气壅滞 (part-of) | removed_horizontal=2
[edge] 气机阻滞 -> 胸满咳嗽 (applies-to) | removed_horizontal=2
[edge] 肾精 -> 健忘恍惚 (example-of) | removed_horizontal=2
[edge] 肾精 -> 冲任失充 (related) | removed_horizontal=2
[edge] 肾精 -> 性欲减退 (related) | removed_horizontal=2
[edge] 肾精 -> 发脱齿松 (example-of) | removed_horizontal=2
[edge] 肾精 -> 两足痿软 (example-of) | removed_horizontal=2
[edge] 肾精 -> 囟门迟闭 (example-of) | removed_horizontal=2
[edge] 肾精 -> 女子经闭不孕 (example-of) | removed_horizontal=2
[edge] 肾精 -> 成人早衰 (example-of) | removed_horizontal=2
[edge] 肾精 -> 智力低下 (example-of) | removed_horizontal=2
[edge] 肾精 -> 男子精少不育 (example-of) | removed_horizontal=2
[edge] 肾精 -> 目眩目涩 (related) | removed_horizontal=2
[edge] 肾精 -> 经少经闭 (related) | removed_horizontal=2
[edge] 肾精 -> 肝郁化火伤阴 (related) | removed_horizontal=2
[edge] 肾精 -> 肾病及肝 (related) | removed_horizontal=2
[edge] 肾精 -> 耳鸣耳聋 (example-of) | removed_horizontal=2
[edge] 肾精 -> 耳鸣健忘 (related) | removed_horizontal=2
[edge] 肾精 -> 骨骼痿软 (example-of) | removed_horizontal=2
[edge] 肾精 -> 肝络失养 (related) | removed_horizontal=2
[edge] 便秘 -> 两目赤肿 (related) | removed_horizontal=2
[edge] 便秘 -> 余沥不尽 (related) | removed_horizontal=2
[edge] 便秘 -> 五更泻 (related) | removed_horizontal=2
[edge] 便秘 -> 下利脓血 (contrasts-with) | removed_horizontal=2
[edge] 肾精 -> 身材矮小 (example-of) | removed_horizontal=2
[edge] 便秘 -> 头晕胀痛 (related) | removed_horizontal=2
[edge] 便秘 -> 吐血衄血 (related) | removed_horizontal=2
[edge] 便秘 -> 内扰于肝 (related) | removed_horizontal=2
[edge] 便秘 -> 宿食内停 (related) | removed_horizontal=2
[edge] 便秘 -> 实热便秘 (example-of) | removed_horizontal=2
[edge] 便秘 -> 溏结不调 (related) | removed_horizontal=2
[edge] 便秘 -> 小便频数 (related) | removed_horizontal=2
[edge] 便秘 -> 尿黄 (related) | removed_horizontal=2
[edge] 便秘 -> 涩痛 (related) | removed_horizontal=2
[edge] 便秘 -> 完谷不化 (related) | removed_horizontal=2
[edge] 便秘 -> 气虚便秘 (example-of) | removed_horizontal=2
[edge] 便秘 -> 滑泻失禁 (contrasts-with) | removed_horizontal=2
[edge] 便秘 -> 火热之邪 (related) | removed_horizontal=2
[edge] 便秘 -> 火热迫血妄行 (related) | removed_horizontal=2
[edge] 便秘 -> 火热伤津 (related) | removed_horizontal=2
[edge] 便秘 -> 火热炽盛 (related) | removed_horizontal=2
[edge] 便秘 -> 耳内肿痛流脓 (related) | removed_horizontal=2
[edge] 便秘 -> 突发耳聋 (related) | removed_horizontal=2
[edge] 便秘 -> 耳鸣如潮 (related) | removed_horizontal=2
[edge] 便秘 -> 烦躁 (related) | removed_horizontal=2
[edge] 便秘 -> 热迫胆汁上溢 (related) | removed_horizontal=2
[edge] 便秘 -> 肝胆火热上炎 (related) | removed_horizontal=2
[edge] 便秘 -> 肛门重坠 (related) | removed_horizontal=2
[edge] 便秘 -> 胁肋灼痛 (related) | removed_horizontal=2
[edge] 便秘 -> 胆热循经上冲 (related) | removed_horizontal=2
[edge] 便秘 -> 脾胃虚弱泄泻 (contrasts-with) | removed_horizontal=2
[edge] 便秘 -> 阴寒内结 (related) | removed_horizontal=2
[edge] 便秘 -> 郁而化火 (related) | removed_horizontal=2
[edge] 便秘 -> 阴虚便秘 (example-of) | removed_horizontal=2
[edge] 耳鸣 -> 实证耳鸣 (example-of) | removed_horizontal=2
[edge] 耳鸣 -> 实证重听 (related) | removed_horizontal=2
[edge] 耳鸣 -> 渐发性耳聋 (related) | removed_horizontal=2
[edge] 耳鸣 -> 虚证重听 (related) | removed_horizontal=2
[edge] 命门 -> 滑寿 (example-of) | removed_horizontal=2
[edge] 命门 -> 左尺候肾 (related) | removed_horizontal=2
[edge] 耳鸣 -> 痰浊上蒙 (applies-to) | removed_horizontal=2
[edge] 耳鸣 -> 风邪上袭 (applies-to) | removed_horizontal=2
[edge] 命门 -> 右尺候命门 (example-of) | removed_horizontal=2
[edge] 命门 -> 虞抟 (related) | removed_horizontal=2
[edge] 血行失常 -> 养血润燥 (applies-to) | removed_horizontal=2
[edge] 命门 -> 赵献可 (example-of) | removed_horizontal=2
[edge] 血行失常 -> 补血养津 (applies-to) | removed_horizontal=2
[edge] 血行失常 -> 补气行气以行津 (related) | removed_horizontal=2
[edge] 血行失常 -> 补气摄津 (applies-to) | removed_horizontal=2
[edge] 脏 -> 下肢 (contrasts-with) | removed_horizontal=2
[edge] 脏 -> 下肢内侧内踝尖上8寸以下 (related) | removed_horizontal=2
[edge] 脏 -> 前缘 (related) | removed_horizontal=2
[edge] 脏 -> 内踝尖上8寸以上 (related) | removed_horizontal=2
[edge] 脾不统血 -> 气血并脱 (related) | removed_horizontal=2
[edge] 脏 -> 腑 (related) | removed_horizontal=2
[edge] 脏 -> 后缘 (related) | removed_horizontal=2
[edge] 黄疸 -> 厥脱 (related) | removed_horizontal=2
[edge] 黄疸 -> 毒性成分 (related) | removed_horizontal=2
[edge] 黄疸 -> 死亡 (related) | removed_horizontal=2
[edge] 黄疸 -> 紫绀 (related) | removed_horizontal=2
[edge] 黄疸 -> 流产 (related) | removed_horizontal=2
[edge] 黄疸 -> 畸胎 (related) | removed_horizontal=2
[edge] 黄疸 -> 腹痛泄泻 (related) | removed_horizontal=2
[edge] 黄疸 -> 舌麻 (related) | removed_horizontal=2
[edge] 黄疸 -> 脏器损害 (related) | removed_horizontal=2
[edge] 黄疸 -> 药物过敏 (related) | removed_horizontal=2
[edge] 胃气 -> 两目上视 (related) | removed_horizontal=2
[edge] 胃气 -> 冬沉 (related) | removed_horizontal=2
[edge] 黄疸 -> 过敏反应 (related) | removed_horizontal=2
[edge] 胃气 -> 口吐涎沫 (related) | removed_horizontal=2
[edge] 胃气 -> 反关脉 (related) | removed_horizontal=2
[edge] 胃气 -> 喃喃自语 (related) | removed_horizontal=2
[edge] 胃气 -> 举止失常 (related) | removed_horizontal=2
[edge] 胃气 -> 夏洪 (related) | removed_horizontal=2
[edge] 胃气 -> 手足抽搐 (related) | removed_horizontal=2
[edge] 胃气 -> 斜飞脉 (related) | removed_horizontal=2
[edge] 胃气 -> 春弦 (related) | removed_horizontal=2
[edge] 胃气 -> 昏不知人 (related) | removed_horizontal=2
[edge] 胃气 -> 突然昏仆 (related) | removed_horizontal=2
[edge] 胃气 -> 痰浊症状 (related) | removed_horizontal=2
[edge] 便秘 -> 肝郁乘脾 (related) | removed_horizontal=2
[edge] 胃气 -> 秋浮 (related) | removed_horizontal=2
[edge] 胃气 -> 神明 (related) | removed_horizontal=2
[edge] 胃气 -> 胸脘满闷 (related) | removed_horizontal=2
[edge] 胃气 -> 神志痴呆 (related) | removed_horizontal=2
[edge] 胃气 -> 有神 (related) | removed_horizontal=2
[edge] 胃气 -> 有根 (related) | removed_horizontal=2
[edge] 胃气 -> 浊气 (related) | removed_horizontal=2
[edge] 胃气 -> 脉滑 (related) | removed_horizontal=2
[edge] 胃气 -> 面色晦滞 (related) | removed_horizontal=2
[edge] 胃气 -> 表情淡漠 (related) | removed_horizontal=2
[edge] 胃气 -> 舌苔白腻 (related) | removed_horizontal=2
[edge] 胃气 -> 脉位 (related) | removed_horizontal=2
[edge] 胃气 -> 脉形 (related) | removed_horizontal=2
[edge] 虚寒 -> 从阴化寒 (related) | removed_horizontal=2
[edge] 虚寒 -> 湿化 (related) | removed_horizontal=2
[edge] 虚寒 -> 津亏血耗 (related) | removed_horizontal=2
[edge] 虚寒 -> 从阳化热 (contrasts-with) | removed_horizontal=2
[edge] 肺气肃降 -> 糟粕排出 (applies-to) | removed_horizontal=2
[edge] 里急后重 -> 湿热外邪 (related) | removed_horizontal=2
[edge] 里急后重 -> 暴注下泻 (related) | removed_horizontal=2
[edge] 虚寒 -> 素体阴虚阳亢 (contrasts-with) | removed_horizontal=2
[edge] 肺气肃降 -> 布散津液 (part-of) | removed_horizontal=2
[edge] 肺气肃降 -> 大肠实热 (related) | removed_horizontal=2
[edge] 肾气封藏 -> 小便不固 (related) | removed_horizontal=2
[edge] 肾气封藏 -> 先天不足 (prerequisite) | removed_horizontal=2
[edge] 肾气封藏 -> 冲任失约 (related) | removed_horizontal=2
[edge] 肺气肃降 -> 胸满 (example-of) | removed_horizontal=2
[edge] 肾气封藏 -> 小便频数清长 (related) | removed_horizontal=2
[edge] 肾气封藏 -> 经带不固 (related) | removed_horizontal=2
[edge] 肾气封藏 -> 房劳久病 (related) | removed_horizontal=2
[edge] 肾气封藏 -> 带下清稀量多 (example-of) | removed_horizontal=2
[edge] 肾气封藏 -> 精液不固 (part-of) | removed_horizontal=2
[edge] 肾气封藏 -> 尿有余沥 (related) | removed_horizontal=2
[edge] 肾气封藏 -> 耳鸣失聪 (related) | removed_horizontal=2
[edge] 肾气封藏 -> 月经淋漓 (related) | removed_horizontal=2
[edge] 肾气封藏 -> 带脉失固 (related) | removed_horizontal=2
[edge] 肾气封藏 -> 滑精 (related) | removed_horizontal=2
[edge] 肾气封藏 -> 胎气不固 (related) | removed_horizontal=2
[edge] 肾气封藏 -> 膀胱失约 (related) | removed_horizontal=2
[edge] 肾气封藏 -> 肾气固摄 (related) | removed_horizontal=2
[edge] 肾气封藏 -> 肾气未充 (related) | removed_horizontal=2
[edge] 肾气封藏 -> 胎元不固 (related) | removed_horizontal=2
[edge] 肾气封藏 -> 胎动易滑 (related) | removed_horizontal=2
[edge] 月经 -> 脊柱前 (related) | removed_horizontal=2
[edge] 月经 -> 目眶下 (related) | removed_horizontal=2
[edge] 月经 -> 下颌 (related) | removed_horizontal=2
[edge] 月经 -> 脊柱内 (related) | removed_horizontal=2
[edge] 肝血亏虚 -> 形体官窍功能减退 (related) | removed_horizontal=2
[edge] 月经 -> 足底 (related) | removed_horizontal=2
[edge] 肝血亏虚 -> 夜盲 (related) | removed_horizontal=2
[edge] 肝血亏虚 -> 血海空虚 (related) | removed_horizontal=2
[edge] 月经 -> 足背 (related) | removed_horizontal=2
[edge] 肝血亏虚 -> 形体官窍失养 (part-of) | removed_horizontal=2
[edge] 肝血亏虚 -> 目失所养 (part-of) | removed_horizontal=2
[edge] 肝血亏虚 -> 肝藏血不足 (part-of) | removed_horizontal=2
[edge] 肝血亏虚 -> 筋失濡养 (part-of) | removed_horizontal=2
[edge] 肝血亏虚 -> 血虚不能上荣头面 (part-of) | removed_horizontal=2
[edge] 肝血亏虚 -> 视力减退 (applies-to) | removed_horizontal=2
[edge] 肝失疏泄 -> 咽中异物感 (related) | removed_horizontal=2
[edge] 肝失疏泄 -> 如按琴弦 (related) | removed_horizontal=2
[edge] 肝失疏泄 -> 乳房胀痛 (applies-to) | removed_horizontal=2
[edge] 肝失疏泄 -> 端直以长 (related) | removed_horizontal=2
[edge] 肝失疏泄 -> 脉道拘急 (related) | removed_horizontal=2
[edge] 肝失疏泄 -> 挺然指下 (related) | removed_horizontal=2
[edge] 肝失疏泄 -> 肝气夹痰 (related) | removed_horizontal=2
[edge] 肝失疏泄 -> 胸胁少腹胀满窜痛 (example-of) | removed_horizontal=2
[edge] 痛经 -> 刺痛拒按 (related) | removed_horizontal=2
[edge] 痛经 -> 胸胁胀闷疼痛 (related) | removed_horizontal=2
[edge] 痛经 -> 肝脉循行部位 (related) | removed_horizontal=2
[edge] 痛经 -> 胁下痞块 (related) | removed_horizontal=2
[edge] 崩漏 -> 脉细弱 (related) | removed_horizontal=2
[edge] 痛经 -> 脉沉涩 (related) | removed_horizontal=2
[edge] 痛经 -> 舌紫暗有瘀斑 (related) | removed_horizontal=2
[edge] 痛经 -> 血色紫黑有块 (example-of) | removed_horizontal=2
[edge] 痛经 -> 烦躁易怒 (related) | removed_horizontal=2
[edge] 崩漏 -> 劳倦伤脾 (prerequisite) | removed_horizontal=2
[edge] 崩漏 -> 冲任不固 (related) | removed_horizontal=2
[edge] 崩漏 -> 血溢脉外 (part-of) | removed_horizontal=2
[edge] 崩漏 -> 纳少 (related) | removed_horizontal=2
[edge] 崩漏 -> 气血生化不足 (related) | removed_horizontal=2
[edge] 崩漏 -> 月经量多 (example-of) | removed_horizontal=2
[edge] 崩漏 -> 少气懒言 (related) | removed_horizontal=2
[edge] 崩漏 -> 食少便溏 (related) | removed_horizontal=2
[edge] 崩漏 -> 气随血耗 (related) | removed_horizontal=2
[edge] 崩漏 -> 慢性失血 (related) | removed_horizontal=2
[edge] 崩漏 -> 久病体弱 (related) | removed_horizontal=2
[edge] 崩漏 -> 运化失健 (related) | removed_horizontal=2
[edge] 心气不足 -> 精神疲惫 (related) | removed_horizontal=2
[edge] 心气不足 -> 脉虚 (related) | removed_horizontal=2
[edge] 心气不足 -> 久病失养 (related) | removed_horizontal=2
[edge] 心气不足 -> 年高心气虚衰 (example-of) | removed_horizontal=2
[edge] 心气不足 -> 体倦乏力 (example-of) | removed_horizontal=2
[edge] 心气不足 -> 推动无力 (related) | removed_horizontal=2
[edge] 心气不足 -> 宗气运转无力 (part-of) | removed_horizontal=2
[edge] 崩漏 -> 皮下紫斑 (related) | removed_horizontal=2
[edge] 心气不足 -> 胸闷气短 (example-of) | removed_horizontal=2
[edge] 血行不畅 -> 心气虚 (part-of) | removed_horizontal=2
[edge] 心气不足 -> 卫外不固 (related) | removed_horizontal=2
[edge] 心气不足 -> 动则尤甚 (applies-to) | removed_horizontal=2
[edge] 心气不足 -> 血液运行无力 (part-of) | removed_horizontal=2
[edge] 血行不畅 -> 心胸憋闷疼痛 (related) | removed_horizontal=2
[edge] 血行不畅 -> 寒凝心脉 (related) | removed_horizontal=2
[edge] 血行不畅 -> 舌淡胖 (related) | removed_horizontal=2
[edge] 心气不足 -> 血运无力 (part-of) | removed_horizontal=2
[edge] 血行不畅 -> 心痛 (related) | removed_horizontal=2
[edge] 血行不畅 -> 温养无力 (related) | removed_horizontal=2
[edge] 血行不畅 -> 气滞心脉 (related) | removed_horizontal=2
[edge] 血行不畅 -> 痰阻心脉 (related) | removed_horizontal=2
[edge] 血行不畅 -> 温运血行无力 (part-of) | removed_horizontal=2
[edge] 血行不畅 -> 结代 (related) | removed_horizontal=2
[edge] 血行不畅 -> 肢体失温 (related) | removed_horizontal=2
[edge] 血行不畅 -> 阳虚寒盛 (related) | removed_horizontal=2
[edge] 血行不畅 -> 闷痛 (related) | removed_horizontal=2
[edge] 血行不畅 -> 结代脉 (related) | removed_horizontal=2
[edge] 血行不畅 -> 胸阳不展 (related) | removed_horizontal=2
[edge] 血行不畅 -> 脉沉滑 (related) | removed_horizontal=2
[edge] 血行不畅 -> 瘀阻心脉 (part-of) | removed_horizontal=2
[edge] 血行不畅 -> 运血无力 (related) | removed_horizontal=2
[edge] 血行不畅 -> 面色㿠白 (related) | removed_horizontal=2
[edge] 血行不畅 -> 体胖多痰 (related) | removed_horizontal=2
[edge] 血行不畅 -> 体胖痰多 (related) | removed_horizontal=2
[edge] 血行不畅 -> 本虚标实之证 (related) | removed_horizontal=2
[edge] 血行不畅 -> 喜太息 (related) | removed_horizontal=2
[edge] 血行不畅 -> 本虚标实 (related) | removed_horizontal=2
[edge] 血行不畅 -> 剧痛 (related) | removed_horizontal=2
[edge] 血行不畅 -> 因情志波动加重 (related) | removed_horizontal=2
[edge] 血行不畅 -> 夜间尤重 (related) | removed_horizontal=2
[edge] 血行不畅 -> 痛势剧烈 (related) | removed_horizontal=2
[edge] 血行不畅 -> 肩背内臂 (related) | removed_horizontal=2
[edge] 血行不畅 -> 舌淡胖苔厚腻 (related) | removed_horizontal=2
[edge] 血行不畅 -> 舌紫暗 (example-of) | removed_horizontal=2
[edge] 血行不畅 -> 身重困倦 (related) | removed_horizontal=2
[edge] 血行不畅 -> 苔厚腻 (related) | removed_horizontal=2
[edge] 出血 -> 囊尾蚴 (related) | removed_horizontal=2
[edge] 出血 -> 出血色深红 (example-of) | removed_horizontal=2
[edge] 出血 -> 血不循经 (related) | removed_horizontal=2
[edge] 出血 -> 口唇指甲青紫 (related) | removed_horizontal=2
[edge] 出血 -> 外感热邪 (applies-to) | removed_horizontal=2
[edge] 出血 -> 囊虫病 (related) | removed_horizontal=2
[edge] 出血 -> 固定不移 (part-of) | removed_horizontal=2
[edge] 出血 -> 情志过极化热 (related) | removed_horizontal=2
[edge] 出血 -> 夜间阴血凝滞 (related) | removed_horizontal=2
[edge] 出血 -> 斑疹显露 (example-of) | removed_horizontal=2
[edge] 出血 -> 瘀血内结 (related) | removed_horizontal=2
[edge] 出血 -> 瘀斑 (related) | removed_horizontal=2
[edge] 出血 -> 皮肤爪甲失养 (related) | removed_horizontal=2
[edge] 出血 -> 疮痈 (related) | removed_horizontal=2
[edge] 出血 -> 月经后期 (example-of) | removed_horizontal=2
[edge] 出血 -> 肛门奇痒 (related) | removed_horizontal=2
[edge] 出血 -> 热邪腐肉成脓 (related) | removed_horizontal=2
[edge] 出血 -> 络脉不通 (related) | removed_horizontal=2
[edge] 出血 -> 狂乱神昏谵语 (example-of) | removed_horizontal=2
[edge] 出血 -> 肠梗阻 (related) | removed_horizontal=2
[edge] 出血 -> 脐周疼痛 (related) | removed_horizontal=2
[edge] 出血 -> 腹水 (related) | removed_horizontal=2
[edge] 出血 -> 胃肠功能失调 (related) | removed_horizontal=2
[edge] 出血 -> 脉道扩张 (related) | removed_horizontal=2
[edge] 出血 -> 腹痛腹泻 (related) | removed_horizontal=2
[edge] 出血 -> 舌绛 (related) | removed_horizontal=2
[edge] 出血 -> 蛔厥 (related) | removed_horizontal=2
[edge] 出血 -> 虫卵 (related) | removed_horizontal=2
[edge] 出血 -> 肤色青紫 (example-of) | removed_horizontal=2
[edge] 出血 -> 蛲虫 (related) | removed_horizontal=2
[edge] 出血 -> 虫体节片 (related) | removed_horizontal=2
[edge] 出血 -> 血液运行迟缓 (related) | removed_horizontal=2
[edge] 出血 -> 躁扰不宁 (related) | removed_horizontal=2
[edge] 出血 -> 贫血 (related) | removed_horizontal=2
[edge] 出血 -> 面黄体瘦 (related) | removed_horizontal=2
[edge] 出血 -> 门静脉系统 (related) | removed_horizontal=2
[edge] 出血 -> 部位固定 (part-of) | removed_horizontal=2
[edge] 出血 -> 过食辛辣嗜酒 (applies-to) | removed_horizontal=2
[edge] 出血 -> 食欲亢进 (related) | removed_horizontal=2
[edge] 出血 -> 身热夜甚 (example-of) | removed_horizontal=2
[edge] 出血 -> 邪郁化热 (applies-to) | removed_horizontal=2
[edge] 血虚 -> 劫伤肝阴 (related) | removed_horizontal=2
[edge] 血虚 -> 乏力自汗 (example-of) | removed_horizontal=2
[edge] 血虚 -> 半身不遂 (related) | removed_horizontal=2
[edge] 血虚 -> 头摇肢颤 (related) | removed_horizontal=2
[edge] 血虚 -> 唇甲淡白 (example-of) | removed_horizontal=2
[edge] 血虚 -> 动摇症状 (related) | removed_horizontal=2
[edge] 血虚 -> 头重脚轻 (related) | removed_horizontal=2
[edge] 血虚 -> 手足震颤 (related) | removed_horizontal=2
[edge] 血虚 -> 气血两虚不能上荣于头面、舌体 (part-of) | removed_horizontal=2
[edge] 血虚 -> 头胀目眩 (related) | removed_horizontal=2
[edge] 血虚 -> 缠腰火丹 (related) | removed_horizontal=2
[edge] 血虚 -> 热邪燔灼肝经 (related) | removed_horizontal=2
[edge] 血虚 -> 痱子 (related) | removed_horizontal=2
[edge] 血虚 -> 眩晕欲仆 (related) | removed_horizontal=2
[edge] 血虚 -> 白色粟粒疹 (related) | removed_horizontal=2
[edge] 血虚 -> 热极生风证 (related) | removed_horizontal=2
[edge] 血虚 -> 肌肉瞤动 (related) | removed_horizontal=2
[edge] 血虚 -> 萎黄 (example-of) | removed_horizontal=2
[edge] 血虚 -> 血虚不能充盈脉络 (example-of) | removed_horizontal=2
[edge] 血虚 -> 血虚无以化气 (related) | removed_horizontal=2
[edge] 血虚 -> 血虚生风证 (example-of) | removed_horizontal=2
[edge] 血虚 -> 血随阳升 (related) | removed_horizontal=2
[edge] 血虚 -> 阴虚动风证 (related) | removed_horizontal=2
[edge] 血虚 -> 风阳窜扰 (related) | removed_horizontal=2
[edge] 脾肾阳虚 -> 咳喘胸闷 (applies-to) | removed_horizontal=2
[edge] 脾肾阳虚 -> 正虚劳倦 (related) | removed_horizontal=2
[edge] 脾肾阳虚 -> 外感风邪 (related) | removed_horizontal=2
[edge] 脾肾阳虚 -> 体胖 (related) | removed_horizontal=2
[edge] 脾肾阳虚 -> 咳吐痰多 (related) | removed_horizontal=2
[edge] 脾肾阳虚 -> 水湿浸淫 (related) | removed_horizontal=2
[edge] 脾肾阳虚 -> 纳呆便溏 (example-of) | removed_horizontal=2
[edge] 脾肾阳虚 -> 神昏癫狂 (related) | removed_horizontal=2
[edge] 脾肾阳虚 -> 瘰疬 (related) | removed_horizontal=2
[edge] 脾肾阳虚 -> 脘痞恶心 (related) | removed_horizontal=2
[edge] 脾肾阳虚 -> 苔腻脉滑 (related) | removed_horizontal=2
[edge] 脾肾阳虚 -> 脘闷腹胀 (example-of) | removed_horizontal=2
[edge] 肾阳虚衰 -> 久病伤阳 (related) | removed_horizontal=2
[edge] 脾肾阳虚 -> 肢节酸痛 (related) | removed_horizontal=2
[edge] 肾阳虚衰 -> 不育 (related) | removed_horizontal=2
[edge] 肾阳虚衰 -> 大便久泻 (example-of) | removed_horizontal=2
[edge] 肾阳虚衰 -> 夜尿多 (related) | removed_horizontal=2
[edge] 肾阳虚衰 -> 素体阳虚 (related) | removed_horizontal=2
[edge] 肾阳虚衰 -> 生殖功能减退 (example-of) | removed_horizontal=2
[edge] 肾阳虚衰 -> 气化行水无力 (related) | removed_horizontal=2
[edge] 肾阳虚衰 -> 年高命门火衰 (related) | removed_horizontal=2
[edge] 肾阳虚衰 -> 温化失司 (related) | removed_horizontal=2
[edge] 肾阳虚衰 -> 阳痿 (related) | removed_horizontal=2
[edge] 肾阳虚衰 -> 血运缓慢 (related) | removed_horizontal=2
[edge] 肾阳虚衰 -> 宫寒不孕 (example-of) | removed_horizontal=2
[edge] 肾阳虚衰 -> 脉沉迟无力 (example-of) | removed_horizontal=2
[edge] 气机调畅 -> 增强体质 (related) | removed_horizontal=2
[edge] 气机调畅 -> 形神兼炼 (related) | removed_horizontal=2
[edge] 气机调畅 -> 常锻炼身体 (applies-to) | removed_horizontal=2
[edge] 气机调畅 -> 气血平和 (related) | removed_horizontal=2
[edge] 气机调畅 -> 持之以恒 (related) | removed_horizontal=2
[edge] 气机调畅 -> 畅行血液 (applies-to) | removed_horizontal=2
[edge] 肝气郁滞 -> 矢气 (related) | removed_horizontal=2
[edge] 气机调畅 -> 谨调摄精神 (applies-to) | removed_horizontal=2
[edge] 湿热 -> 东南低地 (related) | removed_horizontal=2
[edge] 肝气郁滞 -> 阳气虚弱温运无力 (related) | removed_horizontal=2
[edge] 肝气郁滞 -> 胀闷疼痛 (applies-to) | removed_horizontal=2
[edge] 气机调畅 -> 通利经脉 (applies-to) | removed_horizontal=2
[edge] 肝气郁滞 -> 窜痛 (applies-to) | removed_horizontal=2
[edge] 肝气郁滞 -> 攻痛 (related) | removed_horizontal=2
[edge] 湿热 -> 大便不调 (related) | removed_horizontal=2
[edge] 肝气郁滞 -> 胸胁脘腹胀闷 (example-of) | removed_horizontal=2
[edge] 湿热 -> 温热 (related) | removed_horizontal=2
[edge] 湿热 -> 肝火犯胃 (related) | removed_horizontal=2
[edge] 湿热 -> 热呕 (related) | removed_horizontal=2
[edge] 湿热 -> 疏泄失职 (related) | removed_horizontal=2
[edge] 湿热 -> 寒呕 (related) | removed_horizontal=2
[edge] 湿热 -> 带下黄臭 (example-of) | removed_horizontal=2
[edge] 湿热 -> 胃有积热 (related) | removed_horizontal=2
[edge] 湿热 -> 胆汁外溢 (related) | removed_horizontal=2
[edge] 湿热 -> 胃痈 (related) | removed_horizontal=2
[edge] 湿热 -> 胁肋灼热胀痛 (example-of) | removed_horizontal=2
[edge] 湿热 -> 过食肥甘 (related) | removed_horizontal=2
[edge] 湿热 -> 血证 (related) | removed_horizontal=2
[edge] 湿热 -> 腠理致密 (related) | removed_horizontal=2
[edge] 湿热 -> 苔黄腻 (example-of) | removed_horizontal=2
[edge] 湿热 -> 身目发黄 (example-of) | removed_horizontal=2
[edge] 湿热 -> 腠理疏松 (related) | removed_horizontal=2
[edge] 湿热 -> 阴痒 (example-of) | removed_horizontal=2
[edge] 气滞 -> 往来不畅 (applies-to) | removed_horizontal=2
[edge] 气滞 -> 左右腹 (related) | removed_horizontal=2
[edge] 气滞 -> 应指艰涩 (applies-to) | removed_horizontal=2
[edge] 气滞 -> 气鼓 (example-of) | removed_horizontal=2
[edge] 气滞 -> 涩脉而无力 (example-of) | removed_horizontal=2
[edge] 气滞 -> 积 (related) | removed_horizontal=2
[edge] 气滞 -> 涩而有力 (applies-to) | removed_horizontal=2
[edge] 气滞 -> 聚 (example-of) | removed_horizontal=2
[edge] 气滞 -> 精伤 (related) | removed_horizontal=2
[edge] 气滞 -> 水鼓 (related) | removed_horizontal=2
[edge] 气滞 -> 积聚 (example-of) | removed_horizontal=2
[edge] 气滞 -> 痞满 (related) | removed_horizontal=2
[edge] 气滞 -> 脐上 (related) | removed_horizontal=2
[edge] 气滞 -> 胃俞穴 (related) | removed_horizontal=2
[edge] 气滞 -> 轻刀刮竹 (example-of) | removed_horizontal=2
[edge] 气滞 -> 脐周 (related) | removed_horizontal=2
[edge] 气滞 -> 脐腹 (related) | removed_horizontal=2
[edge] 气滞 -> 血少 (related) | removed_horizontal=2
[edge] 气滞 -> 脐下 (related) | removed_horizontal=2
[edge] 气滞 -> 虚实证候 (related) | removed_horizontal=2
[edge] 气虚 -> 便意频数 (related) | removed_horizontal=2
[edge] 气虚 -> 肢体倦怠 (example-of) | removed_horizontal=2
[edge] 气虚 -> 久泄不止 (related) | removed_horizontal=2
[edge] 气虚 -> 中气不足 (part-of) | removed_horizontal=2
[edge] 气虚 -> 子宫下垂 (example-of) | removed_horizontal=2
[edge] 气虚 -> 脘腹重坠作胀 (example-of) | removed_horizontal=2
[edge] 气虚 -> 胃下垂 (example-of) | removed_horizontal=2
[edge] 气虚 -> 小便如米泔 (related) | removed_horizontal=2
[edge] 气虚 -> 少气乏力 (example-of) | removed_horizontal=2
[edge] 气虚 -> 声低懒言 (example-of) | removed_horizontal=2
[edge] 气虚 -> 痛处不移 (related) | removed_horizontal=2
[edge] 气虚 -> 瘀阻络脉 (related) | removed_horizontal=2
[edge] 气虚 -> 劳累过度 (related) | removed_horizontal=2
[edge] 气虚 -> 紫斑 (related) | removed_horizontal=2
[edge] 气虚 -> 脉沉细涩 (related) | removed_horizontal=2
[edge] 气虚 -> 面色萎黄少华 (related) | removed_horizontal=2
[edge] 气虚 -> 舌淡暗 (related) | removed_horizontal=2
[edge] 气虚 -> 面色暗滞 (related) | removed_horizontal=2
[edge] 气虚 -> 脉缓弱 (example-of) | removed_horizontal=2
[edge] 气虚 -> 身倦乏力 (example-of) | removed_horizontal=2
[edge] 气虚 -> 运化功能失职 (part-of) | removed_horizontal=2
[edge] 邪气 -> 内服药物 (related) | removed_horizontal=2
[edge] 邪气 -> 居处清洁 (applies-to) | removed_horizontal=2
[edge] 邪气 -> 虫兽咬伤 (example-of) | removed_horizontal=2
[edge] 邪气 -> 药囊佩戴 (applies-to) | removed_horizontal=2
[edge] 邪气 -> 跌仆损伤 (related) | removed_horizontal=2
[edge] 邪气 -> 空气流通 (applies-to) | removed_horizontal=2
[edge] 邪气 -> 浴敷涂擦 (applies-to) | removed_horizontal=2
[edge] 邪气 -> 燃烧烟熏 (applies-to) | removed_horizontal=2
[edge] 邪气 -> 隔离传染病患者 (applies-to) | removed_horizontal=2
[edge] 邪气 -> 顺应四时寒暑变化 (applies-to) | removed_horizontal=2
[edge] 痰浊 -> 痰气搏结 (related) | removed_horizontal=2
[edge] 痰浊 -> 脘闷呕恶 (related) | removed_horizontal=2
[edge] 瘀血 -> 损伤内脏 (related) | removed_horizontal=2
[edge] 痰浊 -> 神明失司 (related) | removed_horizontal=2
[edge] 瘀血 -> 影响血行 (applies-to) | removed_horizontal=2
[edge] 血液亏虚 -> 四肢抽搐 (related) | removed_horizontal=2
[edge] 瘀血 -> 疾病丛生 (related) | removed_horizontal=2
[edge] 瘀血 -> 血液正常的濡养作用 (contrasts-with) | removed_horizontal=2
[edge] 痰浊 -> 气郁痰阻 (related) | removed_horizontal=2
[edge] 血液亏虚 -> 猝倒 (related) | removed_horizontal=2
[edge] 伤津 -> 特异亲和力 (related) | removed_horizontal=2
[edge] 伤津 -> 流行性 (related) | removed_horizontal=2
[edge] 血液亏虚 -> 皮肤瘙痒 (related) | removed_horizontal=2
[edge] 伤津 -> 传染性 (related) | removed_horizontal=2
[edge] 伤津 -> 生风 (related) | removed_horizontal=2
[edge] 湿 -> 春夏阳气生发 (related) | removed_horizontal=2
[edge] 伤津 -> 动血 (related) | removed_horizontal=2
[edge] 血液亏虚 -> 筋肉跳动 (related) | removed_horizontal=2
[edge] 湿 -> 滋润生津 (related) | removed_horizontal=2
[edge] 伤津 -> 扰神 (related) | removed_horizontal=2
[edge] 湿 -> 辛燥伤津 (related) | removed_horizontal=2
[edge] 湿 -> 用温远温 (related) | removed_horizontal=2
[edge] 湿 -> 秋冬阴盛阳衰 (related) | removed_horizontal=2
[edge] 阴液 -> 暑热伤津耗气 (related) | removed_horizontal=2
[edge] 阴液 -> 余邪留恋 (related) | removed_horizontal=2
[edge] 湿 -> 用凉远凉 (related) | removed_horizontal=2
[edge] 阴液 -> 清热祛暑兼生津益气 (applies-to) | removed_horizontal=2
[edge] 湿 -> 解暑化湿 (applies-to) | removed_horizontal=2
[edge] 湿 -> 辛温发散 (related) | removed_horizontal=2
[edge] 湿 -> 食宜同法 (related) | removed_horizontal=2
[edge] 阴液 -> 温补肾阳兼利水湿 (related) | removed_horizontal=2
[edge] 阴液 -> 肾阳虚弱兼水饮内停 (related) | removed_horizontal=2
[edge] 补气 -> 深刺重刺激 (related) | removed_horizontal=2
[edge] 补气 -> 厚味 (related) | removed_horizontal=2
[edge] 补气 -> 甘寒酸寒 (related) | removed_horizontal=2
[edge] 补气 -> 滋补 (related) | removed_horizontal=2
[edge] 补气 -> 强壮者 (related) | removed_horizontal=2
[edge] 补气 -> 健脾芳化 (related) | removed_horizontal=2
[edge] 补气 -> 浅刺轻刺激 (related) | removed_horizontal=2
[edge] 补气 -> 瘦弱者 (related) | removed_horizontal=2
[edge] 补气 -> 耗散 (related) | removed_horizontal=2
[edge] 补气 -> 辛热 (related) | removed_horizontal=2
[edge] 大出血 -> 分娩 (example-of) | removed_horizontal=2
[edge] 大出血 -> 大汗淋漓 (related) | removed_horizontal=2
[edge] 大出血 -> 脉微细欲绝 (part-of) | removed_horizontal=2
[edge] 大出血 -> 脉浮大而散 (related) | removed_horizontal=2
[edge] 大出血 -> 妇女崩漏 (example-of) | removed_horizontal=2
[edge] 补气 -> 酸涩 (related) | removed_horizontal=2
[edge] 补气 -> 苦寒 (related) | removed_horizontal=2
[edge] 补气 -> 食饵 (related) | removed_horizontal=2
[edge] 大出血 -> 脉道失充 (related) | removed_horizontal=2
[edge] 气机不畅 -> 体倦神疲 (example-of) | removed_horizontal=2
[edge] 气机不畅 -> 反应迟钝 (related) | removed_horizontal=2
[edge] 气机不畅 -> 动则心悸 (related) | removed_horizontal=2
[edge] 大出血 -> 阳气脱失 (related) | removed_horizontal=2
[edge] 大出血 -> 阳气浮越外亡 (related) | removed_horizontal=2
[edge] 气机不畅 -> 发胖臃肿 (related) | removed_horizontal=2
[edge] 气机不畅 -> 呕吐酸腐 (related) | removed_horizontal=2
[edge] 气机不畅 -> 易感外邪 (related) | removed_horizontal=2
[edge] 气机不畅 -> 正气虚弱 (related) | removed_horizontal=2
[edge] 气机不畅 -> 暴饮暴食 (related) | removed_horizontal=2
[edge] 气机不畅 -> 气喘汗出 (example-of) | removed_horizontal=2
[edge] 气机不畅 -> 大便酸腐臭秽 (related) | removed_horizontal=2
[edge] 气机不畅 -> 水湿痰饮内生 (related) | removed_horizontal=2
[edge] 气机不畅 -> 脘腹胀满疼痛 (related) | removed_horizontal=2
[edge] 气机不畅 -> 脾胃呆滞 (related) | removed_horizontal=2
[edge] 气机不畅 -> 阳气不振 (related) | removed_horizontal=2
[edge] 气机不畅 -> 泻下酸腐臭秽 (related) | removed_horizontal=2
[edge] 气机不畅 -> 饮食过量 (related) | removed_horizontal=2
[edge] 津液不足 -> 传导不利 (part-of) | removed_horizontal=2
[edge] 津液不足 -> 口咽失润 (related) | removed_horizontal=2
[edge] 津液不足 -> 传导功能失常 (applies-to) | removed_horizontal=2
[edge] 津液不足 -> 大便久积 (part-of) | removed_horizontal=2
[edge] 津液不足 -> 阴伤内耗 (related) | removed_horizontal=2
[edge] 津液不足 -> 热病后津伤未复 (example-of) | removed_horizontal=2
[edge] 津液不足 -> 大便秘结干燥 (example-of) | removed_horizontal=2
[edge] 津液不足 -> 肠道失去濡润 (part-of) | removed_horizontal=2
[edge] 津液不足 -> 老年阴血亏虚 (example-of) | removed_horizontal=2
[edge] 津液不足 -> 肠道失于濡润 (part-of) | removed_horizontal=2
[edge] 十二经脉 -> 两侧 (related) | removed_horizontal=2
[edge] 十二经脉 -> 背面 (related) | removed_horizontal=2
[edge] 十二经脉 -> 胸腹面 (part-of) | removed_horizontal=2
[edge] 带脉 -> 带脉穴 (part-of) | removed_horizontal=2
[edge] 推拿 -> 泻实 (applies-to) | removed_horizontal=2
[edge] 推拿 -> 病残 (applies-to) | removed_horizontal=2
[edge] 带脉 -> 纵行经脉 (part-of) | removed_horizontal=2
[edge] 推拿 -> 损伤性疾患 (applies-to) | removed_horizontal=2
[edge] 推拿 -> 陈旧性损伤 (applies-to) | removed_horizontal=2
[edge] 推拿 -> 伤残 (applies-to) | removed_horizontal=2
[edge] 手少阴心经 -> 注入心中 (part-of) | removed_horizontal=2
[edge] 手少阴心经 -> 属脾络胃 (related) | removed_horizontal=2
[edge] 手少阴心经 -> 连舌本，散舌下 (part-of) | removed_horizontal=2
[edge] 头部 -> 侧头部 (part-of) | removed_horizontal=2
[edge] 头部 -> 面颊 (part-of) | removed_horizontal=2
[edge] 手足阳明经 -> 大便排虫 (related) | removed_horizontal=2
[edge] 手足阳明经 -> 气机逆乱 (related) | removed_horizontal=2
[edge] 头部 -> 头后部 (part-of) | removed_horizontal=2
[edge] 头部 -> 面部 (part-of) | removed_horizontal=2
[edge] 手足阳明经 -> 嗜食异物 (related) | removed_horizontal=2
[edge] 手足阳明经 -> 白睛属肺 (related) | removed_horizontal=2
[edge] 手足阳明经 -> 睡中齘齿 (related) | removed_horizontal=2
[edge] 手足阳明经 -> 胃脘嘈杂 (related) | removed_horizontal=2
[edge] 手足阳明经 -> 白睛蓝斑 (related) | removed_horizontal=2
[edge] 手足阳明经 -> 面黄形瘦 (related) | removed_horizontal=2
[edge] 手足阳明经 -> 鼻痒 (related) | removed_horizontal=2
[edge] 手足阳明经 -> 面部白色虫斑 (related) | removed_horizontal=2
[edge] 阳明经 -> 腹痛如条索状 (related) | removed_horizontal=2
[edge] 阳明经 -> 呕吐蛔虫 (related) | removed_horizontal=2
[edge] 阳明经 -> 肢厥 (related) | removed_horizontal=2
[edge] 手足阳明经 -> 腹痛阵发 (related) | removed_horizontal=2
[edge] 寸口 -> 寻法 (applies-to) | removed_horizontal=2
[edge] 寸口 -> 一指定关法 (applies-to) | removed_horizontal=2
[edge] 寸口 -> 举法 (applies-to) | removed_horizontal=2
[edge] 寸口 -> 一呼一吸脉行四五至 (related) | removed_horizontal=2
[edge] 寸口 -> 平旦 (related) | removed_horizontal=2
[edge] 寸口 -> 单按 (applies-to) | removed_horizontal=2
[edge] 寸口 -> 总按 (applies-to) | removed_horizontal=2
[edge] 寸口 -> 按法 (applies-to) | removed_horizontal=2
[edge] 寸口 -> 诊脉时间 (related) | removed_horizontal=2
[edge] 子宫脱垂 -> 肝经湿热下注 (related) | removed_horizontal=2
[edge] 子宫脱垂 -> 疝气 (related) | removed_horizontal=2
[edge] 子宫脱垂 -> 肝经湿热 (related) | removed_horizontal=2
[edge] 子宫脱垂 -> 囊痈 (related) | removed_horizontal=2
[edge] 子宫脱垂 -> 阴部湿疹 (related) | removed_horizontal=2
[edge] 子宫脱垂 -> 阴挺 (example-of) | removed_horizontal=2
[edge] 肝火犯肺证 -> 咳嗽阵作 (example-of) | removed_horizontal=2
[edge] 子宫脱垂 -> 阴虚血燥 (related) | removed_horizontal=2
[edge] 肝火犯肺证 -> 实火内炽 (related) | removed_horizontal=2
[edge] 肝火犯肺证 -> 咳痰黄稠 (example-of) | removed_horizontal=2
[edge] 肝火犯肺证 -> 胸胁灼痛 (part-of) | removed_horizontal=2
[edge] 肝火犯肺证 -> 肺失肃降 (related) | removed_horizontal=2
[edge] 肝火犯肺证 -> 肝郁化火 (related) | removed_horizontal=2
[edge] 肝火犯肺证 -> 肝经蕴热 (related) | removed_horizontal=2
[edge] 阴虚 -> 中焦湿热上蒸 (related) | removed_horizontal=2
[edge] 阴虚 -> 半身汗 (related) | removed_horizontal=2
[edge] 阴虚 -> 头汗 (related) | removed_horizontal=2
[edge] 阴虚 -> 截瘫 (related) | removed_horizontal=2
[edge] 阴虚 -> 痰瘀 (related) | removed_horizontal=2
[edge] 阴虚 -> 上焦热盛 (related) | removed_horizontal=2
[edge] 阴虚 -> 阳气衰微 (contrasts-with) | removed_horizontal=2
[edge] 阴虚 -> 痿证 (related) | removed_horizontal=2
[edge] 阴虚 -> 阳明热盛 (related) | removed_horizontal=2
[edge] 阴虚 -> 经络阻滞 (related) | removed_horizontal=2
[edge] 阴虚 -> 中焦湿热 (related) | removed_horizontal=2
[edge] 阴虚 -> 虚阳上越 (related) | removed_horizontal=2
[edge] 风邪 -> 动摇不定 (example-of) | removed_horizontal=2
[edge] 风邪 -> 善行数变 (applies-to) | removed_horizontal=2
[edge] 风邪 -> 春季 (example-of) | removed_horizontal=2
[edge] 阴虚 -> 气血运行受阻 (related) | removed_horizontal=2
[edge] 风邪 -> 轻扬开泄 (example-of) | removed_horizontal=2
[edge] 寒邪 -> 喘哮痰鸣 (applies-to) | removed_horizontal=2
[edge] 寒邪 -> 咳嗽气喘 (applies-to) | removed_horizontal=2
[edge] 寒邪 -> 痰多色白 (related) | removed_horizontal=2
[edge] 寒邪 -> 舌淡苔白腻 (applies-to) | removed_horizontal=2
[edge] 寒邪 -> 寒痰内盛 (example-of) | removed_horizontal=2
[edge] 寒邪 -> 痰多色白清稀易咯 (example-of) | removed_horizontal=2
[edge] 内伤杂病 -> 喉间痰鸣 (example-of) | removed_horizontal=2
[edge] 寒邪 -> 寒痰症状 (example-of) | removed_horizontal=2
[edge] 内伤杂病 -> 痰火内盛 (example-of) | removed_horizontal=2
[edge] 内伤杂病 -> 神志狂乱 (example-of) | removed_horizontal=2
[edge] 内伤杂病 -> 失眠心烦 (example-of) | removed_horizontal=2
[edge] 内伤杂病 -> 痰黄稠 (example-of) | removed_horizontal=2
[edge] 阳虚阴盛 -> 中阳不振 (part-of) | removed_horizontal=2
[edge] 阳虚阴盛 -> 喜温喜按 (applies-to) | removed_horizontal=2
[edge] 阳虚阴盛 -> 失于温运 (related) | removed_horizontal=2
[edge] 阳虚阴盛 -> 水湿内盛 (related) | removed_horizontal=2
[edge] 阳虚阴盛 -> 水湿下注 (related) | removed_horizontal=2
[edge] 阳虚阴盛 -> 寒凝气机 (related) | removed_horizontal=2
[edge] 阳虚阴盛 -> 腹痛绵绵 (example-of) | removed_horizontal=2
[edge] 寒化 -> 寒湿内停 (related) | removed_horizontal=2
[edge] 寒化 -> 卫强营弱 (related) | removed_horizontal=2
[edge] 寒化 -> 心火亢 (contrasts-with) | removed_horizontal=2
[edge] 阳虚阴盛 -> 白带量多清稀 (example-of) | removed_horizontal=2
[edge] 寒化 -> 肾水亏 (related) | removed_horizontal=2
[edge] 寒化 -> 枢机不运 (related) | removed_horizontal=2
[edge] 形神共养 -> 《乐礼·师已》 (related) | removed_horizontal=2
[edge] 形神共养 -> 《商》 (example-of) | removed_horizontal=2
[edge] 寒化 -> 蓄水证 (related) | removed_horizontal=2
[edge] 形神共养 -> 《大雅》 (related) | removed_horizontal=2
[edge] 形神共养 -> 《风》 (related) | removed_horizontal=2
[edge] 形神共养 -> 《小雅》 (related) | removed_horizontal=2
[edge] 形神共养 -> 《颂》 (example-of) | removed_horizontal=2
[edge] 形神共养 -> 《齐》 (related) | removed_horizontal=2
[edge] 形神共养 -> 仁爱者 (related) | removed_horizontal=2
[edge] 形神共养 -> 宽柔正直者 (related) | removed_horizontal=2
[edge] 形神共养 -> 恭俭好礼者 (related) | removed_horizontal=2
[edge] 形神共养 -> 广静通达者 (related) | removed_horizontal=2
[edge] 形神共养 -> 正直谦和者 (related) | removed_horizontal=2
[edge] 调摄精神 -> 余邪 (related) | removed_horizontal=2
[edge] 调摄精神 -> 劳累 (related) | removed_horizontal=2
[edge] 形神共养 -> 温良果断者 (related) | removed_horizontal=2
[edge] 形神共养 -> 音乐调摄精神 (example-of) | removed_horizontal=2
[edge] 调摄精神 -> 劳逸有节 (related) | removed_horizontal=2
[edge] 调摄精神 -> 寒温适度 (related) | removed_horizontal=2
[edge] 调摄精神 -> 合理监护 (related) | removed_horizontal=2
[edge] 调摄精神 -> 强身健体 (related) | removed_horizontal=2
[edge] 调摄精神 -> 调节饮食 (related) | removed_horizontal=2
[edge] 调摄精神 -> 用药得当 (related) | removed_horizontal=2
[edge] 调摄精神 -> 脾胃疾病 (related) | removed_horizontal=2
[edge] 调摄精神 -> 重感致复 (related) | removed_horizontal=2
[edge] 调摄精神 -> 药复 (related) | removed_horizontal=2
[edge] 外邪 -> 燥与寒相合 (example-of) | removed_horizontal=2
[edge] 调摄精神 -> 饮食不当 (related) | removed_horizontal=2
[edge] 外邪 -> 《素问·热论》 (related) | removed_horizontal=2
[edge] 外邪 -> 燥与热相合 (example-of) | removed_horizontal=2
[edge] 手足厥冷 -> 烦渴饮冷 (related) | removed_horizontal=2
[edge] 手足厥冷 -> 胸腹灼热 (contrasts-with) | removed_horizontal=2
[edge] 手足厥冷 -> 渴喜热饮 (related) | removed_horizontal=2
[edge] 湿疹 -> 水疱类 (example-of) | removed_horizontal=2
[edge] 手足厥冷 -> 身热 (contrasts-with) | removed_horizontal=2
[edge] 湿疹 -> 瘾疹 (related) | removed_horizontal=2
[edge] 湿疹 -> 白㾦 (example-of) | removed_horizontal=2
[edge] 湿疹 -> 风疹 (related) | removed_horizontal=2
[edge] 热极生风 -> 不能久立 (related) | removed_horizontal=2
[edge] 热极生风 -> 但坐不得卧 (related) | removed_horizontal=2
[edge] 热极生风 -> 两目深陷 (related) | removed_horizontal=2
[edge] 湿疹 -> 阳斑 (related) | removed_horizontal=2
[edge] 热极生风 -> 两肩下垂 (example-of) | removed_horizontal=2
[edge] 湿疹 -> 阴斑 (related) | removed_horizontal=2
[edge] 热极生风 -> 咳喘肺胀 (related) | removed_horizontal=2
[edge] 热极生风 -> 后背弯曲 (related) | removed_horizontal=2
[edge] 热极生风 -> 坐卧不安 (related) | removed_horizontal=2
[edge] 热极生风 -> 喜仰 (related) | removed_horizontal=2
[edge] 热极生风 -> 肺实气逆 (related) | removed_horizontal=2
[edge] 热极生风 -> 头部低垂 (related) | removed_horizontal=2
[edge] 热极生风 -> 膝屈伸不利 (related) | removed_horizontal=2
[edge] 热极生风 -> 经脉失养 (related) | removed_horizontal=2
[edge] 热极生风 -> 坐而喜伏 (related) | removed_horizontal=2
[edge] 热极生风 -> 脏腑衰惫姿态 (part-of) | removed_horizontal=2
[edge] 热极生风 -> 睑面唇指颤动 (example-of) | removed_horizontal=2
[edge] 热极生风 -> 肺虚少气 (related) | removed_horizontal=2
[edge] 热极生风 -> 行则振摇 (related) | removed_horizontal=2
[edge] 热极生风 -> 心肺宗气将衰惫 (related) | removed_horizontal=2
[edge] 热极生风 -> 手护抚痛处 (related) | removed_horizontal=2
[edge] 热极生风 -> 活动不利 (related) | removed_horizontal=2
[edge] 热极生风 -> 筋衰惫 (related) | removed_horizontal=2
[edge] 热极生风 -> 筋将衰惫 (related) | removed_horizontal=2
[edge] 热极生风 -> 水饮停胸腹 (related) | removed_horizontal=2
[edge] 热极生风 -> 心肺宗气衰惫 (related) | removed_horizontal=2
[edge] 热极生风 -> 热盛动风 (example-of) | removed_horizontal=2
[edge] 热极生风 -> 热盛动风发痉 (example-of) | removed_horizontal=2
[edge] 热极生风 -> 精气神明将衰惫 (related) | removed_horizontal=2
[edge] 热极生风 -> 精气神明衰惫 (related) | removed_horizontal=2
[edge] 热极生风 -> 肾将衰惫 (related) | removed_horizontal=2
[edge] 热极生风 -> 腰酸软 (related) | removed_horizontal=2
[edge] 热极生风 -> 骨将衰惫 (related) | removed_horizontal=2
[edge] 热极生风 -> 腰酸软活动不利 (related) | removed_horizontal=2
[edge] 热极生风 -> 肾衰惫 (related) | removed_horizontal=2
[edge] 热极生风 -> 行则俯身扶物 (related) | removed_horizontal=2
[edge] 热极生风 -> 项背强直 (example-of) | removed_horizontal=2
[edge] 热极生风 -> 行则扶物 (related) | removed_horizontal=2
[edge] 疫气 -> 恶劣工作环境 (related) | removed_horizontal=2
[edge] 热极生风 -> 骨衰惫 (related) | removed_horizontal=2
[edge] 疫气 -> 气候反常 (related) | removed_horizontal=2
[edge] 疫气 -> 久旱 (related) | removed_horizontal=2
[edge] 疫气 -> 国家安定 (related) | removed_horizontal=2
[edge] 疫气 -> 湿雾瘴气 (example-of) | removed_horizontal=2
[edge] 疫气 -> 疫痢 (example-of) | removed_horizontal=2
[edge] 疫气 -> 战乱 (related) | removed_horizontal=2
[edge] 疫气 -> 水灾 (related) | removed_horizontal=2
[edge] 疫气 -> 疫黄 (example-of) | removed_horizontal=2
[edge] 疫气 -> 酷热 (related) | removed_horizontal=2
[edge] 疫气 -> 贫困 (related) | removed_horizontal=2
[edge] 疫气 -> 预防隔离工作 (applies-to) | removed_horizontal=2
[edge] 火毒 -> 乙肝病毒 (related) | removed_horizontal=2
[edge] 火毒 -> 胎弱 (related) | removed_horizontal=2
[edge] 火毒 -> 疮疹 (example-of) | removed_horizontal=2
[edge] 火毒 -> 艾滋病病毒 (example-of) | removed_horizontal=2
[edge] 七情内伤 -> 情志异常波动 (example-of) | removed_horizontal=2
[edge] 火毒 -> 遗毒 (applies-to) | removed_horizontal=2
[edge] 七情内伤 -> 外伤致病 (contrasts-with) | removed_horizontal=2
[edge] 饮食不节 -> 居处潮湿 (related) | removed_horizontal=2
[edge] 饮食不节 -> 湿注肠中 (related) | removed_horizontal=2
[edge] 火毒 -> 胎毒 (part-of) | removed_horizontal=2
[edge] 饮食不节 -> 脾喜燥恶湿 (related) | removed_horizontal=2
[edge] 饮食不节 -> 肝胆疏泄失职 (related) | removed_horizontal=2
[edge] 饮食不节 -> 舌淡胖苔白腻 (related) | removed_horizontal=2
[edge] 饮食不节 -> 面目肌肤发黄 (related) | removed_horizontal=2
[edge] 饮食不节 -> 倦怠懒言 (related) | removed_horizontal=2
[edge] 饮食不节 -> 下注膀胱 (related) | removed_horizontal=2
[edge] 饮食不节 -> 湿热内生 (related) | removed_horizontal=2
[edge] 饮食不节 -> 损伤血络 (related) | removed_horizontal=2
[edge] 饮食不节 -> 气化失司 (related) | removed_horizontal=2
[edge] 饮食不节 -> 湿热滞留 (related) | removed_horizontal=2
[edge] 饮食不节 -> 按之痛减 (related) | removed_horizontal=2
[edge] 饮食不节 -> 尿浊 (related) | removed_horizontal=2
[edge] 饮食不节 -> 湿热症状 (related) | removed_horizontal=2
[edge] 饮食不节 -> 湿热蕴结膀胱 (related) | removed_horizontal=2
[edge] 饮食不节 -> 湿热郁蒸 (related) | removed_horizontal=2
[edge] 饮食不节 -> 痞胀 (related) | removed_horizontal=2
[edge] 饮食不节 -> 煎熬津液 (related) | removed_horizontal=2
[edge] 饮食不节 -> 阻遏气机 (related) | removed_horizontal=2
[edge] 饮食不节 -> 腐熟功能 (related) | removed_horizontal=2
[edge] 饮食不节 -> 舌质淡 (related) | removed_horizontal=2
[edge] 消渴病 -> 口气臭秽 (related) | removed_horizontal=2
[edge] 消渴病 -> 咳吐腥臭浊痰脓血 (related) | removed_horizontal=2
[edge] 消渴病 -> 口气酸臭 (related) | removed_horizontal=2
[edge] 消渴病 -> 大便腥气 (related) | removed_horizontal=2
[edge] 消渴病 -> 大便臭秽 (related) | removed_horizontal=2
[edge] 消渴病 -> 小便黄赤浊臭 (related) | removed_horizontal=2
[edge] 消渴病 -> 尸臭 (related) | removed_horizontal=2
[edge] 消渴病 -> 口气腐臭 (related) | removed_horizontal=2
[edge] 消渴病 -> 汗气腥膻 (related) | removed_horizontal=2
[edge] 消渴病 -> 水肿病 (related) | removed_horizontal=2
[edge] 消渴病 -> 烂苹果样气味 (example-of) | removed_horizontal=2
[edge] 消渴病 -> 病室气味 (related) | removed_horizontal=2
[edge] 消渴病 -> 腐臭 (related) | removed_horizontal=2
[edge] 消渴病 -> 血腥味 (related) | removed_horizontal=2
[edge] 消渴病 -> 瘟疫病 (related) | removed_horizontal=2
[edge] 消渴病 -> 尿臊味 (related) | removed_horizontal=2
[edge] 消渴病 -> 矢气酸臭 (related) | removed_horizontal=2
[edge] 消渴病 -> 腋下臊臭 (related) | removed_horizontal=2
[edge] 腹痛 -> 上腹部剧痛 (example-of) | removed_horizontal=2
[edge] 消渴病 -> 鼻出臭气 (related) | removed_horizontal=2
[edge] 腹痛 -> 水湿下注带脉 (related) | removed_horizontal=2
[edge] 腹痛 -> 吐蛔 (example-of) | removed_horizontal=2
[edge] 腹痛 -> 蛲虫病 (example-of) | removed_horizontal=2
[edge] 腹痛 -> 蛔虫病 (example-of) | removed_horizontal=2
[edge] 医过 -> 不信任 (related) | removed_horizontal=2
[edge] 腹痛 -> 面黄肌瘦 (related) | removed_horizontal=2
[edge] 医过 -> 不应有的损失 (related) | removed_horizontal=2
[edge] 医过 -> 不良刺激 (related) | removed_horizontal=2
[edge] 医过 -> 举止不端 (example-of) | removed_horizontal=2
[edge] 医过 -> 使用别名僻名 (example-of) | removed_horizontal=2
[edge] 医过 -> 医术不精 (part-of) | removed_horizontal=2
[edge] 医过 -> 医术不高 (part-of) | removed_horizontal=2
[edge] 医过 -> 处方草率 (example-of) | removed_horizontal=2
[edge] 医过 -> 字迹潦草 (example-of) | removed_horizontal=2
[edge] 医过 -> 医疗事故 (part-of) | removed_horizontal=2
[edge] 医过 -> 医生职业道德缺失 (part-of) | removed_horizontal=2
[edge] 医过 -> 态度生硬 (example-of) | removed_horizontal=2
[edge] 医过 -> 影响疗效 (related) | removed_horizontal=2
[edge] 医过 -> 对病人不负责任 (part-of) | removed_horizontal=2
[edge] 医过 -> 操作不当 (example-of) | removed_horizontal=2
[edge] 医过 -> 引发新疾 (related) | removed_horizontal=2
[edge] 医过 -> 思想负担 (related) | removed_horizontal=2
[edge] 医过 -> 病情延误 (part-of) | removed_horizontal=2
[edge] 医过 -> 用药失误 (example-of) | removed_horizontal=2
[edge] 医过 -> 用药不规范 (example-of) | removed_horizontal=2
[edge] 医过 -> 粗心大意 (example-of) | removed_horizontal=2
[edge] 医过 -> 病人疑虑 (related) | removed_horizontal=2
[edge] 医过 -> 耽误治疗 (related) | removed_horizontal=2
[edge] 医过 -> 言行不当 (example-of) | removed_horizontal=2
[edge] 医过 -> 诊疗行为 (applies-to) | removed_horizontal=2
[edge] 医过 -> 语言粗鲁 (example-of) | removed_horizontal=2
[edge] 医过 -> 误诊误治 (example-of) | removed_horizontal=2
[edge] 医过 -> 诱发新病 (part-of) | removed_horizontal=2
[edge] 医过 -> 辨证不准 (example-of) | removed_horizontal=2
[edge] 医过 -> 错发药物 (example-of) | removed_horizontal=2
[edge] 用药过量 -> 半夏 (example-of) | removed_horizontal=2
[edge] 用药过量 -> 滥用补药 (example-of) | removed_horizontal=2
[edge] 用药过量 -> 乌头 (example-of) | removed_horizontal=2
[edge] 用药过量 -> 用法不当 (related) | removed_horizontal=2
[edge] 遗传性疾病 -> 单卵双生 (related) | removed_horizontal=2
[edge] 遗传性疾病 -> 癫狂病 (example-of) | removed_horizontal=2
[edge] 用药过量 -> 附子 (example-of) | removed_horizontal=2
[edge] 遗传性疾病 -> 亲祖代 (related) | removed_horizontal=2
[edge] 遗传性疾病 -> 肺痨 (example-of) | removed_horizontal=2
[edge] 遗传性疾病 -> 多囊肾 (example-of) | removed_horizontal=2
[edge] 遗传性疾病 -> 近视 (example-of) | removed_horizontal=2
[edge] 遗传性疾病 -> 子孙代 (part-of) | removed_horizontal=2
[edge] 遗传性疾病 -> 异卵双生 (related) | removed_horizontal=2
[edge] 瘦人多火 -> 形盛有余 (contrasts-with) | removed_horizontal=2
[edge] 瘦人多火 -> 无神危候 (related) | removed_horizontal=2
[edge] 瘦人多火 -> 龟背 (related) | removed_horizontal=2
[edge] 瘦人多火 -> 鸡胸 (related) | removed_horizontal=2
[edge] 瘦人多火 -> 体弱 (related) | removed_horizontal=2
[edge] 遗传性疾病 -> 多指（趾）症 (example-of) | removed_horizontal=2
[edge] 感而即发 -> 大悲 (example-of) | removed_horizontal=2
[edge] 感而即发 -> 新感外邪 (example-of) | removed_horizontal=2
[edge] 感而即发 -> 误食有毒物 (example-of) | removed_horizontal=2
[edge] 感而即发 -> 吸入秽毒 (example-of) | removed_horizontal=2
[edge] 感而即发 -> 虫蛇咬伤 (example-of) | removed_horizontal=2
[edge] 感而即发 -> 跌打 (example-of) | removed_horizontal=2
[edge] 继发 -> 疟母 (example-of) | removed_horizontal=2
[edge] 感而即发 -> 金刃 (example-of) | removed_horizontal=2
[edge] 继发 -> 痞块 (example-of) | removed_horizontal=2
[edge] 继发 -> 癥积 (example-of) | removed_horizontal=2
[edge] 继发 -> 原发病 (prerequisite) | removed_horizontal=2
[edge] 继发 -> 单腹胀 (example-of) | removed_horizontal=2
[edge] 继发 -> 积块 (example-of) | removed_horizontal=2
[edge] 继发 -> 鼓胀 (applies-to) | removed_horizontal=2
[edge] 继发 -> 脾大 (example-of) | removed_horizontal=2
[edge] 邪胜正衰 -> 绝汗 (related) | removed_horizontal=2
[edge] 邪胜正衰 -> 卫阳不固 (related) | removed_horizontal=2
[edge] 邪胜正衰 -> 邪退正复 (contrasts-with) | removed_horizontal=2
[edge] 实热证 -> 呕 (applies-to) | removed_horizontal=2
[edge] 实热证 -> 喷射状呕吐 (applies-to) | removed_horizontal=2
[edge] 实热证 -> 呃逆 (applies-to) | removed_horizontal=2
[edge] 实热证 -> 哕 (applies-to) | removed_horizontal=2
[edge] 实热证 -> 寒邪客胃 (contrasts-with) | removed_horizontal=2
[edge] 实热证 -> 呃声 (applies-to) | removed_horizontal=2
[edge] 实热证 -> 干呕 (applies-to) | removed_horizontal=2
[edge] 实热证 -> 热扰神明 (applies-to) | removed_horizontal=2
[edge] 实热证 -> 热邪客胃 (example-of) | removed_horizontal=2
[edge] 实热证 -> 胃气将绝 (related) | removed_horizontal=2
[edge] 脾胃虚弱 -> 大下 (related) | removed_horizontal=2
[edge] 脾胃虚弱 -> 大吐 (related) | removed_horizontal=2
[edge] 脾胃虚弱 -> 津液生成不足 (part-of) | removed_horizontal=2
[edge] 脾胃虚弱 -> 唇燥而裂 (related) | removed_horizontal=2
[edge] 脾胃虚弱 -> 眼球深陷 (related) | removed_horizontal=2
[edge] 脾胃虚弱 -> 皮肤枯瘪 (related) | removed_horizontal=2
[edge] 脾胃虚弱 -> 纳呆食少 (related) | removed_horizontal=2
[edge] 脾胃虚弱 -> 肝气犯胃 (related) | removed_horizontal=2
[edge] 脾胃虚弱 -> 官窍皮肤干燥 (related) | removed_horizontal=2
[edge] 脾胃虚弱 -> 胸脘胀满 (related) | removed_horizontal=2
[edge] 气血运行 -> 娱乐 (related) | removed_horizontal=2
[edge] 脾胃虚弱 -> 运化无权 (related) | removed_horizontal=2
[edge] 虚寒内生 -> 时发时止 (related) | removed_horizontal=2
[edge] 虚寒内生 -> 水液不化 (related) | removed_horizontal=2
[edge] 气血运行 -> 形神俱佳 (related) | removed_horizontal=2
[edge] 气血运行 -> 补益精血 (related) | removed_horizontal=2
[edge] 气血运行 -> 精血 (related) | removed_horizontal=2
[edge] 虚寒内生 -> 胃脘冷痛 (related) | removed_horizontal=2
[edge] 虚寒内生 -> 腐熟受纳功能减退 (related) | removed_horizontal=2
[edge] 虚寒内生 -> 泛吐清水 (related) | removed_horizontal=2
[edge] 虚寒内生 -> 过用寒凉药物 (related) | removed_horizontal=2
[edge] 虚寒内生 -> 胃脘绵绵冷痛 (example-of) | removed_horizontal=2
[edge] 虚寒内生 -> 阳虚不温肌表四末 (related) | removed_horizontal=2
[edge] 虚寒内生 -> 食少脘痞 (related) | removed_horizontal=2
[edge] 阴液亏损 -> 腹满痛而便结 (applies-to) | removed_horizontal=2
[edge] 阴液亏损 -> 滋阴生津 (applies-to) | removed_horizontal=2
[edge] 阴虚症状 -> 午后潮热 (example-of) | removed_horizontal=2
[edge] 阴虚症状 -> 心动不安 (related) | removed_horizontal=2
[edge] 阴虚症状 -> 心神不守 (related) | removed_horizontal=2
[edge] 阴虚症状 -> 心失所养 (related) | removed_horizontal=2
[edge] 阴虚症状 -> 心阴耗损 (part-of) | removed_horizontal=2
[edge] 阴虚症状 -> 久病伤阴 (related) | removed_horizontal=2
[edge] 阴虚症状 -> 思虑劳神过度 (related) | removed_horizontal=2
[edge] 阴液亏损 -> 标病 (related) | removed_horizontal=2
[edge] 阴虚症状 -> 虚热扰心 (related) | removed_horizontal=2
[edge] 阴虚症状 -> 心阴亏损 (part-of) | removed_horizontal=2
[edge] 阴虚症状 -> 头晕眼花 (example-of) | removed_horizontal=2
[edge] 阴虚症状 -> 头目 (part-of) | removed_horizontal=2
[edge] 阴虚症状 -> 头昏耳鸣 (part-of) | removed_horizontal=2
[edge] 阴虚症状 -> 目涩 (example-of) | removed_horizontal=2
[edge] 阴虚症状 -> 暗耗心阴 (related) | removed_horizontal=2
[edge] 阴虚症状 -> 机体失濡 (part-of) | removed_horizontal=2
[edge] 阴虚症状 -> 虚热内炽 (related) | removed_horizontal=2
[edge] 阴虚症状 -> 脉弦细数 (example-of) | removed_horizontal=2
[edge] 阴虚症状 -> 胁肋隐隐灼痛 (example-of) | removed_horizontal=2
[edge] 阴虚症状 -> 虚热内蒸 (related) | removed_horizontal=2
[edge] 阴虚症状 -> 阴液不承 (related) | removed_horizontal=2
[edge] 阴虚症状 -> 虚火内灼 (related) | removed_horizontal=2
[edge] 阴虚症状 -> 面部烘热 (example-of) | removed_horizontal=2
[edge] 面部望诊 -> 惊恐貌 (example-of) | removed_horizontal=2
[edge] 面部望诊 -> 苦笑貌 (example-of) | removed_horizontal=2
[edge] 面部望诊 -> 抱头火丹 (example-of) | removed_horizontal=2
[edge] 面部望诊 -> 面脱 (example-of) | removed_horizontal=2
[edge] 面部望诊 -> 项软 (related) | removed_horizontal=2
[edge] 面部望诊 -> 项强 (related) | removed_horizontal=2
[edge] 痛证 -> 心气失和 (related) | removed_horizontal=2
[edge] 面部望诊 -> 颈脉搏动异常 (related) | removed_horizontal=2
[edge] 痛证 -> 停歇时间较长后方能恢复搏动 (related) | removed_horizontal=2
[edge] 痛证 -> 暂时性代脉 (related) | removed_horizontal=2
[edge] 痛证 -> 脉搏跳动中有歇止 (related) | removed_horizontal=2
[edge] 痛证 -> 缓而间歇 (related) | removed_horizontal=2
[edge] 脾胃气虚 -> 脏腑病变 (part-of) | removed_horizontal=2
[edge] 痛证 -> 脏气衰微 (related) | removed_horizontal=2
[edge] 痛证 -> 气机受阻 (related) | removed_horizontal=2
[edge] 痛证 -> 气血虚损 (related) | removed_horizontal=2
[edge] 脾胃气虚 -> 酸腐 (related) | removed_horizontal=2
[edge] 肝风内动 -> 头发 (related) | removed_horizontal=2
[edge] 痛证 -> 歇止有固定节律 (related) | removed_horizontal=2
[edge] 脾胃气虚 -> 伤食 (related) | removed_horizontal=2
[edge] 痛证 -> 脉气不能连续 (related) | removed_horizontal=2
[edge] 肛痈 -> 气虚下陷 (related) | removed_horizontal=2
[edge] 肝风内动 -> 脱发 (related) | removed_horizontal=2
[edge] 肛痈 -> 湿、热、风、燥四气相合 (related) | removed_horizontal=2
[edge] 舌苔 -> 丹砂制剂 (related) | removed_horizontal=2
[edge] 舌苔 -> 剥落 (part-of) | removed_horizontal=2
[edge] 舌苔 -> 腐腻 (part-of) | removed_horizontal=2
[edge] 舌苔 -> 厚薄 (part-of) | removed_horizontal=2
[edge] 舌苔 -> 润燥 (part-of) | removed_horizontal=2
[edge] 舌苔 -> 动态 (related) | removed_horizontal=2
[edge] 舌苔 -> 仰卧位 (related) | removed_horizontal=2
[edge] 舌苔 -> 舌形 (related) | removed_horizontal=2
[edge] 肛痈 -> 外感邪毒 (applies-to) | removed_horizontal=2
[edge] 舌苔 -> 口腔畸形 (related) | removed_horizontal=2
[edge] 舌苔 -> 坐位 (related) | removed_horizontal=2
[edge] 舌苔 -> 冬季严寒 (related) | removed_horizontal=2
[edge] 舌苔 -> 夏季暑湿 (applies-to) | removed_horizontal=2
[edge] 舌苔 -> 强硬 (part-of) | removed_horizontal=2
[edge] 舌苔 -> 无根苔 (example-of) | removed_horizontal=2
[edge] 舌苔 -> 淡红 (part-of) | removed_horizontal=2
[edge] 舌苔 -> 形质 (part-of) | removed_horizontal=2
[edge] 舌苔 -> 淡白 (example-of) | removed_horizontal=2
[edge] 舌苔 -> 有根苔 (example-of) | removed_horizontal=2
[edge] 舌苔 -> 橘子 (related) | removed_horizontal=2
[edge] 舌苔 -> 灰黑苔 (example-of) | removed_horizontal=2
[edge] 舌苔 -> 牙齿缺失 (related) | removed_horizontal=2
[edge] 舌苔 -> 淡红舌 (example-of) | removed_horizontal=2
[edge] 舌苔 -> 牛乳 (example-of) | removed_horizontal=2
[edge] 舌苔 -> 白苔 (example-of) | removed_horizontal=2
[edge] 舌苔 -> 痿软 (part-of) | removed_horizontal=2
[edge] 舌苔 -> 色泽 (part-of) | removed_horizontal=2
[edge] 舌苔 -> 舌中 (part-of) | removed_horizontal=2
[edge] 舌苔 -> 秋季燥气 (related) | removed_horizontal=2
[edge] 舌苔 -> 舌侧 (part-of) | removed_horizontal=2
[edge] 舌苔 -> 花剥苔 (example-of) | removed_horizontal=2
[edge] 舌苔 -> 红绛 (related) | removed_horizontal=2
[edge] 舌苔 -> 自然光线 (applies-to) | removed_horizontal=2
[edge] 舌苔 -> 蛋黄 (related) | removed_horizontal=2
[edge] 舌苔 -> 薄白苔 (example-of) | removed_horizontal=2
[edge] 舌苔 -> 豆浆 (example-of) | removed_horizontal=2
[edge] 舌苔 -> 黄燥 (example-of) | removed_horizontal=2
[edge] 舌苔 -> 镜面舌 (example-of) | removed_horizontal=2
[edge] 舌苔 -> 黄腻 (example-of) | removed_horizontal=2
[edge] 舌苔 -> 黄苔 (example-of) | removed_horizontal=2
[edge] 舌苔 -> 齿痕 (part-of) | removed_horizontal=2
[edge] 舌苔 -> 黑褐色食品 (example-of) | removed_horizontal=2
[edge] 病位 -> 初始症状 (related) | removed_horizontal=2
[edge] 病位 -> 温病热入营血 (example-of) | removed_horizontal=2
[edge] 病位 -> 发病时间 (related) | removed_horizontal=2
[edge] 病位 -> 缓急 (related) | removed_horizontal=2
[edge] 情志变化 -> 不良情志反应 (example-of) | removed_horizontal=2
[edge] 情志变化 -> 医生特定言行 (applies-to) | removed_horizontal=2
[edge] 情志变化 -> 语言 (applies-to) | removed_horizontal=2
[edge] 病位 -> 辨证用药 (applies-to) | removed_horizontal=2
[edge] 声重 -> 惊呼 (related) | removed_horizontal=2
[edge] 声重 -> 子喑 (related) | removed_horizontal=2
[edge] 声重 -> 口吃 (related) | removed_horizontal=2
[edge] 声重 -> 狂言 (contrasts-with) | removed_horizontal=2
[edge] 声重 -> 独语 (related) | removed_horizontal=2
[edge] 情志变化 -> 说理开导 (applies-to) | removed_horizontal=2
[edge] 声重 -> 言謇 (contrasts-with) | removed_horizontal=2
[edge] 声重 -> 郑声 (contrasts-with) | removed_horizontal=2
[edge] 声重 -> 错语 (related) | removed_horizontal=2
[edge] 问诊 -> 三诊 (part-of) | removed_horizontal=2
[edge] 问诊 -> 诊断性术语 (applies-to) | removed_horizontal=2
[edge] 既往史 -> 患病多实证 (related) | removed_horizontal=2
[edge] 既往史 -> 患病多虚证 (example-of) | removed_horizontal=2
[edge] 既往史 -> 易感阳邪而多热证 (example-of) | removed_horizontal=2
[edge] 既往史 -> 易感阴邪而多寒证 (related) | removed_horizontal=2
[edge] 气虚证 -> 乏力 (example-of) | removed_horizontal=2
[edge] 气虚证 -> 动则加重 (example-of) | removed_horizontal=2
[edge] 阳虚证 -> 阳盛（实热） (contrasts-with) | removed_horizontal=2
[edge] 气虚证 -> 卫外不足 (part-of) | removed_horizontal=2
[edge] 阳虚证 -> 阴盛（实寒） (contrasts-with) | removed_horizontal=2
[edge] 气虚证 -> 劳则伤气 (related) | removed_horizontal=2
[edge] 气虚证 -> 年老体弱 (related) | removed_horizontal=2
[edge] 气虚证 -> 脏腑组织功能减退 (example-of) | removed_horizontal=2
[edge] 气虚证 -> 营阴外泄 (related) | removed_horizontal=2
[edge] 阴阳气血 -> 羊肉 (related) | removed_horizontal=2
[edge] 气虚证 -> 风邪易侵 (example-of) | removed_horizontal=2
[edge] 阴阳气血 -> 蟹 (related) | removed_horizontal=2
[edge] 阴阳气血 -> 虾 (related) | removed_horizontal=2
[edge] 阴阳气血 -> 辛辣煎炸 (related) | removed_horizontal=2
[edge] 阴阳气血 -> 辨证进食 (applies-to) | removed_horizontal=2
[edge] 虚 -> 单一脉象 (related) | removed_horizontal=2
[edge] 虚 -> 三合脉 (related) | removed_horizontal=2
[edge] 阴阳气血 -> 食物属性 (related) | removed_horizontal=2
[edge] 虚 -> 弦滑数 (related) | removed_horizontal=2
[edge] 虚 -> 二合脉 (related) | removed_horizontal=2
[edge] 虚 -> 实热内结 (contrasts-with) | removed_horizontal=2
[edge] 虚 -> 数 (part-of) | removed_horizontal=2
[edge] 虚 -> 弱脉 (part-of) | removed_horizontal=2
[edge] 虚 -> 洪 (example-of) | removed_horizontal=2
[edge] 虚 -> 症真脉假 (related) | removed_horizontal=2
[edge] 虚 -> 热闭于里 (example-of) | removed_horizontal=2
[edge] 虚 -> 舍症从脉 (related) | removed_horizontal=2
[edge] 虚 -> 脉真症假 (related) | removed_horizontal=2
[edge] 虚 -> 舍脉从症 (related) | removed_horizontal=2
[edge] 虚 -> 细 (part-of) | removed_horizontal=2
[edge] 虚 -> 顺 (related) | removed_horizontal=2
[edge] 虚 -> 迟 (related) | removed_horizontal=2
[edge] 里热 -> 内伤阴虚发热 (contrasts-with) | removed_horizontal=2
[edge] 虚 -> 逆 (related) | removed_horizontal=2
[edge] 里热 -> 小儿掌心发热 (related) | removed_horizontal=2
[edge] 里热 -> 手足俱热 (applies-to) | removed_horizontal=2
[edge] 里热 -> 手足俱冷 (contrasts-with) | removed_horizontal=2
[edge] 里热 -> 热厥证 (example-of) | removed_horizontal=2
[edge] 里热 -> 麻疹患儿中指尖独冷 (related) | removed_horizontal=2
[edge] 里热 -> 手掌冷热 (applies-to) | removed_horizontal=2
[edge] 洪脉 -> 气盛血涌 (related) | removed_horizontal=2
[edge] 里热 -> 外感发热 (related) | removed_horizontal=2
[edge] 洪脉 -> 脉体宽大有力 (part-of) | removed_horizontal=2
[edge] 呼吸喘促 -> 大咯血 (related) | removed_horizontal=2
[edge] 里热 -> 壮热而指尖冷 (example-of) | removed_horizontal=2
[edge] 呼吸喘促 -> 水臌病 (related) | removed_horizontal=2
[edge] 呼吸喘促 -> 二便不利 (related) | removed_horizontal=2
[edge] 气虚症状 -> 饭后腹胀加重 (example-of) | removed_horizontal=2
[edge] 气虚症状 -> 伤脾耗气 (related) | removed_horizontal=2
[edge] 呼吸喘促 -> 治本 (applies-to) | removed_horizontal=2
[edge] 气虚症状 -> 气虚推动无力 (part-of) | removed_horizontal=2
[edge] 呼吸喘促 -> 逐水通便 (applies-to) | removed_horizontal=2
[edge] 气虚症状 -> 运化失常 (part-of) | removed_horizontal=2
[edge] 浮肿 -> 年高命火衰 (related) | removed_horizontal=2
[edge] 浮肿 -> 心悸气短 (related) | removed_horizontal=2
[edge] 浮肿 -> 舌淡胖苔白滑 (related) | removed_horizontal=2
[edge] 浮肿 -> 咳喘痰鸣 (related) | removed_horizontal=2
[edge] 心阳虚证 -> 宗气外泄 (related) | removed_horizontal=2
[edge] 心阳虚证 -> 冷汗肢厥 (example-of) | removed_horizontal=2
[edge] 心阳虚证 -> 亡阳症状 (part-of) | removed_horizontal=2
[edge] 虚热内生 -> 不能下润肠道 (related) | removed_horizontal=2
[edge] 浮肿 -> 水逆犯肺 (related) | removed_horizontal=2
[edge] 心阳虚证 -> 寒邪暴伤心阳 (related) | removed_horizontal=2
[edge] 虚热内生 -> 劫伤胃阴 (related) | removed_horizontal=2
[edge] 虚热内生 -> 温热病后期 (related) | removed_horizontal=2
[edge] 虚热内生 -> 纳化失权 (related) | removed_horizontal=2
[edge] 虚热内生 -> 过食辛辣温燥之品 (related) | removed_horizontal=2
[edge] 虚热内生 -> 胃气失于和降 (related) | removed_horizontal=2
[edge] 虚热内生 -> 胃失濡润与和降 (related) | removed_horizontal=2
[edge] 虚热内生 -> 耗伤胃阴 (related) | removed_horizontal=2
[edge] 虚热内生 -> 脘痞不舒 (related) | removed_horizontal=2
[edge] 虚热内生 -> 胃脘隐隐灼痛 (example-of) | removed_horizontal=2
[edge] 虚热内生 -> 干呕呃逆 (related) | removed_horizontal=2
[edge] 虚热内生 -> 阴液不能上承 (related) | removed_horizontal=2
[edge] 虚热内生 -> 阴虚表现 (example-of) | removed_horizontal=2
[edge] 虚热内生 -> 阴虚内热之征 (related) | removed_horizontal=2
[edge] 胃火炽盛证 -> 消谷善饥 (example-of) | removed_horizontal=2
[edge] 胃火炽盛证 -> 齿衄 (example-of) | removed_horizontal=2
[edge] 胃火炽盛证 -> 气郁化火犯胃 (related) | removed_horizontal=2
[edge] 胃火炽盛证 -> 胃脘灼痛 (example-of) | removed_horizontal=2
[edge] 胃火炽盛证 -> 牙龈肿痛 (example-of) | removed_horizontal=2
[edge] 胃火炽盛证 -> 过食辛辣温燥 (prerequisite) | removed_horizontal=2
[edge] 胃火炽盛证 -> 胃腑络脉气血壅滞 (part-of) | removed_horizontal=2
[edge] 六经病证 -> 太阴少阴并病 (example-of) | removed_horizontal=2
[edge] 卫气营血 -> 气血两燔 (part-of) | removed_horizontal=2
[edge] 卫气营血 -> 卫分 (part-of) | removed_horizontal=2
[edge] 虚实错杂证 -> 瘀血所致崩漏 (related) | removed_horizontal=2
[edge] 虚实错杂证 -> 驱虫消积祛邪 (related) | removed_horizontal=2
[edge] 卫气营血 -> 营分 (part-of) | removed_horizontal=2
[edge] 虚实错杂证 -> 先祛邪后扶正 (applies-to) | removed_horizontal=2
[edge] 娱乐活动 -> 书画 (example-of) | removed_horizontal=2
[edge] 娱乐活动 -> 歌咏 (example-of) | removed_horizontal=2
[edge] 娱乐活动 -> 手指屈伸不利 (applies-to) | removed_horizontal=2
[edge] 虚实错杂证 -> 先扶正后祛邪 (example-of) | removed_horizontal=2
[edge] 虚实错杂证 -> 活血化瘀祛邪 (applies-to) | removed_horizontal=2
[edge] 自然环境 -> 泉水疗法 (example-of) | removed_horizontal=2
[edge] 娱乐活动 -> 琴棋 (example-of) | removed_horizontal=2
[edge] 娱乐活动 -> 痹证 (related) | removed_horizontal=2
[edge] 娱乐活动 -> 精神调节 (applies-to) | removed_horizontal=2
[edge] 自然环境 -> 泥土 (part-of) | removed_horizontal=2
[edge] 自然环境 -> 泥土疗法 (applies-to) | removed_horizontal=2
[edge] 自然环境 -> 热砂 (example-of) | removed_horizontal=2
[edge] 运动康复法 -> 新冠肺炎 (applies-to) | removed_horizontal=2
[edge] 自然环境 -> 热砂疗法 (example-of) | removed_horizontal=2
[edge] 中医学理论体系 -> 病愈佳兆 (related) | removed_horizontal=0
[edge] 中医学理论体系 -> 肺气上冲 (related) | removed_horizontal=0
[edge] 中医学理论体系 -> 外邪郁滞肌表 (related) | removed_horizontal=0
[edge] 中医学理论体系 -> 喷嚏 (related) | removed_horizontal=0
[edge] 中医学理论体系 -> 正气驱邪外出 (related) | removed_horizontal=0
完成，共处理 5609 个实体。输出文件：D:\tree-KG\TreeKG-main\src\output\02_hidden_kg\aggr_entities.json
Aggr log: D:\tree-KG\TreeKG-main\src\output\02_hidden_kg\logs\aggr.log
