Aggr started. input=D:\tree-KG\TreeKG-main\src\output\中医文化学\02_hidden_kg\conv_entities.json, output=D:\tree-KG\TreeKG-main\src\output\中医文化学\02_hidden_kg\aggr_entities.json, log=D:\tree-KG\TreeKG-main\src\output\中医文化学\02_hidden_kg\logs\aggr.log
===== [Stage 1] 角色判定（并发=10）=====
[role] 广义文化 -> core | ok=True attempts=1 fallback=False
[role] 知识 -> core | ok=True attempts=1 fallback=False
[role] 狭义文化 -> core | ok=True attempts=1 fallback=False
[role] 道德 -> core | ok=True attempts=1 fallback=False
[role] 信仰 -> core | ok=True attempts=1 fallback=False
[role] 艺术 -> core | ok=True attempts=1 fallback=False
[role] 《原始文化》 -> core | ok=True attempts=1 fallback=False
[role] 物质财富 -> core | ok=True attempts=1 fallback=False
[role] 精神财富 -> core | ok=True attempts=1 fallback=False
[role] 《哲学百科全书》 -> core | ok=True attempts=1 fallback=False
[role] 化 -> non-core | ok=True attempts=1 fallback=False
[role] 能力 -> core | ok=True attempts=1 fallback=False
[role] 文 -> non-core | ok=True attempts=1 fallback=False
[role] culture -> core | ok=True attempts=1 fallback=False
[role] 静态文化 -> core | ok=True attempts=1 fallback=False
[role] cultrua -> core | ok=True attempts=1 fallback=False
[role] 动态文化 -> core | ok=True attempts=1 fallback=False
[role] 法律 -> core | ok=True attempts=1 fallback=False
[role] 精神文化 -> core | ok=True attempts=1 fallback=False
[role] 二分法 -> core | ok=True attempts=1 fallback=False
[role] 物质文化 -> core | ok=True attempts=1 fallback=False
[role] 习惯 -> core | ok=True attempts=1 fallback=False
[role] 文化层次分类 -> core | ok=True attempts=1 fallback=False
[role] 习俗 -> core | ok=True attempts=1 fallback=False
[role] 六分法 -> core | ok=True attempts=1 fallback=False
[role] 思维方式 -> core | ok=True attempts=1 fallback=False
[role] 行为文化 -> core | ok=True attempts=1 fallback=False
[role] 审美情趣 -> core | ok=True attempts=1 fallback=False
[role] 四分法 -> core | ok=True attempts=1 fallback=False
[role] 价值观念 -> core | ok=True attempts=1 fallback=False
[role] 规章制度 -> core | ok=True attempts=1 fallback=False
[role] 三分法 -> core | ok=True attempts=1 fallback=False
[role] 宗教信仰 -> core | ok=True attempts=1 fallback=False
[role] 制度文化 -> core | ok=True attempts=1 fallback=False
[role] 意识形态 -> core | ok=True attempts=1 fallback=False
[role] 组织形式 -> core | ok=True attempts=1 fallback=False
[role] 教育制度 -> core | ok=True attempts=1 fallback=False
[role] 医疗文化 -> core | ok=True attempts=1 fallback=False
[role] 法律制度 -> core | ok=True attempts=1 fallback=False
[role] 政治制度 -> core | ok=True attempts=1 fallback=False
[role] 工具 -> core | ok=True attempts=1 fallback=False
[role] 教育文化 -> core | ok=True attempts=1 fallback=False
[role] 著述文化 -> core | ok=True attempts=1 fallback=False
[role] 服饰 -> non-core | ok=True attempts=1 fallback=False
[role] 行为规范 -> core | ok=True attempts=1 fallback=False
[role] 传播文化 -> non-core | ok=True attempts=1 fallback=False
[role] 文化的结构层次 -> core | ok=True attempts=1 fallback=False
[role] 山顶洞人 -> non-core | ok=True attempts=1 fallback=False
[role] 形而下者谓之器 -> non-core | ok=True attempts=1 fallback=False
[role] 红色铁矿粉粒 -> non-core | ok=True attempts=1 fallback=False
[role] 文物 -> core | ok=True attempts=1 fallback=False
[role] 形而上者谓之道 -> core | ok=True attempts=1 fallback=False
[role] 中国传统文化 -> core | ok=True attempts=1 fallback=False
[role] 建筑物 -> core | ok=True attempts=1 fallback=False
[role] 道学文化 -> core | ok=True attempts=1 fallback=False
[role] 阴阳五行文化 -> core | ok=True attempts=1 fallback=False
[role] 佛学 -> core | ok=True attempts=1 fallback=False
[role] 易学文化 -> core | ok=True attempts=1 fallback=False
[role] 民族文化 -> core | ok=True attempts=1 fallback=False
[role] 地域文化 -> core | ok=True attempts=1 fallback=False
[role] 中医养生文化 -> core | ok=True attempts=1 fallback=False
[role] 中医文化 -> core | ok=True attempts=1 fallback=False
[role] 儒学文化 -> core | ok=True attempts=1 fallback=False
[role] 文化传播 -> core | ok=True attempts=1 fallback=False
[role] 中国本土佛教 -> core | ok=True attempts=1 fallback=False
[role] 本体论 -> core | ok=True attempts=1 fallback=False
[role] 方法论 -> core | ok=True attempts=1 fallback=False
[role] 文化融合 -> core | ok=True attempts=1 fallback=False
[role] 认识论 -> core | ok=True attempts=1 fallback=False
[role] 废止中医案 -> non-core | ok=True attempts=1 fallback=False
[role] 中西医结合 -> core | ok=True attempts=1 fallback=False
[role] 西医文化 -> core | ok=True attempts=1 fallback=False
[role] 中西医汇通 -> core | ok=True attempts=1 fallback=False
[role] 广义的中医文化 -> core | ok=True attempts=1 fallback=False
[role] 思维形态 -> core | ok=True attempts=1 fallback=False
[role] 狭义的中医文化 -> core | ok=True attempts=1 fallback=False
[role] 中医科学化 -> core | ok=True attempts=1 fallback=False
[role] 典籍文献 -> core | ok=True attempts=1 fallback=False
[role] 精神文化层面 -> core | ok=True attempts=1 fallback=False
[role] 道德规范 -> core | ok=True attempts=1 fallback=False
[role] 人物历史 -> core | ok=True attempts=1 fallback=False
[role] 行为方式 -> core | ok=True attempts=1 fallback=False
[role] 中华传统文化 -> core | ok=True attempts=1 fallback=False
[role] 器物场所 -> core | ok=True attempts=1 fallback=False
[role] 传承传播 -> core | ok=True attempts=1 fallback=False
[role] 中医文化学 -> core | ok=True attempts=1 fallback=False
[role] 外来文化 -> core | ok=True attempts=1 fallback=False
[role] 王阳明 -> non-core | ok=True attempts=1 fallback=False
[role] 中医行为文化 -> core | ok=True attempts=1 fallback=False
[role] 《周易》 -> core | ok=True attempts=1 fallback=False
[role] 中医精神文化 -> core | ok=True attempts=1 fallback=False
[role] 中医制度文化 -> core | ok=True attempts=1 fallback=False
[role] 中医物质文化 -> core | ok=True attempts=1 fallback=False
[role] 医学 -> core | ok=True attempts=1 fallback=False
[role] 哲学 -> core | ok=True attempts=1 fallback=False
[role] 《黄帝内经》 -> core | ok=True attempts=1 fallback=False
[role] 典籍 -> core | ok=True attempts=1 fallback=False
[role] 地理 -> core | ok=True attempts=1 fallback=False
[role] 天文 -> core | ok=True attempts=1 fallback=False
[role] 物候 -> core | ok=True attempts=1 fallback=False
[role] 历法 -> core | ok=True attempts=1 fallback=False
[role] 农学 -> core | ok=True attempts=1 fallback=False
[role] 阴阳五行 -> core | ok=True attempts=1 fallback=False
[role] 意象思维 -> core | ok=True attempts=1 fallback=False
[role] 阴阳平衡 -> core | ok=True attempts=1 fallback=False
[role] 西医学免疫认识 -> non-core | ok=True attempts=1 fallback=False
[role] 道家学说 -> core | ok=True attempts=1 fallback=False
[role] 推拿 -> core | ok=True attempts=1 fallback=False
[role] 易 -> core | ok=True attempts=1 fallback=False
[role] 针灸 -> core | ok=True attempts=1 fallback=False
[role] 内丹术 -> core | ok=True attempts=1 fallback=False
[role] 儒 -> core | ok=True attempts=1 fallback=False
[role] 道 -> core | ok=True attempts=1 fallback=False
[role] 直觉思维 -> core | ok=True attempts=1 fallback=False
[role] 佛 -> core | ok=True attempts=1 fallback=False
[role] 天人合一 -> core | ok=True attempts=1 fallback=False
[role] 医经 -> core | ok=True attempts=1 fallback=False
[role] 环境医学 -> core | ok=True attempts=1 fallback=False
[role] 心理医学 -> core | ok=True attempts=1 fallback=False
[role] 社会医学 -> core | ok=True attempts=1 fallback=False
[role] 中医理论体系 -> core | ok=True attempts=1 fallback=False
[role] 精神医学 -> core | ok=True attempts=1 fallback=False
[role] 《汉书·艺文志》 -> core | ok=True attempts=1 fallback=False
[role] 房中 -> core | ok=True attempts=1 fallback=False
[role] 上古名医 -> non-core | ok=True attempts=1 fallback=False
[role] 神仙 -> core | ok=True attempts=1 fallback=False
[role] 经方 -> core | ok=True attempts=1 fallback=False
[role] 废止中医 -> non-core | ok=True attempts=1 fallback=False
[role] 科学化 -> non-core | ok=True attempts=1 fallback=False
[role] 广义中医文化 -> core | ok=True attempts=1 fallback=False
[role] 中医文化学科 -> core | ok=True attempts=1 fallback=False
[role] 西医标准 -> core | ok=True attempts=1 fallback=False
[role] 西学东渐 -> core | ok=True attempts=1 fallback=False
[role] 中医学 -> core | ok=True attempts=1 fallback=False
[role] 科学语言 -> non-core | ok=True attempts=1 fallback=False
[role] 治病方法 -> core | ok=True attempts=1 fallback=False
[role] 理论体系 -> core | ok=True attempts=1 fallback=False
[role] 文化体系 -> core | ok=True attempts=1 fallback=False
[role] 比喻 -> core | ok=True attempts=1 fallback=False
[role] 灵魂观念 -> core | ok=True attempts=1 fallback=False
[role] 鬼神观念 -> core | ok=True attempts=1 fallback=False
[role] 图腾崇拜 -> non-core | ok=True attempts=1 fallback=False
[role] 万物有灵论 -> core | ok=True attempts=1 fallback=False
[role] 鸟图腾 -> non-core | ok=True attempts=1 fallback=False
[role] 自然崇拜 -> core | ok=True attempts=1 fallback=False
[role] 青龙 -> non-core | ok=True attempts=1 fallback=False
[role] 仰韶文化 -> core | ok=True attempts=1 fallback=False
[role] 白虎 -> non-core | ok=True attempts=1 fallback=False
[role] 《伤寒论》 -> core | ok=True attempts=1 fallback=False
[role] 母系氏族社会 -> core | ok=True attempts=1 fallback=False
[role] 星宿 -> non-core | ok=True attempts=1 fallback=False
[role] 人面鱼纹 -> non-core | ok=True attempts=1 fallback=False
[role] 山东汉画像石 -> non-core | ok=True attempts=1 fallback=False
[role] 祖先崇拜 -> core | ok=True attempts=1 fallback=False
[role] 蛙纹 -> non-core | ok=True attempts=1 fallback=False
[role] 父系氏族时期 -> core | ok=True attempts=1 fallback=False
[role] 周公旦 -> non-core | ok=True attempts=1 fallback=False
[role] 甲骨卜辞 -> core | ok=True attempts=1 fallback=False
[role] 巫术思维 -> core | ok=True attempts=1 fallback=False
[role] 《尚书·金滕篇》 -> core | ok=True attempts=1 fallback=False
[role] 巫法巫技 -> core | ok=True attempts=1 fallback=False
[role] 商周时期 -> core | ok=True attempts=1 fallback=False
[role] 巫术心理 -> core | ok=True attempts=1 fallback=False
[role] 巫术 -> core | ok=True attempts=1 fallback=False
[role] 祈禳术 -> core | ok=True attempts=1 fallback=False
[role] 祝禁术 -> non-core | ok=True attempts=1 fallback=False
[role] 顺势巫术 -> core | ok=True attempts=1 fallback=False
[role] 交感巫术 -> core | ok=True attempts=1 fallback=False
[role] 消极巫术 -> core | ok=True attempts=1 fallback=False
[role] 接触巫术 -> core | ok=True attempts=1 fallback=False
[role] 积极巫术 -> core | ok=True attempts=1 fallback=False
[role] 相似律 -> core | ok=True attempts=1 fallback=False
[role] 接触律 -> core | ok=True attempts=1 fallback=False
[role] 同气相求 -> core | ok=True attempts=1 fallback=False
[role] 交感 -> core | ok=True attempts=1 fallback=False
[role] 禳除巫术 -> non-core | ok=True attempts=1 fallback=False
[role] 崇拜 -> non-core | ok=True attempts=1 fallback=False
[role] 黑巫术 -> core | ok=True attempts=1 fallback=False
[role] 白巫术 -> core | ok=True attempts=1 fallback=False
[role] 解除 -> non-core | ok=True attempts=1 fallback=False
[role] 禁忌 -> non-core | ok=True attempts=1 fallback=False
[role] 占卜 -> core | ok=True attempts=1 fallback=False
[role] 星占 -> core | ok=True attempts=1 fallback=False
[role] 祭祀 -> core | ok=True attempts=1 fallback=False
[role] 巫祝 -> non-core | ok=True attempts=1 fallback=False
[role] 梦占 -> core | ok=True attempts=1 fallback=False
[role] 驱傩逐疫仪式 -> core | ok=True attempts=1 fallback=False
[role] 禳除 -> non-core | ok=True attempts=1 fallback=False
[role] 出血恐惧 -> non-core | ok=True attempts=1 fallback=False
[role] 巫蛊 -> core | ok=True attempts=1 fallback=False
[role] 大傩 -> core | ok=True attempts=1 fallback=False
[role] 禁忌心理 -> core | ok=True attempts=1 fallback=False
[role] 诅咒 -> core | ok=True attempts=1 fallback=False
[role] 天子傩 -> core | ok=True attempts=1 fallback=False
[role] 国傩 -> core | ok=True attempts=1 fallback=False
[role] 方相氏 -> non-core | ok=True attempts=1 fallback=False
[role] 祓除熏浴 -> non-core | ok=True attempts=1 fallback=False
[role] 女巫 -> core | ok=True attempts=1 fallback=False
[role] 神鬼致病说 -> core | ok=True attempts=1 fallback=False
[role] 厌胜 -> non-core | ok=True attempts=1 fallback=False
[role] 巫文化 -> core | ok=True attempts=1 fallback=False
[role] 风邪致病说 -> core | ok=True attempts=1 fallback=False
[role] 岁时祓除制度 -> core | ok=True attempts=1 fallback=False
[role] 风神 -> non-core | ok=True attempts=1 fallback=False
[role] 阴阳 -> core | ok=True attempts=1 fallback=False
[role] 风为百病之长 -> core | ok=True attempts=1 fallback=False
[role] 阳爻 -> core | ok=True attempts=1 fallback=False
[role] 卜筮 -> core | ok=True attempts=1 fallback=False
[role] 五季 -> non-core | ok=True attempts=1 fallback=False
[role] 血气 -> non-core | ok=True attempts=1 fallback=False
[role] 阴爻 -> core | ok=True attempts=1 fallback=False
[role] 气理论 -> core | ok=True attempts=1 fallback=False
[role] 五脏 -> core | ok=True attempts=1 fallback=False
[role] 五味 -> core | ok=True attempts=1 fallback=False
[role] 烟气 -> non-core | ok=True attempts=1 fallback=False
[role] 取象比类 -> core | ok=True attempts=1 fallback=False
[role] 人有五脏化五气 -> core | ok=True attempts=1 fallback=False
[role] 导引调息 -> non-core | ok=True attempts=1 fallback=False
[role] 五行 -> core | ok=True attempts=1 fallback=False
[role] 天有五行御五位 -> core | ok=True attempts=1 fallback=False
[role] 药类法象 -> core | ok=True attempts=1 fallback=False
[role] 小疒臣 -> non-core | ok=True attempts=1 fallback=False
[role] 巫医 -> core | ok=True attempts=1 fallback=False
[role] 六巫 -> non-core | ok=True attempts=1 fallback=False
[role] 不死之药 -> non-core | ok=True attempts=1 fallback=False
[role] 巫咸 -> non-core | ok=True attempts=1 fallback=False
[role] 扁鹊 -> non-core | ok=True attempts=1 fallback=False
[role] 毉 -> non-core | ok=True attempts=1 fallback=False
[role] 《山海经》 -> core | ok=True attempts=1 fallback=False
[role] 汉画像石 -> non-core | ok=True attempts=1 fallback=False
[role] 鸟医 -> non-core | ok=True attempts=1 fallback=False
[role] 针砭 -> non-core | ok=True attempts=1 fallback=False
[role] 换心术 -> non-core | ok=True attempts=1 fallback=False
[role] 东夷鸟图腾文化 -> core | ok=True attempts=1 fallback=False
[role] 北方巫医 -> non-core | ok=True attempts=1 fallback=False
[role] 《列子·汤问》 -> core | ok=True attempts=1 fallback=False
[role] 南方巫医 -> non-core | ok=True attempts=1 fallback=False
[role] 范行准 -> non-core | ok=True attempts=1 fallback=False
[role] 长江流域 -> non-core | ok=True attempts=1 fallback=False
[role] 《周礼》 -> core | ok=True attempts=1 fallback=False
[role] 天官冢宰 -> non-core | ok=True attempts=1 fallback=False
[role] 疾医 -> core | ok=True attempts=1 fallback=False
[role] 春官宗伯 -> core | ok=True attempts=1 fallback=False
[role] 疡医 -> non-core | ok=True attempts=1 fallback=False
[role] 食医 -> core | ok=True attempts=1 fallback=False
[role] 兽医 -> core | ok=True attempts=1 fallback=False
[role] 砭石 -> core | ok=True attempts=1 fallback=False
[role] 斋戒 -> non-core | ok=True attempts=1 fallback=False
[role] 占梦 -> non-core | ok=True attempts=1 fallback=False
[role] 望诊 -> core | ok=True attempts=1 fallback=False
[role] 气功 -> core | ok=True attempts=1 fallback=False
[role] 殷 -> non-core | ok=True attempts=1 fallback=False
[role] 祝法 -> core | ok=True attempts=1 fallback=False
[role] 艾灸 -> core | ok=True attempts=1 fallback=False
[role] 五十二病方 -> core | ok=True attempts=1 fallback=False
[role] 苗父 -> non-core | ok=True attempts=1 fallback=False
[role] 相法 -> non-core | ok=True attempts=1 fallback=False
[role] 素问 -> core | ok=True attempts=1 fallback=False
[role] 禹步 -> non-core | ok=True attempts=1 fallback=False
[role] 黄帝内经 -> core | ok=True attempts=1 fallback=False
[role] 阴阳二十五人 -> core | ok=True attempts=1 fallback=False
[role] 药物学知识 -> core | ok=True attempts=1 fallback=False
[role] 山海经 -> core | ok=True attempts=1 fallback=False
[role] 九尾狐 -> non-core | ok=True attempts=1 fallback=False
[role] 青耕鸟 -> non-core | ok=True attempts=1 fallback=False
[role] 动植物药 -> core | ok=True attempts=1 fallback=False
[role] 周礼 -> non-core | ok=True attempts=1 fallback=False
[role] 逸周书 -> core | ok=True attempts=1 fallback=False
[role] 香草 -> non-core | ok=True attempts=1 fallback=False
[role] 矿物药 -> core | ok=True attempts=1 fallback=False
[role] 巫药 -> core | ok=True attempts=1 fallback=False
[role] 治蛊药 -> non-core | ok=True attempts=1 fallback=False
[role] 蝙蝠 -> non-core | ok=True attempts=1 fallback=False
[role] 杀蛊毒 -> non-core | ok=True attempts=1 fallback=False
[role] 神农本草经 -> core | ok=True attempts=1 fallback=False
[role] 桃符 -> non-core | ok=True attempts=1 fallback=False
[role] 汤液 -> non-core | ok=True attempts=1 fallback=False
[role] 醫 -> non-core | ok=True attempts=1 fallback=False
[role] 酒 -> non-core | ok=True attempts=1 fallback=False
[role] 庄子 -> core | ok=True attempts=1 fallback=False
[role] 辟毒疫温鬼 -> non-core | ok=True attempts=1 fallback=False
[role] 楚辞 -> core | ok=True attempts=1 fallback=False
[role] 老子 -> core | ok=True attempts=1 fallback=False
[role] 艾草 -> non-core | ok=True attempts=1 fallback=False
[role] 温灸 -> core | ok=True attempts=1 fallback=False
[role] 养生方法 -> core | ok=True attempts=1 fallback=False
[role] 地理环境 -> core | ok=True attempts=1 fallback=False
[role] 方士 -> non-core | ok=True attempts=1 fallback=False
[role] 欧亚大陆 -> non-core | ok=True attempts=1 fallback=False
[role] 方术文化 -> core | ok=True attempts=1 fallback=False
[role] 生产力 -> core | ok=True attempts=1 fallback=False
[role] 经济关系 -> core | ok=True attempts=1 fallback=False
[role] 太平洋 -> non-core | ok=True attempts=1 fallback=False
[role] 道教 -> core | ok=True attempts=1 fallback=False
[role] 海洋湿润气流 -> non-core | ok=True attempts=1 fallback=False
[role] 长江 -> non-core | ok=True attempts=1 fallback=False
[role] 三级阶梯 -> non-core | ok=True attempts=1 fallback=False
[role] 内陆区域 -> core | ok=True attempts=1 fallback=False
[role] 社会关系 -> core | ok=True attempts=1 fallback=False
[role] 黄河 -> non-core | ok=True attempts=1 fallback=False
[role] 亚热带 -> core | ok=True attempts=1 fallback=False
[role] 农业灌溉 -> core | ok=True attempts=1 fallback=False
[role] 东南季风气候 -> non-core | ok=True attempts=1 fallback=False
[role] 半坡遗址 -> non-core | ok=True attempts=1 fallback=False
[role] 母系氏族 -> core | ok=True attempts=1 fallback=False
[role] 农耕经济 -> core | ok=True attempts=1 fallback=False
[role] 耒 -> non-core | ok=True attempts=1 fallback=False
[role] 新石器时代 -> core | ok=True attempts=1 fallback=False
[role] 中温带 -> core | ok=True attempts=1 fallback=False
[role] 农耕文明 -> core | ok=True attempts=1 fallback=False
[role] 暖温带 -> core | ok=True attempts=1 fallback=False
[role] 粟 -> non-core | ok=True attempts=1 fallback=False
[role] 河姆渡遗址 -> non-core | ok=True attempts=1 fallback=False
[role] 耜 -> non-core | ok=True attempts=1 fallback=False
[role] 耒耜 -> non-core | ok=True attempts=1 fallback=False
[role] 精耕细作 -> core | ok=True attempts=1 fallback=False
[role] 传统农业 -> core | ok=True attempts=1 fallback=False
[role] 稻谷 -> non-core | ok=True attempts=1 fallback=False
[role] 应时 -> core | ok=True attempts=1 fallback=False
[role] 农耕文化 -> core | ok=True attempts=1 fallback=False
[role] 神农氏 -> non-core | ok=True attempts=1 fallback=False
[role] 天、地、人三才观 -> core | ok=True attempts=1 fallback=False
[role] 守则 -> core | ok=True attempts=1 fallback=False
[role] 取宜 -> core | ok=True attempts=1 fallback=False
[role] 神形兼备 -> non-core | ok=True attempts=1 fallback=False
[role] 和谐 -> core | ok=True attempts=1 fallback=False
[role] 天、地、人 -> core | ok=True attempts=1 fallback=False
[role] 天 -> core | ok=True attempts=1 fallback=False
[role] 气 -> core | ok=True attempts=1 fallback=False
[role] 经络 -> core | ok=True attempts=1 fallback=False
[role] 巫 -> core | ok=True attempts=1 fallback=False
[role] 脉象 -> core | ok=True attempts=1 fallback=False
[role] 因时制宜 -> core | ok=True attempts=1 fallback=False
[role] 失精 -> non-core | ok=True attempts=1 fallback=False
[role] 脱营 -> non-core | ok=True attempts=1 fallback=False
[role] 整体思维 -> core | ok=True attempts=1 fallback=False
[role] 因地制宜 -> core | ok=True attempts=1 fallback=False
[role] 因人制宜 -> core | ok=True attempts=1 fallback=False
[role] 四时 -> core | ok=True attempts=1 fallback=False
[role] 毒药 -> non-core | ok=True attempts=1 fallback=False
[role] 辨证论治 -> core | ok=True attempts=1 fallback=False
[role] 形气有余不足 -> non-core | ok=True attempts=1 fallback=False
[role] 导引按蹻 -> core | ok=True attempts=1 fallback=False
[role] 九针 -> non-core | ok=True attempts=1 fallback=False
[role] 风寒暑湿燥火 -> core | ok=True attempts=1 fallback=False
[role] 三因制宜 -> core | ok=True attempts=1 fallback=False
[role] 灸焫 -> non-core | ok=True attempts=1 fallback=False
[role] 阴阳五行学说 -> core | ok=True attempts=1 fallback=False
[role] 阴阳五态 -> core | ok=True attempts=1 fallback=False
[role] 土 -> core | ok=True attempts=1 fallback=False
[role] 木 -> core | ok=True attempts=1 fallback=False
[role] 火 -> core | ok=True attempts=1 fallback=False
[role] 金 -> core | ok=True attempts=1 fallback=False
[role] 水 -> core | ok=True attempts=1 fallback=False
[role] 春生 -> core | ok=True attempts=1 fallback=False
[role] 冬藏 -> core | ok=True attempts=1 fallback=False
[role] 衰其大半而止 -> non-core | ok=True attempts=1 fallback=False
[role] 秋收 -> core | ok=True attempts=1 fallback=False
[role] 《尚书·洪范》 -> core | ok=True attempts=1 fallback=False
[role] 夏长 -> core | ok=True attempts=1 fallback=False
[role] 曲直 -> core | ok=True attempts=1 fallback=False
[role] 润下 -> core | ok=True attempts=1 fallback=False
[role] 炎上 -> core | ok=True attempts=1 fallback=False
[role] 阳化气 -> core | ok=True attempts=1 fallback=False
[role] 阴成形 -> core | ok=True attempts=1 fallback=False
[role] 稼穑 -> core | ok=True attempts=1 fallback=False
[role] 从革 -> core | ok=True attempts=1 fallback=False
[role] 阴胜则阳病 -> core | ok=True attempts=1 fallback=False
[role] 生克制化 -> core | ok=True attempts=1 fallback=False
[role] 神农尝百草 -> non-core | ok=True attempts=1 fallback=False
[role] 五药 -> core | ok=True attempts=1 fallback=False
[role] 药食同源 -> core | ok=True attempts=1 fallback=False
[role] 紫苏 -> non-core | ok=True attempts=1 fallback=False
[role] 草 -> core | ok=True attempts=1 fallback=False
[role] 谷 -> core | ok=True attempts=1 fallback=False
[role] 诗经 -> core | ok=True attempts=1 fallback=False
[role] 虫 -> core | ok=True attempts=1 fallback=False
[role] 枸杞 -> non-core | ok=True attempts=1 fallback=False
[role] 石 -> core | ok=True attempts=1 fallback=False
[role] 米谷 -> non-core | ok=True attempts=1 fallback=False
[role] 草木 -> non-core | ok=True attempts=1 fallback=False
[role] 苦入心 -> non-core | ok=True attempts=1 fallback=False
[role] 酸入肝 -> core | ok=True attempts=1 fallback=False
[role] 玉石 -> core | ok=True attempts=1 fallback=False
[role] 果菜 -> core | ok=True attempts=1 fallback=False
[role] 陶器 -> core | ok=True attempts=1 fallback=False
[role] 五味理论 -> core | ok=True attempts=1 fallback=False
[role] 虫兽 -> core | ok=True attempts=1 fallback=False
[role] 谷物加工工具 -> core | ok=True attempts=1 fallback=False
[role] 炮 -> core | ok=True attempts=1 fallback=False
[role] 列宁 -> non-core | ok=True attempts=1 fallback=False
[role] 煮 -> core | ok=True attempts=1 fallback=False
[role] 炙 -> core | ok=True attempts=1 fallback=False
[role] 蒸 -> core | ok=True attempts=1 fallback=False
[role] 欧亚大陆东部 -> non-core | ok=True attempts=1 fallback=False
[role] 石锄 -> non-core | ok=True attempts=1 fallback=False
[role] 中药炮制学 -> core | ok=True attempts=1 fallback=False
[role] 汤液剂型 -> core | ok=True attempts=1 fallback=False
[role] 太平洋西部 -> non-core | ok=True attempts=1 fallback=False
[role] 菜籽 -> non-core | ok=True attempts=1 fallback=False
[role] 锄 -> non-core | ok=True attempts=1 fallback=False
[role] 礼制思想 -> core | ok=True attempts=1 fallback=False
[role] 哲学之气 -> core | ok=True attempts=1 fallback=False
[role] 形体 -> core | ok=True attempts=1 fallback=False
[role] 六腑 -> core | ok=True attempts=1 fallback=False
[role] 春日浮脉 -> non-core | ok=True attempts=1 fallback=False
[role] 三才观 -> core | ok=True attempts=1 fallback=False
[role] 夏时痒疥 -> non-core | ok=True attempts=1 fallback=False
[role] 石铲 -> non-core | ok=True attempts=1 fallback=False
[role] 五官 -> core | ok=True attempts=1 fallback=False
[role] 自然之气 -> core | ok=True attempts=1 fallback=False
[role] 年长求腑 -> non-core | ok=True attempts=1 fallback=False
[role] 年壮求脏 -> non-core | ok=True attempts=1 fallback=False
[role] 年少求经 -> non-core | ok=True attempts=1 fallback=False
[role] 盛则泻之，虚则补之 -> core | ok=True attempts=1 fallback=False
[role] 发表不远热，攻里不远寒 -> core | ok=True attempts=1 fallback=False
[role] 日月寒暑 -> non-core | ok=True attempts=1 fallback=False
[role] 五态 -> core | ok=True attempts=1 fallback=False
[role] 四时气候 -> core | ok=True attempts=1 fallback=False
[role] 春夏生长 -> non-core | ok=True attempts=1 fallback=False
[role] 生长收藏 -> core | ok=True attempts=1 fallback=False
[role] 秋冬收藏 -> core | ok=True attempts=1 fallback=False
[role] 水的润下 -> core | ok=True attempts=1 fallback=False
[role] 火的炎上 -> core | ok=True attempts=1 fallback=False
[role] 《管子》 -> core | ok=True attempts=1 fallback=False
[role] 木的曲直 -> core | ok=True attempts=1 fallback=False
[role] 阳胜则阴病 -> core | ok=True attempts=1 fallback=False
[role] 土的稼穑 -> core | ok=True attempts=1 fallback=False
[role] 《尚书》 -> core | ok=True attempts=1 fallback=False
[role] 金的从革 -> core | ok=True attempts=1 fallback=False
[role] 五谷 -> core | ok=True attempts=1 fallback=False
[role] 饮食五味 -> core | ok=True attempts=1 fallback=False
[role] 《诗经》 -> core | ok=True attempts=1 fallback=False
[role] 五味禁忌 -> non-core | ok=True attempts=1 fallback=False
[role] 五药分类 -> core | ok=True attempts=1 fallback=False
[role] 《汤液本草》 -> core | ok=True attempts=1 fallback=False
[role] 井 -> non-core | ok=True attempts=1 fallback=False
[role] 《神农本草经》 -> core | ok=True attempts=1 fallback=False
[role] 药物五味理论 -> core | ok=True attempts=1 fallback=False
[role] 药物炮制方法 -> core | ok=True attempts=1 fallback=False
[role] 八不食 -> non-core | ok=True attempts=1 fallback=False
[role] 饮食调护 -> core | ok=True attempts=1 fallback=False
[role] 合理饮食结构 -> core | ok=True attempts=1 fallback=False
[role] 《灵枢》 -> core | ok=True attempts=1 fallback=False
[role] 地 -> core | ok=True attempts=1 fallback=False
[role] 中药炮制 -> core | ok=True attempts=1 fallback=False
[role] 四时宜忌 -> core | ok=True attempts=1 fallback=False
[role] 人 -> core | ok=True attempts=1 fallback=False
[role] 节制 -> non-core | ok=True attempts=1 fallback=False
[role] 井栏 -> non-core | ok=True attempts=1 fallback=False
[role] 清淤 -> non-core | ok=True attempts=1 fallback=False
[role] 《素问》 -> core | ok=True attempts=1 fallback=False
[role] 肥肉厚酒 -> non-core | ok=True attempts=1 fallback=False
[role] 过嗜厚味 -> non-core | ok=True attempts=1 fallback=False
[role] 烂肠之食 -> non-core | ok=True attempts=1 fallback=False
[role] 饮食不节 -> core | ok=True attempts=1 fallback=False
[role] 宇 -> core | ok=True attempts=1 fallback=False
[role] 凌人 -> non-core | ok=True attempts=1 fallback=False
[role] 宇宙 -> core | ok=True attempts=1 fallback=False
[role] 久 -> core | ok=True attempts=1 fallback=False
[role] 两仪 -> core | ok=True attempts=1 fallback=False
[role] 太极 -> core | ok=True attempts=1 fallback=False
[role] 四象 -> core | ok=True attempts=1 fallback=False
[role] 四方上下曰宇，往古来今曰宙 -> core | ok=True attempts=1 fallback=False
[role] 太初 -> core | ok=True attempts=1 fallback=False
[role] 太易 -> core | ok=True attempts=1 fallback=False
[role] 八卦 -> core | ok=True attempts=1 fallback=False
[role] 太始 -> core | ok=True attempts=1 fallback=False
[role] 太虚 -> core | ok=True attempts=1 fallback=False
[role] 人法地，地法天，天法道，道法自然 -> core | ok=True attempts=1 fallback=False
[role] 太素 -> core | ok=True attempts=1 fallback=False
[role] 究天人之际 -> non-core | ok=True attempts=1 fallback=False
[role] 浑天说 -> core | ok=True attempts=1 fallback=False
[role] 元气漩涡 -> core | ok=True attempts=1 fallback=False
[role] 天球说 -> core | ok=True attempts=1 fallback=False
[role] 日月五星 -> core | ok=True attempts=1 fallback=False
[role] 天球 -> core | ok=True attempts=1 fallback=False
[role] 张衡 -> non-core | ok=True attempts=1 fallback=False
[role] 地球中心 -> non-core | ok=True attempts=1 fallback=False
[role] 鲜于妄人 -> non-core | ok=True attempts=1 fallback=False
[role] 落下闳 -> non-core | ok=True attempts=1 fallback=False
[role] 盖天说 -> core | ok=True attempts=1 fallback=False
[role] 《浑天仪注》 -> core | ok=True attempts=1 fallback=False
[role] 天体 -> non-core | ok=True attempts=1 fallback=False
[role] 鸡卵喻 -> non-core | ok=True attempts=1 fallback=False
[role] 耿中丞 -> non-core | ok=True attempts=1 fallback=False
[role] 南北极出地角度 -> non-core | ok=True attempts=1 fallback=False
[role] 《灵宪》 -> core | ok=True attempts=1 fallback=False
[role] 宇宙界限 -> non-core | ok=True attempts=1 fallback=False
[role] 浑天体 -> non-core | ok=True attempts=1 fallback=False
[role] 大地 -> non-core | ok=True attempts=1 fallback=False
[role] 天球周长 -> core | ok=True attempts=1 fallback=False
[role] 球面坐标系 -> core | ok=True attempts=1 fallback=False
[role] 地有四游 -> core | ok=True attempts=1 fallback=False
[role] 无限空间 -> core | ok=True attempts=1 fallback=False
[role] 赤道坐标系 -> core | ok=True attempts=1 fallback=False
[role] 天体视运动 -> core | ok=True attempts=1 fallback=False
[role] 宣夜说 -> core | ok=True attempts=1 fallback=False
[role] 目瞀精极 -> non-core | ok=True attempts=1 fallback=False
[role] 郄萌 -> non-core | ok=True attempts=1 fallback=False
[role] 《晋书·天文志》 -> core | ok=True attempts=1 fallback=False
[role] 顺逆 -> non-core | ok=True attempts=1 fallback=False
[role] 宇之表无极 -> non-core | ok=True attempts=1 fallback=False
[role] 进退 -> non-core | ok=True attempts=1 fallback=False
[role] 日月星体 -> core | ok=True attempts=1 fallback=False
[role] 宙之端无穷 -> non-core | ok=True attempts=1 fallback=False
[role] 轨道 -> core | ok=True attempts=1 fallback=False
[role] 速度 -> non-core | ok=True attempts=1 fallback=False
[role] 太阳黑子 -> non-core | ok=True attempts=1 fallback=False
[role] 历法学 -> core | ok=True attempts=1 fallback=False
[role] 天象观测 -> core | ok=True attempts=1 fallback=False
[role] 思辨假说 -> non-core | ok=True attempts=1 fallback=False
[role] 黑气大如钱，居日中央 -> non-core | ok=True attempts=1 fallback=False
[role] 哈雷彗星 -> non-core | ok=True attempts=1 fallback=False
[role] 汉书·五行志 -> non-core | ok=True attempts=1 fallback=False
[role] 新星 -> non-core | ok=True attempts=1 fallback=False
[role] 周易 -> core | ok=True attempts=1 fallback=False
[role] 星孛入于北斗 -> non-core | ok=True attempts=1 fallback=False
[role] 左传 -> core | ok=True attempts=1 fallback=False
[role] 日食 -> core | ok=True attempts=1 fallback=False
[role] 天体测量 -> core | ok=True attempts=1 fallback=False
[role] 超新星 -> core | ok=True attempts=1 fallback=False
[role] 月食 -> core | ok=True attempts=1 fallback=False
[role] 黄道游仪 -> non-core | ok=True attempts=1 fallback=False
[role] 测天仪 -> core | ok=True attempts=1 fallback=False
[role] 星表 -> core | ok=True attempts=1 fallback=False
[role] 子午线长度测定 -> core | ok=True attempts=1 fallback=False
[role] 恒星位移 -> non-core | ok=True attempts=1 fallback=False
[role] 浑仪 -> core | ok=True attempts=1 fallback=False
[role] 星图 -> core | ok=True attempts=1 fallback=False
[role] 简仪 -> non-core | ok=True attempts=1 fallback=False
[role] 二十八宿 -> core | ok=True attempts=1 fallback=False
[role] 东苍龙 -> core | ok=True attempts=1 fallback=False
[role] 北玄武 -> core | ok=True attempts=1 fallback=False
[role] 太微垣 -> core | ok=True attempts=1 fallback=False
[role] 七曜 -> core | ok=True attempts=1 fallback=False
[role] 南朱雀 -> core | ok=True attempts=1 fallback=False
[role] 西白虎 -> core | ok=True attempts=1 fallback=False
[role] 紫微垣 -> core | ok=True attempts=1 fallback=False
[role] 天市垣 -> core | ok=True attempts=1 fallback=False
[role] 北斗七星 -> non-core | ok=True attempts=1 fallback=False
[role] 天枢 -> non-core | ok=True attempts=1 fallback=False
[role] 三垣 -> core | ok=True attempts=1 fallback=False
[role] 北极星 -> non-core | ok=True attempts=1 fallback=False
[role] 三垣二十八宿 -> core | ok=True attempts=1 fallback=False
[role] 天璇 -> non-core | ok=True attempts=1 fallback=False
[role] 斗魁 -> non-core | ok=True attempts=1 fallback=False
[role] 摇光 -> non-core | ok=True attempts=1 fallback=False
[role] 斗柄 -> non-core | ok=True attempts=1 fallback=False
[role] 黄道带 -> core | ok=True attempts=1 fallback=False
[role] 黄道 -> core | ok=True attempts=1 fallback=False
[role] 分野 -> non-core | ok=True attempts=1 fallback=False
[role] 日月食 -> non-core | ok=True attempts=1 fallback=False
[role] 日 -> core | ok=True attempts=1 fallback=False
[role] 闰月 -> core | ok=True attempts=1 fallback=False
[role] 年 -> core | ok=True attempts=1 fallback=False
[role] 地球自转一周 -> non-core | ok=True attempts=1 fallback=False
[role] 月 -> core | ok=True attempts=1 fallback=False
[role] 节气 -> core | ok=True attempts=1 fallback=False
[role] 朔望月 -> core | ok=True attempts=1 fallback=False
[role] 五大行星 -> core | ok=True attempts=1 fallback=False
[role] 闰年 -> core | ok=True attempts=1 fallback=False
[role] 周历 -> core | ok=True attempts=1 fallback=False
[role] 阴历 -> core | ok=True attempts=1 fallback=False
[role] 阴阳合历 -> core | ok=True attempts=1 fallback=False
[role] 夏历 -> core | ok=True attempts=1 fallback=False
[role] 太阳年 -> core | ok=True attempts=1 fallback=False
[role] 阳历 -> core | ok=True attempts=1 fallback=False
[role] 殷历 -> core | ok=True attempts=1 fallback=False
[role] 岁首月建 -> core | ok=True attempts=1 fallback=False
[role] 十二地支 -> core | ok=True attempts=1 fallback=False
[role] 六十甲子 -> core | ok=True attempts=1 fallback=False
[role] 寅月 -> non-core | ok=True attempts=1 fallback=False
[role] 天干地支 -> core | ok=True attempts=1 fallback=False
[role] 夏正寅月 -> non-core | ok=True attempts=1 fallback=False
[role] 十天干 -> core | ok=True attempts=1 fallback=False
[role] 无中气之月为闰月 -> non-core | ok=True attempts=1 fallback=False
[role] 历元 -> core | ok=True attempts=1 fallback=False
[role] 三正 -> core | ok=True attempts=1 fallback=False
[role] 太初历 -> core | ok=True attempts=1 fallback=False
[role] 二十四节气 -> core | ok=True attempts=1 fallback=False
[role] 十九年七闰 -> core | ok=True attempts=1 fallback=False
[role] 日、月食周期记录 -> core | ok=True attempts=1 fallback=False
[role] 闰周 -> non-core | ok=True attempts=1 fallback=False
[role] 大明历 -> core | ok=True attempts=1 fallback=False
[role] 交点月 -> non-core | ok=True attempts=1 fallback=False
[role] 岁差 -> core | ok=True attempts=1 fallback=False
[role] 上元积年 -> non-core | ok=True attempts=1 fallback=False
[role] 授时历 -> core | ok=True attempts=1 fallback=False
[role] 交应 -> non-core | ok=True attempts=1 fallback=False
[role] 天正冬至 -> non-core | ok=True attempts=1 fallback=False
[role] 气应 -> non-core | ok=True attempts=1 fallback=False
[role] 闰应 -> non-core | ok=True attempts=1 fallback=False
[role] 黄赤道度数换算公式 -> non-core | ok=True attempts=1 fallback=False
[role] 转应 -> non-core | ok=True attempts=1 fallback=False
[role] 徵 -> non-core | ok=True attempts=1 fallback=False
[role] 球面三角法 -> core | ok=True attempts=1 fallback=False
[role] 六律 -> core | ok=True attempts=1 fallback=False
[role] 五音 -> core | ok=True attempts=1 fallback=False
[role] 商 -> core | ok=True attempts=1 fallback=False
[role] 宫 -> core | ok=True attempts=1 fallback=False
[role] 七声 -> core | ok=True attempts=1 fallback=False
[role] 变徵 -> non-core | ok=True attempts=1 fallback=False
[role] 羽 -> core | ok=True attempts=1 fallback=False
[role] 清角 -> non-core | ok=True attempts=1 fallback=False
[role] 燕乐音阶 -> core | ok=True attempts=1 fallback=False
[role] 十二律 -> core | ok=True attempts=1 fallback=False
[role] 六吕 -> non-core | ok=True attempts=1 fallback=False
[role] 角 -> core | ok=True attempts=1 fallback=False
[role] 清乐音阶 -> core | ok=True attempts=1 fallback=False
[role] 黄钟 -> non-core | ok=True attempts=1 fallback=False
[role] 大吕 -> non-core | ok=True attempts=1 fallback=False
[role] 太簇 -> non-core | ok=True attempts=1 fallback=False
[role] 律吕 -> core | ok=True attempts=1 fallback=False
[role] 夹钟 -> non-core | ok=True attempts=1 fallback=False
[role] 宇宙观 -> core | ok=True attempts=1 fallback=False
[role] 律管飞灰法 -> core | ok=True attempts=1 fallback=False
[role] 黄钟大吕 -> non-core | ok=True attempts=1 fallback=False
[role] 《素问·天元纪大论》 -> core | ok=True attempts=1 fallback=False
[role] 泛神论 -> core | ok=True attempts=1 fallback=False
[role] 天神 -> non-core | ok=True attempts=1 fallback=False
[role] 阴阳学说 -> core | ok=True attempts=1 fallback=False
[role] 五行学说 -> core | ok=True attempts=1 fallback=False
[role] 天极星 -> core | ok=True attempts=1 fallback=False
[role] 元气说 -> core | ok=True attempts=1 fallback=False
[role] 大气 -> non-core | ok=True attempts=1 fallback=False
[role] 《易》学 -> core | ok=True attempts=1 fallback=False
[role] 二十八星宿 -> core | ok=True attempts=1 fallback=False
[role] 四时五行 -> core | ok=True attempts=1 fallback=False
[role] 月行十三度而有奇 -> non-core | ok=True attempts=1 fallback=False
[role] 五脏化气 -> core | ok=True attempts=1 fallback=False
[role] 五气经天说 -> core | ok=True attempts=1 fallback=False
[role] 赤道 -> core | ok=True attempts=1 fallback=False
[role] 月生无泻 -> non-core | ok=True attempts=1 fallback=False
[role] 情志变化 -> core | ok=True attempts=1 fallback=False
[role] 浑天仪 -> core | ok=True attempts=1 fallback=False
[role] 月满无补 -> non-core | ok=True attempts=1 fallback=False
[role] 日行一度 -> non-core | ok=True attempts=1 fallback=False
[role] 北斗 -> non-core | ok=True attempts=1 fallback=False
[role] 五星 -> non-core | ok=True attempts=1 fallback=False
[role] 八节 -> non-core | ok=True attempts=1 fallback=False
[role] 三阴三阳 -> core | ok=True attempts=1 fallback=False
[role] 六经辨证 -> core | ok=True attempts=1 fallback=False
[role] 九宫 -> core | ok=True attempts=1 fallback=False
[role] 十二经脉学说 -> core | ok=True attempts=1 fallback=False
[role] 五行体系 -> core | ok=True attempts=1 fallback=False
[role] 阴阳之气多少 -> non-core | ok=True attempts=1 fallback=False
[role] 运气七篇 -> core | ok=True attempts=1 fallback=False
[role] 天人相应 -> core | ok=True attempts=1 fallback=False
[role] 《素问·气交变大论》 -> core | ok=True attempts=1 fallback=False
[role] 五气 -> core | ok=True attempts=1 fallback=False
[role] 昼夜 -> core | ok=True attempts=1 fallback=False
[role] 五时 -> non-core | ok=True attempts=1 fallback=False
[role] 五行生克 -> core | ok=True attempts=1 fallback=False
[role] 中运 -> core | ok=True attempts=1 fallback=False
[role] 五运六气学说 -> core | ok=True attempts=1 fallback=False
[role] 五方 -> core | ok=True attempts=1 fallback=False
[role] 类比推理 -> core | ok=True attempts=1 fallback=False
[role] 五运 -> core | ok=True attempts=1 fallback=False
[role] 客运 -> non-core | ok=True attempts=1 fallback=False
[role] 六气 -> core | ok=True attempts=1 fallback=False
[role] 主运 -> core | ok=True attempts=1 fallback=False
[role] 司天 -> core | ok=True attempts=1 fallback=False
[role] 四间气 -> core | ok=True attempts=1 fallback=False
[role] 在泉 -> core | ok=True attempts=1 fallback=False
[role] 主气 -> core | ok=True attempts=1 fallback=False
[role] 干支纪年法 -> core | ok=True attempts=1 fallback=False
[role] 客气 -> core | ok=True attempts=1 fallback=False
[role] 不及 -> non-core | ok=True attempts=1 fallback=False
[role] 平气 -> core | ok=True attempts=1 fallback=False
[role] 太过 -> core | ok=True attempts=1 fallback=False
[role] 木运太过 -> non-core | ok=True attempts=1 fallback=False
[role] 地球 -> core | ok=True attempts=1 fallback=False
[role] 宇之表无极，宙之端无穷 -> non-core | ok=True attempts=1 fallback=False
[role] 七篇大论 -> core | ok=True attempts=1 fallback=False
[role] 浑天仪注 -> core | ok=True attempts=1 fallback=False
[role] 灵宪 -> core | ok=True attempts=1 fallback=False
[role] 浑象 -> core | ok=True attempts=1 fallback=False
[role] 球面运动 -> core | ok=True attempts=1 fallback=False
[role] 金运太过 -> non-core | ok=True attempts=1 fallback=False
[role] 厥阴风木 -> core | ok=True attempts=1 fallback=False
[role] 鸡卵 -> non-core | ok=True attempts=1 fallback=False
[role] 蛋黄 -> non-core | ok=True attempts=1 fallback=False
[role] 战国时期 -> non-core | ok=True attempts=1 fallback=False
[role] 南北两极 -> non-core | ok=True attempts=1 fallback=False
[role] 恒星 -> core | ok=True attempts=1 fallback=False
[role] 无限太空 -> non-core | ok=True attempts=1 fallback=False
[role] 弹丸 -> non-core | ok=True attempts=1 fallback=False
[role] 苍色 -> non-core | ok=True attempts=1 fallback=False
[role] 行度差异 -> non-core | ok=True attempts=1 fallback=False
[role] 理论证明 -> core | ok=True attempts=1 fallback=False
[role] 无形质实体 -> non-core | ok=True attempts=1 fallback=False
[role] 顺逆变化 -> non-core | ok=True attempts=1 fallback=False
[role] 晋书·天文志 -> core | ok=True attempts=1 fallback=False
[role] 地动说 -> core | ok=True attempts=1 fallback=False
[role] 独立轨道 -> non-core | ok=True attempts=1 fallback=False
[role] 实际测量 -> non-core | ok=True attempts=1 fallback=False
[role] 日月星辰 -> non-core | ok=True attempts=1 fallback=False
[role] 思想领域 -> non-core | ok=True attempts=1 fallback=False
[role] 太白 -> non-core | ok=True attempts=1 fallback=False
[role] 岁星 -> core | ok=True attempts=1 fallback=False
[role] 玄武 -> core | ok=True attempts=1 fallback=False
[role] 镇星 -> non-core | ok=True attempts=1 fallback=False
[role] 朱雀 -> core | ok=True attempts=1 fallback=False
[role] 辰星 -> non-core | ok=True attempts=1 fallback=False
[role] 子午线测量 -> core | ok=True attempts=1 fallback=False
[role] 荧惑 -> core | ok=True attempts=1 fallback=False
[role] 指极星 -> non-core | ok=True attempts=1 fallback=False
[role] 闰月安插 -> non-core | ok=True attempts=1 fallback=False
[role] 紫微 -> core | ok=True attempts=1 fallback=False
[role] 月的日数分配 -> non-core | ok=True attempts=1 fallback=False
[role] 地球公转周期 -> non-core | ok=True attempts=1 fallback=False
[role] 天市 -> core | ok=True attempts=1 fallback=False
[role] 月相变化周期 -> core | ok=True attempts=1 fallback=False
[role] 苍龙 -> core | ok=True attempts=1 fallback=False
[role] 太微 -> core | ok=True attempts=1 fallback=False
[role] 节气确定 -> core | ok=True attempts=1 fallback=False
[role] 北辰 -> core | ok=True attempts=1 fallback=False
[role] 行星推算 -> core | ok=True attempts=1 fallback=False
[role] 仲 -> non-core | ok=True attempts=1 fallback=False
[role] 孟 -> non-core | ok=True attempts=1 fallback=False
[role] 春夏秋冬 -> core | ok=True attempts=1 fallback=False
[role] 季 -> non-core | ok=True attempts=1 fallback=False
[role] 变宫 -> non-core | ok=True attempts=1 fallback=False
[role] 五星周期 -> core | ok=True attempts=1 fallback=False
[role] 五脏气机 -> core | ok=True attempts=1 fallback=False
[role] 应钟 -> non-core | ok=True attempts=1 fallback=False
[role] 气象学 -> core | ok=True attempts=1 fallback=False
[role] 古代天文学 -> core | ok=True attempts=1 fallback=False
[role] 清羽 -> non-core | ok=True attempts=1 fallback=False
[role] 石申 -> non-core | ok=True attempts=1 fallback=False
[role] 中医思维方法 -> core | ok=True attempts=1 fallback=False
[role] 日月运行理论 -> core | ok=True attempts=1 fallback=False
[role] 置闰原理 -> core | ok=True attempts=1 fallback=False
[role] 阴阳范畴 -> core | ok=True attempts=1 fallback=False
[role] 干支纪时 -> core | ok=True attempts=1 fallback=False
[role] 十二经脉 -> core | ok=True attempts=1 fallback=False
[role] 虚静思维 -> core | ok=True attempts=1 fallback=False
[role] 顺势思维 -> core | ok=True attempts=1 fallback=False
[role] 经验思维 -> core | ok=True attempts=1 fallback=False
[role] 辨证思维 -> core | ok=True attempts=1 fallback=False
[role] 中和思维 -> core | ok=True attempts=1 fallback=False
[role] 变易思维 -> core | ok=True attempts=1 fallback=False
[role] 功能思维 -> core | ok=True attempts=1 fallback=False
[role] 象数思维 -> core | ok=True attempts=1 fallback=False
[role] 逻辑思维 -> core | ok=True attempts=1 fallback=False
[role] 《伤寒杂病论》 -> core | ok=True attempts=1 fallback=False
[role] 象 -> non-core | ok=True attempts=1 fallback=False
[role] 意象 -> core | ok=True attempts=1 fallback=False
[role] 物象 -> core | ok=True attempts=1 fallback=False
[role] 表象 -> core | ok=True attempts=1 fallback=False
[role] 空间形式 -> core | ok=True attempts=1 fallback=False
[role] 想象 -> core | ok=True attempts=1 fallback=False
[role] 象也者，像此者也 -> non-core | ok=True attempts=1 fallback=False
[role] 质地 -> core | ok=True attempts=1 fallback=False
[role] 龟，象也 -> non-core | ok=True attempts=1 fallback=False
[role] 气味 -> non-core | ok=True attempts=1 fallback=False
[role] 色彩 -> core | ok=True attempts=1 fallback=False
[role] 声音 -> non-core | ok=True attempts=1 fallback=False
[role] 感性认识 -> core | ok=True attempts=1 fallback=False
[role] 舌象 -> core | ok=True attempts=1 fallback=False
[role] 形象思维 -> core | ok=True attempts=1 fallback=False
[role] 直觉形象 -> core | ok=True attempts=1 fallback=False
[role] 知觉 -> core | ok=True attempts=1 fallback=False
[role] 抽象思维 -> core | ok=True attempts=1 fallback=False
[role] 面象 -> core | ok=True attempts=1 fallback=False
[role] 取象 -> core | ok=True attempts=1 fallback=False
[role] 以表知里 -> core | ok=True attempts=1 fallback=False
[role] 感觉 -> non-core | ok=True attempts=1 fallback=False
[role] 联想 -> core | ok=True attempts=1 fallback=False
[role] 象征 -> non-core | ok=True attempts=1 fallback=False
[role] 盲人摸象 -> non-core | ok=True attempts=1 fallback=False
[role] 以我知彼 -> core | ok=True attempts=1 fallback=False
[role] 《公孙龙子》 -> non-core | ok=True attempts=1 fallback=False
[role] 感官 -> core | ok=True attempts=1 fallback=False
[role] 类推 -> non-core | ok=True attempts=1 fallback=False
[role] 坚白之辩 -> core | ok=True attempts=1 fallback=False
[role] 四诊 -> core | ok=True attempts=1 fallback=False
[role] 言不尽意 -> non-core | ok=True attempts=1 fallback=False
[role] 抽象概括 -> core | ok=True attempts=1 fallback=False
[role] 心 -> core | ok=True attempts=1 fallback=False
[role] 象者，所以存意 -> core | ok=True attempts=1 fallback=False
[role] 立象以尽意 -> core | ok=True attempts=1 fallback=False
[role] 意之所随者，不可言传 -> non-core | ok=True attempts=1 fallback=False
[role] 意象集合 -> core | ok=True attempts=1 fallback=False
[role] 意 -> core | ok=True attempts=1 fallback=False
[role] 法象 -> core | ok=True attempts=1 fallback=False
[role] 取是方而圆用之 -> non-core | ok=True attempts=1 fallback=False
[role] 社会同构 -> core | ok=True attempts=1 fallback=False
[role] 子节点摘要 -> non-core | ok=True attempts=1 fallback=False
[role] 社会职官体系 -> core | ok=True attempts=1 fallback=False
[role] 君臣佐使 -> core | ok=True attempts=1 fallback=False
[role] 君主之官 -> non-core | ok=True attempts=1 fallback=False
[role] 情志 -> core | ok=True attempts=1 fallback=False
[role] 怒 -> non-core | ok=True attempts=1 fallback=False
[role] 体质 -> core | ok=True attempts=1 fallback=False
[role] 疾病谱 -> core | ok=True attempts=1 fallback=False
[role] 思 -> non-core | ok=True attempts=1 fallback=False
[role] 忧 -> core | ok=True attempts=1 fallback=False
[role] 四诊合参 -> core | ok=True attempts=1 fallback=False
[role] 五色 -> non-core | ok=True attempts=1 fallback=False
[role] 脉色 -> non-core | ok=True attempts=1 fallback=False
[role] 司外揣内 -> core | ok=True attempts=1 fallback=False
[role] 意象模型 -> core | ok=True attempts=1 fallback=False
[role] 能合脉色，可以万全 -> non-core | ok=True attempts=1 fallback=False
[role] 望闻问切 -> core | ok=True attempts=1 fallback=False
[role] 整体性 -> core | ok=True attempts=1 fallback=False
[role] 功能性 -> core | ok=True attempts=1 fallback=False
[role] 系统解剖学 -> core | ok=True attempts=1 fallback=False
[role] 因时、因地、因人制宜 -> core | ok=True attempts=1 fallback=False
[role] 脏腑 -> core | ok=True attempts=1 fallback=False
[role] 运动性 -> non-core | ok=True attempts=1 fallback=False
[role] 实证科学 -> core | ok=True attempts=1 fallback=False
[role] 肝生于左，肺藏于右 -> non-core | ok=True attempts=1 fallback=False
[role] 气机升降 -> core | ok=True attempts=1 fallback=False
[role] 身体发肤，不敢毁伤 -> non-core | ok=True attempts=1 fallback=False
[role] 近代科学 -> core | ok=True attempts=1 fallback=False
[role] 分析 -> core | ok=True attempts=1 fallback=False
[role] 现代科技 -> core | ok=True attempts=1 fallback=False
[role] 整体宏观把握 -> non-core | ok=True attempts=1 fallback=False
[role] 中医思维 -> core | ok=True attempts=1 fallback=False
[role] 虚实 -> core | ok=True attempts=1 fallback=False
[role] 寒热 -> core | ok=True attempts=1 fallback=False
[role] 寒热温凉界限 -> non-core | ok=True attempts=1 fallback=False
[role] 局部微观分析 -> core | ok=True attempts=1 fallback=False
[role] 六经气血多少 -> core | ok=True attempts=1 fallback=False
[role] 肾阳虚 -> core | ok=True attempts=1 fallback=False
[role] 不以数推，以象之谓 -> core | ok=True attempts=1 fallback=False
[role] 自然景象 -> core | ok=True attempts=1 fallback=False
[role] 文化符号 -> core | ok=True attempts=1 fallback=False
[role] 骨骼图像 -> non-core | ok=True attempts=1 fallback=False
[role] 东方 -> core | ok=True attempts=1 fallback=False
[role] 温凉 -> core | ok=True attempts=1 fallback=False
[role] 数 -> core | ok=True attempts=1 fallback=False
[role] 太阳病 -> core | ok=True attempts=1 fallback=False
[role] 酸 -> core | ok=True attempts=1 fallback=False
[role] 社会百态 -> core | ok=True attempts=1 fallback=False
[role] 肝 -> core | ok=True attempts=1 fallback=False
[role] 意象关联 -> core | ok=True attempts=1 fallback=False
[role] 坚白石 -> non-core | ok=True attempts=1 fallback=False
[role] 目 -> non-core | ok=True attempts=1 fallback=False
[role] 青色 -> core | ok=True attempts=1 fallback=False
[role] 意象集合体 -> core | ok=True attempts=1 fallback=False
[role] 听 -> core | ok=True attempts=1 fallback=False
[role] 视 -> core | ok=True attempts=1 fallback=False
[role] 捪 -> non-core | ok=True attempts=1 fallback=False
[role] 问 -> core | ok=True attempts=1 fallback=False
[role] 望 -> core | ok=True attempts=1 fallback=False
[role] 类比 -> core | ok=True attempts=1 fallback=False
[role] 天君 -> core | ok=True attempts=1 fallback=False
[role] 闻 -> core | ok=True attempts=1 fallback=False
[role] 声象 -> core | ok=True attempts=1 fallback=False
[role] 色象 -> core | ok=True attempts=1 fallback=False
[role] 切 -> core | ok=True attempts=1 fallback=False
[role] 有法为无法 -> core | ok=True attempts=1 fallback=False
[role] 人体意象系统 -> core | ok=True attempts=1 fallback=False
[role] 素问·六节藏象论 -> non-core | ok=True attempts=1 fallback=False
[role] 因时因地制宜 -> core | ok=True attempts=1 fallback=False
[role] 用药法象理论 -> core | ok=True attempts=1 fallback=False
[role] 天人同构 -> core | ok=True attempts=1 fallback=False
[role] 神气 -> non-core | ok=True attempts=1 fallback=False
[role] 阴阳二气 -> core | ok=True attempts=1 fallback=False
[role] 素问·宝命全形论 -> non-core | ok=True attempts=1 fallback=False
[role] 津液 -> core | ok=True attempts=1 fallback=False
[role] 人体结构 -> core | ok=True attempts=1 fallback=False
[role] 天地自然结构 -> core | ok=True attempts=1 fallback=False
[role] 《灵枢·邪客》 -> core | ok=True attempts=1 fallback=False
[role] 同构性 -> core | ok=True attempts=1 fallback=False
[role] 天有日月 -> non-core | ok=True attempts=1 fallback=False
[role] 天圆地方 -> core | ok=True attempts=1 fallback=False
[role] 人有两目 -> non-core | ok=True attempts=1 fallback=False
[role] 人与自然同构思想 -> core | ok=True attempts=1 fallback=False
[role] 人与天地相应 -> core | ok=True attempts=1 fallback=False
[role] 人头圆足方 -> non-core | ok=True attempts=1 fallback=False
[role] 五行生克制化 -> core | ok=True attempts=1 fallback=False
[role] 太阳运动节律 -> core | ok=True attempts=1 fallback=False
[role] 阴阳消长 -> core | ok=True attempts=1 fallback=False
[role] 阴阳五行结构 -> core | ok=True attempts=1 fallback=False
[role] 春善病鼽衄 -> non-core | ok=True attempts=1 fallback=False
[role] 四时阴阳经纪 -> core | ok=True attempts=1 fallback=False
[role] 同律性 -> core | ok=True attempts=1 fallback=False
[role] 四季变化 -> core | ok=True attempts=1 fallback=False
[role] 用寒远寒 -> non-core | ok=True attempts=1 fallback=False
[role] 人体阳气消长 -> core | ok=True attempts=1 fallback=False
[role] 阴阳五行模型 -> core | ok=True attempts=1 fallback=False
[role] 春夏养阳，秋冬养阴 -> core | ok=True attempts=1 fallback=False
[role] 司岁备物 -> core | ok=True attempts=1 fallback=False
[role] 形神一体 -> core | ok=True attempts=1 fallback=False
[role] 神 -> core | ok=True attempts=1 fallback=False
[role] 形 -> core | ok=True attempts=1 fallback=False
[role] 神明之宅 -> core | ok=True attempts=1 fallback=False
[role] 肺 -> core | ok=True attempts=1 fallback=False
[role] 得神者昌，失神者亡 -> non-core | ok=True attempts=1 fallback=False
[role] 道地药材 -> core | ok=True attempts=1 fallback=False
[role] 脾 -> core | ok=True attempts=1 fallback=False
[role] 魄 -> non-core | ok=True attempts=1 fallback=False
[role] 肾 -> core | ok=True attempts=1 fallback=False
[role] 精 -> core | ok=True attempts=1 fallback=False
[role] 魂 -> core | ok=True attempts=1 fallback=False
[role] 志 -> core | ok=True attempts=1 fallback=False
[role] 制化调节 -> core | ok=True attempts=1 fallback=False
[role] 生物-心理-社会医学模式 -> core | ok=True attempts=1 fallback=False
[role] 动态平衡 -> core | ok=True attempts=1 fallback=False
[role] 互根互用 -> core | ok=True attempts=1 fallback=False
[role] 形与神俱 -> core | ok=True attempts=1 fallback=False
[role] 对立制约 -> core | ok=True attempts=1 fallback=False
[role] 年节律 -> core | ok=True attempts=1 fallback=False
[role] 生命周期变化 -> core | ok=True attempts=1 fallback=False
[role] 日节律 -> core | ok=True attempts=1 fallback=False
[role] 月节律 -> core | ok=True attempts=1 fallback=False
[role] 一日四时 -> non-core | ok=True attempts=1 fallback=False
[role] 致中和 -> core | ok=True attempts=1 fallback=False
[role] 营卫气血 -> core | ok=True attempts=1 fallback=False
[role] 七年周期 -> non-core | ok=True attempts=1 fallback=False
[role] 气血 -> core | ok=True attempts=1 fallback=False
[role] 精气 -> core | ok=True attempts=1 fallback=False
[role] 十年周期 -> non-core | ok=True attempts=1 fallback=False
[role] 失和 -> non-core | ok=True attempts=1 fallback=False
[role] 阴阳自和 -> core | ok=True attempts=1 fallback=False
[role] 阴阳和谐 -> core | ok=True attempts=1 fallback=False
[role] 五脏和调 -> core | ok=True attempts=1 fallback=False
[role] 气血调和 -> core | ok=True attempts=1 fallback=False
[role] 血为气之母 -> non-core | ok=True attempts=1 fallback=False
[role] 天人和谐 -> core | ok=True attempts=1 fallback=False
[role] 形神合一 -> core | ok=True attempts=1 fallback=False
[role] 气为血之帅 -> core | ok=True attempts=1 fallback=False
[role] 消长转化 -> core | ok=True attempts=1 fallback=False
[role] 阴阳对立互根 -> core | ok=True attempts=1 fallback=False
[role] 过则为害 -> core | ok=True attempts=1 fallback=False
[role] 正气 -> core | ok=True attempts=1 fallback=False
[role] 邪气 -> core | ok=True attempts=1 fallback=False
[role] 六淫邪气 -> core | ok=True attempts=1 fallback=False
[role] 劳逸过度 -> non-core | ok=True attempts=1 fallback=False
[role] 生病起于过用 -> core | ok=True attempts=1 fallback=False
[role] 七情内伤 -> core | ok=True attempts=1 fallback=False
[role] 邪正盛衰 -> core | ok=True attempts=1 fallback=False
[role] 饮食 -> core | ok=True attempts=1 fallback=False
[role] 五脏六腑 -> core | ok=True attempts=1 fallback=False
[role] 反常即病 -> core | ok=True attempts=1 fallback=False
[role] 毒邪 -> core | ok=True attempts=1 fallback=False
[role] 盛虚之变 -> non-core | ok=True attempts=1 fallback=False
[role] 四时阴阳变化 -> core | ok=True attempts=1 fallback=False
[role] 法于阴阳 -> core | ok=True attempts=1 fallback=False
[role] 气虚形虚 -> non-core | ok=True attempts=1 fallback=False
[role] 无常 -> core | ok=True attempts=1 fallback=False
[role] 常 -> core | ok=True attempts=1 fallback=False
[role] 五气更立 -> non-core | ok=True attempts=1 fallback=False
[role] 脏腑气血运动 -> core | ok=True attempts=1 fallback=False
[role] 气实形实 -> core | ok=True attempts=1 fallback=False
[role] 执常以达变 -> core | ok=True attempts=1 fallback=False
[role] 病因 -> core | ok=True attempts=1 fallback=False
[role] 阴阳失调 -> core | ok=True attempts=1 fallback=False
[role] 治病求本 -> core | ok=True attempts=1 fallback=False
[role] 病机 -> core | ok=True attempts=1 fallback=False
[role] 里 -> core | ok=True attempts=1 fallback=False
[role] 表 -> core | ok=True attempts=1 fallback=False
[role] 热 -> core | ok=True attempts=1 fallback=False
[role] 寒 -> core | ok=True attempts=1 fallback=False
[role] 先天之本 -> core | ok=True attempts=1 fallback=False
[role] 实 -> core | ok=True attempts=1 fallback=False
[role] 虚 -> core | ok=True attempts=1 fallback=False
[role] 标本之本 -> core | ok=True attempts=1 fallback=False
[role] 辨病求本 -> core | ok=True attempts=1 fallback=False
[role] 证 -> core | ok=True attempts=1 fallback=False
[role] 后天之本 -> core | ok=True attempts=1 fallback=False
[role] 扶正纠偏 -> core | ok=True attempts=1 fallback=False
[role] 辨证求本 -> core | ok=True attempts=1 fallback=False
[role] 基本矛盾 -> core | ok=True attempts=1 fallback=False
[role] 调节阴阳 -> core | ok=True attempts=1 fallback=False
[role] 扶正祛邪 -> core | ok=True attempts=1 fallback=False
[role] 祛邪 -> core | ok=True attempts=1 fallback=False
[role] 损其偏盛、补其偏衰 -> core | ok=True attempts=1 fallback=False
[role] 损有余而补不足 -> non-core | ok=True attempts=1 fallback=False
[role] 主要矛盾 -> core | ok=True attempts=1 fallback=False
[role] 扶正 -> core | ok=True attempts=1 fallback=False
[role] 实则泻之，虚则补之 -> core | ok=True attempts=1 fallback=False
[role] 谨察阴阳所在而调之，以平为期 -> non-core | ok=True attempts=1 fallback=False
[role] 血病治血 -> non-core | ok=True attempts=1 fallback=False
[role] 气病治气 -> core | ok=True attempts=1 fallback=False
[role] 气血治疗 -> non-core | ok=True attempts=1 fallback=False
[role] 脏腑病变 -> core | ok=True attempts=1 fallback=False
[role] 未病先防 -> core | ok=True attempts=1 fallback=False
[role] 补益气血阴阳 -> core | ok=True attempts=1 fallback=False
[role] 气血同治 -> core | ok=True attempts=1 fallback=False
[role] 祛除实邪 -> core | ok=True attempts=1 fallback=False
[role] 治未病 -> core | ok=True attempts=1 fallback=False
[role] 有病早治 -> non-core | ok=True attempts=1 fallback=False
[role] 瘥后防复 -> core | ok=True attempts=1 fallback=False
[role] 先传而治 -> non-core | ok=True attempts=1 fallback=False
[role] 中医医官 -> core | ok=True attempts=1 fallback=False
[role] 巫与医职能分化 -> non-core | ok=True attempts=1 fallback=False
[role] 预防为主 -> core | ok=True attempts=1 fallback=False
[role] 氏族首领 -> core | ok=True attempts=1 fallback=False
[role] 医疗机构 -> core | ok=True attempts=1 fallback=False
[role] 医学分科 -> core | ok=True attempts=1 fallback=False
[role] 医官制度 -> core | ok=True attempts=1 fallback=False
[role] 巫医不分 -> core | ok=True attempts=1 fallback=False
[role] 医政组织 -> core | ok=True attempts=1 fallback=False
[role] 卫生保健 -> core | ok=True attempts=1 fallback=False
[role] 侍医 -> non-core | ok=True attempts=1 fallback=False
[role] 医疗考核 -> non-core | ok=True attempts=1 fallback=False
[role] 太医令 -> core | ok=True attempts=1 fallback=False
[role] 少府太医令 -> non-core | ok=True attempts=1 fallback=False
[role] 病案记录 -> core | ok=True attempts=1 fallback=False
[role] 少府 -> core | ok=True attempts=1 fallback=False
[role] 太常 -> core | ok=True attempts=1 fallback=False
[role] 地方医职 -> non-core | ok=True attempts=1 fallback=False
[role] 翰林医官院 -> non-core | ok=True attempts=1 fallback=False
[role] 丞 -> non-core | ok=True attempts=1 fallback=False
[role] 针科博士 -> non-core | ok=True attempts=1 fallback=False
[role] 太医院 -> core | ok=True attempts=1 fallback=False
[role] 太医局 -> core | ok=True attempts=1 fallback=False
[role] 广惠司 -> non-core | ok=True attempts=1 fallback=False
[role] 校正医书局 -> core | ok=True attempts=1 fallback=False
[role] 官办药局 -> core | ok=True attempts=1 fallback=False
[role] 回回药物院 -> non-core | ok=True attempts=1 fallback=False
[role] 安济坊 -> core | ok=True attempts=1 fallback=False
[role] 官医提举司 -> core | ok=True attempts=1 fallback=False
[role] 医学提举司 -> core | ok=True attempts=1 fallback=False
[role] 管院事王大臣 -> non-core | ok=True attempts=1 fallback=False
[role] 御药房值班制度 -> non-core | ok=True attempts=1 fallback=False
[role] 惠民药局 -> core | ok=True attempts=1 fallback=False
[role] 古代中医教育 -> core | ok=True attempts=1 fallback=False
[role] 祝由 -> non-core | ok=True attempts=1 fallback=False
[role] 禁咒 -> non-core | ok=True attempts=1 fallback=False
[role] 官学 -> core | ok=True attempts=1 fallback=False
[role] 私学 -> core | ok=True attempts=1 fallback=False
[role] 师徒相授 -> core | ok=True attempts=1 fallback=False
[role] 父子相传 -> non-core | ok=True attempts=1 fallback=False
[role] 针灸科 -> core | ok=True attempts=1 fallback=False
[role] 世医 -> non-core | ok=True attempts=1 fallback=False
[role] 上工 -> non-core | ok=True attempts=1 fallback=False
[role] 三舍法 -> non-core | ok=True attempts=1 fallback=False
[role] 药园 -> non-core | ok=True attempts=1 fallback=False
[role] 太医署 -> core | ok=True attempts=1 fallback=False
[role] 中国古代医事法律 -> core | ok=True attempts=1 fallback=False
[role] 四善二十七最 -> core | ok=True attempts=1 fallback=False
[role] 地方医学校 -> non-core | ok=True attempts=1 fallback=False
[role] 病案 -> core | ok=True attempts=1 fallback=False
[role] 医不得兼方，不验辄死 -> non-core | ok=True attempts=1 fallback=False
[role] 方术之最 -> non-core | ok=True attempts=1 fallback=False
[role] 合药误不如本方 -> non-core | ok=True attempts=1 fallback=False
[role] 圣人 -> non-core | ok=True attempts=1 fallback=False
[role] 下工 -> non-core | ok=True attempts=1 fallback=False
[role] 以毒药毒人 -> non-core | ok=True attempts=1 fallback=False
[role] 医违方诈疗 -> non-core | ok=True attempts=1 fallback=False
[role] 中工 -> non-core | ok=True attempts=1 fallback=False
[role] 唐律疏议 -> core | ok=True attempts=1 fallback=False
[role] 大明律 -> core | ok=True attempts=1 fallback=False
[role] 针石 -> non-core | ok=True attempts=1 fallback=False
[role] 医之为言意也 -> non-core | ok=True attempts=1 fallback=False
[role] 合和御药 -> non-core | ok=True attempts=1 fallback=False
[role] 腠理至微 -> non-core | ok=True attempts=1 fallback=False
[role] 宋刑统 -> core | ok=True attempts=1 fallback=False
[role] 随气用巧 -> non-core | ok=True attempts=1 fallback=False
[role] 毫芒即乖 -> non-core | ok=True attempts=1 fallback=False
[role] 医患关系 -> core | ok=True attempts=1 fallback=False
[role] 神存于心手之际 -> core | ok=True attempts=1 fallback=False
[role] 意会 -> core | ok=True attempts=1 fallback=False
[role] 长桑君 -> non-core | ok=True attempts=1 fallback=False
[role] 意且犹不尽 -> non-core | ok=True attempts=1 fallback=False
[role] 怀怖慑 -> non-core | ok=True attempts=1 fallback=False
[role] 自用意而不任臣 -> non-core | ok=True attempts=1 fallback=False
[role] 史记·扁鹊仓公列传 -> non-core | ok=True attempts=1 fallback=False
[role] 直觉 -> core | ok=True attempts=1 fallback=False
[role] 禁方书 -> non-core | ok=True attempts=1 fallback=False
[role] 上池之水 -> non-core | ok=True attempts=1 fallback=False
[role] 针刺治疗 -> core | ok=True attempts=1 fallback=False
[role] 禁方 -> non-core | ok=True attempts=1 fallback=False
[role] 方士文化 -> non-core | ok=True attempts=1 fallback=False
[role] 道家 -> core | ok=True attempts=1 fallback=False
[role] 淳于意 -> non-core | ok=True attempts=1 fallback=False
[role] 方术 -> core | ok=True attempts=1 fallback=False
[role] 葛洪 -> non-core | ok=True attempts=1 fallback=False
[role] 医家 -> core | ok=True attempts=1 fallback=False
[role] 华佗 -> non-core | ok=True attempts=1 fallback=False
[role] 道医 -> core | ok=True attempts=1 fallback=False
[role] 金元四大家 -> core | ok=True attempts=1 fallback=False
[role] 张从正 -> non-core | ok=True attempts=1 fallback=False
[role] 孙思邈 -> core | ok=True attempts=1 fallback=False
[role] 内视功能 -> non-core | ok=True attempts=1 fallback=False
[role] 寒凉派 -> core | ok=True attempts=1 fallback=False
[role] 刘完素 -> core | ok=True attempts=1 fallback=False
[role] 攻下派 -> core | ok=True attempts=1 fallback=False
[role] 汗、吐、下三法 -> core | ok=True attempts=1 fallback=False
[role] 补土派 -> core | ok=True attempts=1 fallback=False
[role] 朱震亨 -> core | ok=True attempts=1 fallback=False
[role] 李杲 -> core | ok=True attempts=1 fallback=False
[role] 养阴派 -> core | ok=True attempts=1 fallback=False
[role] 张仲景 -> core | ok=True attempts=1 fallback=False
[role] 某某堂 -> non-core | ok=True attempts=1 fallback=False
[role] 坐堂行医 -> core | ok=True attempts=1 fallback=False
[role] 坐堂医 -> non-core | ok=True attempts=1 fallback=False
[role] 杏林 -> core | ok=True attempts=1 fallback=False
[role] 虎守杏林 -> non-core | ok=True attempts=1 fallback=False
[role] 杏林高手 -> non-core | ok=True attempts=1 fallback=False
[role] 仁术 -> core | ok=True attempts=1 fallback=False
[role] 宋清 -> non-core | ok=True attempts=1 fallback=False
[role] 医药简帛文献 -> core | ok=True attempts=1 fallback=False
[role] 医德 -> core | ok=True attempts=1 fallback=False
[role] 医术 -> non-core | ok=True attempts=1 fallback=False
[role] 甲骨文 -> non-core | ok=True attempts=1 fallback=False
[role] 《万物》 -> core | ok=True attempts=1 fallback=False
[role] 扁鹊学派经典 -> non-core | ok=True attempts=1 fallback=False
[role] 董奉 -> non-core | ok=True attempts=1 fallback=False
[role] 勤求古训 -> non-core | ok=True attempts=1 fallback=False
[role] 《足臂十一脉灸经》 -> core | ok=True attempts=1 fallback=False
[role] 《五十二病方》 -> core | ok=True attempts=1 fallback=False
[role] 成都老官山汉墓九部医书 -> non-core | ok=True attempts=1 fallback=False
[role] 平脉辨证 -> core | ok=True attempts=1 fallback=False
[role] 《新修本草》 -> core | ok=True attempts=1 fallback=False
[role] 刘禹锡 -> non-core | ok=True attempts=1 fallback=False
[role] 苏轼 -> non-core | ok=True attempts=1 fallback=False
[role] 金石入药 -> non-core | ok=True attempts=1 fallback=False
[role] 《普济方》 -> core | ok=True attempts=1 fallback=False
[role] 《医宗金鉴》 -> core | ok=True attempts=1 fallback=False
[role] 《太平惠民和剂局方》 -> core | ok=True attempts=1 fallback=False
[role] 药物三品分类 -> core | ok=True attempts=1 fallback=False
[role] 道家文化 -> core | ok=True attempts=1 fallback=False
[role] 大医 -> non-core | ok=True attempts=1 fallback=False
[role] 儒道佛三家合流 -> core | ok=True attempts=1 fallback=False
[role] 《备急千金要方》 -> core | ok=True attempts=1 fallback=False
[role] 中医典籍 -> core | ok=True attempts=1 fallback=False
[role] 六壬 -> non-core | ok=True attempts=1 fallback=False
[role] 诸家相法 -> non-core | ok=True attempts=1 fallback=False
[role] 阴阳禄命 -> non-core | ok=True attempts=1 fallback=False
[role] 《内经》 -> core | ok=True attempts=1 fallback=False
[role] 三史 -> core | ok=True attempts=1 fallback=False
[role] 五经 -> core | ok=True attempts=1 fallback=False
[role] 诸子 -> core | ok=True attempts=1 fallback=False
[role] 《老》 -> non-core | ok=True attempts=1 fallback=False
[role] 《庄》 -> core | ok=True attempts=1 fallback=False
[role] 医疗行为规范 -> core | ok=True attempts=1 fallback=False
[role] 医术水平 -> non-core | ok=True attempts=1 fallback=False
[role] 中医文化典籍 -> core | ok=True attempts=1 fallback=False
[role] 精通医道 -> non-core | ok=True attempts=1 fallback=False
[role] 《针灸甲乙经·序》 -> non-core | ok=True attempts=1 fallback=False
[role] 医德医风 -> core | ok=True attempts=1 fallback=False
[role] 诊疗程序 -> core | ok=True attempts=1 fallback=False
[role] 《古今医统·庸医速报》 -> non-core | ok=True attempts=1 fallback=False
[role] 安神定志 -> non-core | ok=True attempts=1 fallback=False
[role] 普同一等 -> non-core | ok=True attempts=1 fallback=False
[role] 整体观念 -> core | ok=True attempts=1 fallback=False
[role] 博极医源，精勤不倦 -> non-core | ok=True attempts=1 fallback=False
[role] 陈实功 -> non-core | ok=True attempts=1 fallback=False
[role] 人文关怀 -> core | ok=True attempts=1 fallback=False
[role] 龚廷贤 -> non-core | ok=True attempts=1 fallback=False
[role] 缪希雍 -> non-core | ok=True attempts=1 fallback=False
[role] 医学贵精 -> core | ok=True attempts=1 fallback=False
[role] 医不贪色 -> non-core | ok=True attempts=1 fallback=False
[role] 父子家传 -> non-core | ok=True attempts=1 fallback=False
[role] 尊重女患者隐私 -> core | ok=True attempts=1 fallback=False
[role] 中医教育行为 -> core | ok=True attempts=1 fallback=False
[role] 《外科正宗·医家五戒十要》 -> core | ok=True attempts=1 fallback=False
[role] 同道之间应谦和谨慎 -> non-core | ok=True attempts=1 fallback=False
[role] 尊师重道 -> non-core | ok=True attempts=1 fallback=False
[role] 学校教育 -> core | ok=True attempts=1 fallback=False
[role] 师徒相传 -> core | ok=True attempts=1 fallback=False
[role] 智力条件 -> non-core | ok=True attempts=1 fallback=False
[role] 小农经济 -> core | ok=True attempts=1 fallback=False
[role] 非其人勿教，非其真勿授 -> non-core | ok=True attempts=1 fallback=False
[role] 侍诊观察 -> core | ok=True attempts=1 fallback=False
[role] 听音 -> non-core | ok=True attempts=1 fallback=False
[role] 视色 -> non-core | ok=True attempts=1 fallback=False
[role] 宗法思想 -> core | ok=True attempts=1 fallback=False
[role] 大医精诚 -> core | ok=True attempts=1 fallback=False
[role] 传论 -> non-core | ok=True attempts=1 fallback=False
[role] 行针艾 -> non-core | ok=True attempts=1 fallback=False
[role] 灵枢·官能 -> core | ok=True attempts=1 fallback=False
[role] 导引行气 -> non-core | ok=True attempts=1 fallback=False
[role] 黄帝 -> non-core | ok=True attempts=1 fallback=False
[role] 习医动机 -> non-core | ok=True attempts=1 fallback=False
[role] 岐伯 -> non-core | ok=True attempts=1 fallback=False
[role] 因材施教 -> core | ok=True attempts=1 fallback=False
[role] 《文子》 -> non-core | ok=True attempts=1 fallback=False
[role] 黄老道家 -> core | ok=True attempts=1 fallback=False
[role] 人尽其能 -> core | ok=True attempts=1 fallback=False
[role] 帝者臣，名臣，其实师也 -> non-core | ok=True attempts=1 fallback=False
[role] 欲救人而学医则可，欲谋利而学医则不可 -> core | ok=True attempts=1 fallback=False
[role] 帝为生、臣为师 -> core | ok=True attempts=1 fallback=False
[role] 脉枕 -> non-core | ok=True attempts=1 fallback=False
[role] 择吉日 -> non-core | ok=True attempts=1 fallback=False
[role] 《黄帝四经》 -> non-core | ok=True attempts=1 fallback=False
[role] 歃血盟誓 -> non-core | ok=True attempts=1 fallback=False
[role] 南面之术 -> non-core | ok=True attempts=1 fallback=False
[role] 传道仪式 -> non-core | ok=True attempts=1 fallback=False
[role] 青铜针 -> non-core | ok=True attempts=1 fallback=False
[role] 中医理论经典 -> core | ok=True attempts=1 fallback=False
[role] 黄老著作 -> non-core | ok=True attempts=1 fallback=False
[role] 针具 -> core | ok=True attempts=1 fallback=False
[role] 阳燧 -> non-core | ok=True attempts=1 fallback=False
[role] 锋针 -> non-core | ok=True attempts=1 fallback=False
[role] 镵针 -> non-core | ok=True attempts=1 fallback=False
[role] 铜罐 -> non-core | ok=True attempts=1 fallback=False
[role] 铍针 -> non-core | ok=True attempts=1 fallback=False
[role] 不锈钢毫针 -> non-core | ok=True attempts=1 fallback=False
[role] 灸板 -> non-core | ok=True attempts=1 fallback=False
[role] 灸盏 -> non-core | ok=True attempts=1 fallback=False
[role] 毫针 -> core | ok=True attempts=1 fallback=False
[role] 灸具 -> core | ok=True attempts=1 fallback=False
[role] 艾炷灸 -> non-core | ok=True attempts=1 fallback=False
[role] 实习用具 -> non-core | ok=True attempts=1 fallback=False
[role] 中医教习器具 -> core | ok=True attempts=1 fallback=False
[role] 药线灸 -> non-core | ok=True attempts=1 fallback=False
[role] 温灸器 -> non-core | ok=True attempts=1 fallback=False
[role] 针灸铜人 -> non-core | ok=True attempts=1 fallback=False
[role] 艾卷灸 -> core | ok=True attempts=1 fallback=False
[role] 艾斗 -> non-core | ok=True attempts=1 fallback=False
[role] 中医古籍 -> core | ok=True attempts=1 fallback=False
[role] 灯火灸 -> non-core | ok=True attempts=1 fallback=False
[role] 教科书 -> core | ok=True attempts=1 fallback=False
[role] 本草 -> core | ok=True attempts=1 fallback=False
[role] 甲骨 -> core | ok=True attempts=1 fallback=False
[role] 缣帛 -> core | ok=True attempts=1 fallback=False
[role] 医案 -> core | ok=True attempts=1 fallback=False
[role] 方书 -> core | ok=True attempts=1 fallback=False
[role] 北宋天圣年间 -> non-core | ok=True attempts=1 fallback=False
[role] 纸质文献 -> core | ok=True attempts=1 fallback=False
[role] 简牍 -> core | ok=True attempts=1 fallback=False
[role] 金石 -> core | ok=True attempts=1 fallback=False
[role] 纸质刻本 -> core | ok=True attempts=1 fallback=False
[role] 经络穴位 -> non-core | ok=True attempts=1 fallback=False
[role] 王惟一 -> non-core | ok=True attempts=1 fallback=False
[role] 清乾隆铜人 -> non-core | ok=True attempts=1 fallback=False
[role] 腧穴准则 -> non-core | ok=True attempts=1 fallback=False
[role] 嘉靖铜人 -> non-core | ok=True attempts=1 fallback=False
[role] 山西广盛号 -> non-core | ok=True attempts=1 fallback=False
[role] 明正统铜人 -> non-core | ok=True attempts=1 fallback=False
[role] 蒙医铜人 -> non-core | ok=True attempts=1 fallback=False
[role] 医药堂 -> non-core | ok=True attempts=1 fallback=False
[role] 太医局熟药所 -> non-core | ok=True attempts=1 fallback=False
[role] 乐显扬 -> non-core | ok=True attempts=1 fallback=False
[role] 龟龄集 -> non-core | ok=True attempts=1 fallback=False
[role] 北京同仁堂 -> core | ok=True attempts=1 fallback=False
[role] 陈体全 -> non-core | ok=True attempts=1 fallback=False
[role] 胡雪岩 -> non-core | ok=True attempts=1 fallback=False
[role] 雷大升 -> non-core | ok=True attempts=1 fallback=False
[role] 李升佐 -> non-core | ok=True attempts=1 fallback=False
[role] 六神丸 -> non-core | ok=True attempts=1 fallback=False
[role] 上海雷允上药堂 -> non-core | ok=True attempts=1 fallback=False
[role] 民间慈善机构 -> non-core | ok=True attempts=1 fallback=False
[role] 北同仁堂、南雷允上 -> non-core | ok=True attempts=1 fallback=False
[role] 杭州胡庆余堂 -> non-core | ok=True attempts=1 fallback=False
[role] 广州陈李济杏和堂 -> non-core | ok=True attempts=1 fallback=False
[role] 别坊 -> non-core | ok=True attempts=1 fallback=False
[role] 汉中时济堂 -> non-core | ok=True attempts=1 fallback=False
[role] 蜡丸 -> non-core | ok=True attempts=1 fallback=False
[role] 病人坊 -> non-core | ok=True attempts=1 fallback=False
[role] 福田院 -> non-core | ok=True attempts=1 fallback=False
[role] 和剂局 -> core | ok=True attempts=1 fallback=False
[role] 普救病坊 -> non-core | ok=True attempts=1 fallback=False
[role] 病坊 -> core | ok=True attempts=1 fallback=False
[role] 官办医院 -> core | ok=True attempts=1 fallback=False
[role] 卫生司 -> non-core | ok=True attempts=1 fallback=False
[role] 生药库 -> non-core | ok=True attempts=1 fallback=False
[role] 养济院 -> non-core | ok=True attempts=1 fallback=False
[role] 广州方便医院 -> non-core | ok=True attempts=1 fallback=False
[role] 上海广益中医院 -> non-core | ok=True attempts=1 fallback=False
[role] 葫芦 -> non-core | ok=True attempts=1 fallback=False
[role] 串铃 -> non-core | ok=True attempts=1 fallback=False
[role] 《串雅》 -> core | ok=True attempts=1 fallback=False
[role] 铃医 -> core | ok=True attempts=1 fallback=False
[role] 伏羲 -> non-core | ok=True attempts=1 fallback=False
[role] 女娲 -> non-core | ok=True attempts=1 fallback=False
[role] 李次口 -> non-core | ok=True attempts=1 fallback=False
[role] 混沌状态 -> non-core | ok=True attempts=1 fallback=False
[role] 生命崇拜图腾 -> non-core | ok=True attempts=1 fallback=False
[role] 悬壶 -> non-core | ok=True attempts=1 fallback=False
[role] 阴阳未分的婴儿 -> non-core | ok=True attempts=1 fallback=False
[role] 身份标志 -> non-core | ok=True attempts=1 fallback=False
[role] 回归混沌的理想境界 -> non-core | ok=True attempts=1 fallback=False
[role] 玄鸟 -> non-core | ok=True attempts=1 fallback=False
[role] 费长房 -> non-core | ok=True attempts=1 fallback=False
[role] 老翁 -> non-core | ok=True attempts=1 fallback=False
[role] 行医 -> non-core | ok=True attempts=1 fallback=False
[role] 郎中 -> non-core | ok=True attempts=1 fallback=False
[role] 道术 -> core | ok=True attempts=1 fallback=False
[role] 铁盒 -> non-core | ok=True attempts=1 fallback=False
[role] 悬壶济世 -> non-core | ok=True attempts=1 fallback=False
[role] 名医 -> non-core | ok=True attempts=1 fallback=False
[role] 陶罐 -> non-core | ok=True attempts=1 fallback=False
[role] 盛药器具 -> core | ok=True attempts=1 fallback=False
[role] 招牌 -> non-core | ok=True attempts=1 fallback=False
[role] 中医诊疗器具 -> core | ok=True attempts=1 fallback=False
[role] 木箱 -> non-core | ok=True attempts=1 fallback=False
[role] 按摩用具 -> core | ok=True attempts=1 fallback=False
[role] 大针 -> non-core | ok=True attempts=1 fallback=False
[role] 圆针 -> non-core | ok=True attempts=1 fallback=False
[role] 圆利针 -> non-core | ok=True attempts=1 fallback=False
[role] 鍉针 -> non-core | ok=True attempts=1 fallback=False
[role] 古籍 -> core | ok=True attempts=1 fallback=False
[role] 药条灸 -> non-core | ok=True attempts=1 fallback=False
[role] 长针 -> non-core | ok=True attempts=1 fallback=False
[role] 明嘉靖铜人 -> non-core | ok=True attempts=1 fallback=False
[role] 民国铜人 -> non-core | ok=True attempts=1 fallback=False
[role] 医话 -> core | ok=True attempts=1 fallback=False
[role] 医论 -> core | ok=True attempts=1 fallback=False
[role] 经络系统 -> core | ok=True attempts=1 fallback=False
[role] 腧穴经络准则 -> non-core | ok=True attempts=1 fallback=False
[role] 蒙古族艺术风格 -> non-core | ok=True attempts=1 fallback=False
[role] 张仲景坐堂行医 -> non-core | ok=True attempts=1 fallback=False
[role] 采办务真，修制务精 -> non-core | ok=True attempts=1 fallback=False
[role] 针灸学 -> core | ok=True attempts=1 fallback=False
[role] 广州陈李济 -> non-core | ok=True attempts=1 fallback=False
[role] 三大中成药基地 -> non-core | ok=True attempts=1 fallback=False
[role] 蒙医特色 -> non-core | ok=True attempts=1 fallback=False
[role] 炮制虽繁必不敢省人工，品味虽贵必不敢减物力 -> non-core | ok=True attempts=1 fallback=False
[role] 戒欺 -> non-core | ok=True attempts=1 fallback=False
[role] 周代分科诊疗的医生制度 -> core | ok=True attempts=1 fallback=False
[role] 四大药局 -> core | ok=True attempts=1 fallback=False
[role] 汉代疫情救济 -> non-core | ok=True attempts=1 fallback=False
[role] 熟药所 -> non-core | ok=True attempts=1 fallback=False
[role] 南北朝佛教道教的医疗慈善 -> non-core | ok=True attempts=1 fallback=False
[role] 允执其信，上品为宗 -> non-core | ok=True attempts=1 fallback=False
[role] 寺庙道观 -> core | ok=True attempts=1 fallback=False
[role] 太平惠民局 -> non-core | ok=True attempts=1 fallback=False
[role] 上海各中医院 -> non-core | ok=True attempts=1 fallback=False
[role] 中华老字号 -> core | ok=True attempts=1 fallback=False
[role] 太医大使 -> non-core | ok=True attempts=1 fallback=False
[role] 十三科 -> non-core | ok=True attempts=1 fallback=False
[role] 九科 -> non-core | ok=True attempts=1 fallback=False
[role] 医官选派考核 -> non-core | ok=True attempts=1 fallback=False
[role] 生药库管理 -> non-core | ok=True attempts=1 fallback=False
[role] 医学教育 -> core | ok=True attempts=1 fallback=False
[role] 隔物灸 -> non-core | ok=True attempts=1 fallback=False
[role] 骨针 -> non-core | ok=True attempts=1 fallback=False
[role] 中医药招幌 -> core | ok=True attempts=1 fallback=False
[role] 胡庆余堂 -> non-core | ok=True attempts=1 fallback=False
[role] 同仁堂 -> core | ok=True attempts=1 fallback=False
[role] 陈李济 -> non-core | ok=True attempts=1 fallback=False
[role] 灸罩 -> non-core | ok=True attempts=1 fallback=False
[role] 人更三圣，世历三古 -> non-core | ok=True attempts=1 fallback=False
[role] 文王 -> non-core | ok=True attempts=1 fallback=False
[role] 数字卦 -> core | ok=True attempts=1 fallback=False
[role] 《易传》 -> core | ok=True attempts=1 fallback=False
[role] 顾炎武 -> non-core | ok=True attempts=1 fallback=False
[role] 孔子 -> core | ok=True attempts=1 fallback=False
[role] 六十四卦 -> core | ok=True attempts=1 fallback=False
[role] 神农 -> non-core | ok=True attempts=1 fallback=False
[role] 卦爻辞 -> non-core | ok=True attempts=1 fallback=False
[role] 夏禹 -> non-core | ok=True attempts=1 fallback=False
[role] 《左传》 -> core | ok=True attempts=1 fallback=False
[role] 欧阳修 -> non-core | ok=True attempts=1 fallback=False
[role] 卦辞 -> non-core | ok=True attempts=1 fallback=False
[role] 周公 -> non-core | ok=True attempts=1 fallback=False
[role] 《易经》 -> core | ok=True attempts=1 fallback=False
[role] 爻辞 -> non-core | ok=True attempts=1 fallback=False
[role] 占筮派 -> core | ok=True attempts=1 fallback=False
[role] 卦气 -> core | ok=True attempts=1 fallback=False
[role] 易学 -> core | ok=True attempts=1 fallback=False
[role] 义理派 -> core | ok=True attempts=1 fallback=False
[role] 纳甲 -> core | ok=True attempts=1 fallback=False
[role] 爻辰 -> non-core | ok=True attempts=1 fallback=False
[role] 象数派 -> core | ok=True attempts=1 fallback=False
[role] 玄学义理派 -> core | ok=True attempts=1 fallback=False
[role] 图书之学 -> core | ok=True attempts=1 fallback=False
[role] 宋易 -> core | ok=True attempts=1 fallback=False
[role] 爻性 -> non-core | ok=True attempts=1 fallback=False
[role] 卦象 -> core | ok=True attempts=1 fallback=False
[role] 佛易糅合派 -> core | ok=True attempts=1 fallback=False
[role] 汉易 -> core | ok=True attempts=1 fallback=False
[role] 爻位 -> core | ok=True attempts=1 fallback=False
[role] 爻象 -> core | ok=True attempts=1 fallback=False
[role] 爻数 -> non-core | ok=True attempts=1 fallback=False
[role] 易数 -> core | ok=True attempts=1 fallback=False
[role] 乾坤策数 -> non-core | ok=True attempts=1 fallback=False
[role] 大衍之数 -> core | ok=True attempts=1 fallback=False
[role] 天地之数 -> core | ok=True attempts=1 fallback=False
[role] 河图洛书之数 -> core | ok=True attempts=1 fallback=False
[role] 五行生成数之十数图 -> non-core | ok=True attempts=1 fallback=False
[role] 数在象先 -> core | ok=True attempts=1 fallback=False
[role] 象在数先 -> core | ok=True attempts=1 fallback=False
[role] 河图洛书 -> core | ok=True attempts=1 fallback=False
[role] 卦数 -> non-core | ok=True attempts=1 fallback=False
[role] 生数 -> non-core | ok=True attempts=1 fallback=False
[role] 九宫九数图 -> core | ok=True attempts=1 fallback=False
[role] 成数 -> non-core | ok=True attempts=1 fallback=False
[role] 易先天图 -> non-core | ok=True attempts=1 fallback=False
[role] 天地之数五十有五 -> non-core | ok=True attempts=1 fallback=False
[role] 左阴右阳 -> non-core | ok=True attempts=1 fallback=False
[role] 天地自然河图 -> non-core | ok=True attempts=1 fallback=False
[role] 太极图 -> core | ok=True attempts=1 fallback=False
[role] 古太极图 -> core | ok=True attempts=1 fallback=False
[role] 九宫八卦图 -> core | ok=True attempts=1 fallback=False
[role] 后天八卦方位 -> core | ok=True attempts=1 fallback=False
[role] 阴阳鱼 -> non-core | ok=True attempts=1 fallback=False
[role] 张行成 -> non-core | ok=True attempts=1 fallback=False
[role] 赵㧑谦 -> non-core | ok=True attempts=1 fallback=False
[role] 先天六十四卦 -> core | ok=True attempts=1 fallback=False
[role] 元气 -> core | ok=True attempts=1 fallback=False
[role] 赵仲全 -> non-core | ok=True attempts=1 fallback=False
[role] 章潢 -> non-core | ok=True attempts=1 fallback=False
[role] 阳 -> core | ok=True attempts=1 fallback=False
[role] 《翼玄》 -> core | ok=True attempts=1 fallback=False
[role] 先天八卦 -> core | ok=True attempts=1 fallback=False
[role] 气一元论 -> core | ok=True attempts=1 fallback=False
[role] 太阴 -> core | ok=True attempts=1 fallback=False
[role] 阴 -> core | ok=True attempts=1 fallback=False
[role] 阴阳转化 -> core | ok=True attempts=1 fallback=False
[role] 乾 -> core | ok=True attempts=1 fallback=False
[role] 震 -> core | ok=True attempts=1 fallback=False
[role] 太阳 -> core | ok=True attempts=1 fallback=False
[role] 少阳 -> core | ok=True attempts=1 fallback=False
[role] 离 -> non-core | ok=True attempts=1 fallback=False
[role] 少阴 -> core | ok=True attempts=1 fallback=False
[role] 艮 -> core | ok=True attempts=1 fallback=False
[role] 巽 -> core | ok=True attempts=1 fallback=False
[role] 坤 -> core | ok=True attempts=1 fallback=False
[role] 坎 -> core | ok=True attempts=1 fallback=False
[role] 三才 -> core | ok=True attempts=1 fallback=False
[role] 大衍之数五十 -> non-core | ok=True attempts=1 fallback=False
[role] 乾策 -> non-core | ok=True attempts=1 fallback=False
[role] 二篇总策 -> non-core | ok=True attempts=1 fallback=False
[role] 兑 -> core | ok=True attempts=1 fallback=False
[role] 坤策 -> non-core | ok=True attempts=1 fallback=False
[role] 大衍预测之法 -> core | ok=True attempts=1 fallback=False
[role] 万物之数 -> non-core | ok=True attempts=1 fallback=False
[role] 阴阳爻 -> core | ok=True attempts=1 fallback=False
[role] 宇宙生成论 -> core | ok=True attempts=1 fallback=False
[role] 象数对应关系 -> core | ok=True attempts=1 fallback=False
[role] 变易 -> core | ok=True attempts=1 fallback=False
[role] 卦变 -> core | ok=True attempts=1 fallback=False
[role] 物极必反 -> core | ok=True attempts=1 fallback=False
[role] 消长盈虚 -> core | ok=True attempts=1 fallback=False
[role] 动静相依 -> core | ok=True attempts=1 fallback=False
[role] 乾坤 -> core | ok=True attempts=1 fallback=False
[role] 潜龙 -> non-core | ok=True attempts=1 fallback=False
[role] 乾卦 -> core | ok=True attempts=1 fallback=False
[role] 剥复 -> non-core | ok=True attempts=1 fallback=False
[role] 亢龙 -> non-core | ok=True attempts=1 fallback=False
[role] 反复其道 -> core | ok=True attempts=1 fallback=False
[role] 十二辟卦 -> core | ok=True attempts=1 fallback=False
[role] 泰否 -> core | ok=True attempts=1 fallback=False
[role] 适时 -> core | ok=True attempts=1 fallback=False
[role] 时 -> core | ok=True attempts=1 fallback=False
[role] 位 -> core | ok=True attempts=1 fallback=False
[role] 后天八卦 -> core | ok=True attempts=1 fallback=False
[role] 偕时 -> core | ok=True attempts=1 fallback=False
[role] 时位思想 -> core | ok=True attempts=1 fallback=False
[role] 位不当 -> non-core | ok=True attempts=1 fallback=False
[role] 顺时 -> core | ok=True attempts=1 fallback=False
[role] 四时不忒 -> non-core | ok=True attempts=1 fallback=False
[role] 归妹 -> non-core | ok=True attempts=1 fallback=False
[role] 失时之患 -> core | ok=True attempts=1 fallback=False
[role] 大过 -> non-core | ok=True attempts=1 fallback=False
[role] 得中 -> core | ok=True attempts=1 fallback=False
[role] 小过 -> non-core | ok=True attempts=1 fallback=False
[role] 中和 -> core | ok=True attempts=1 fallback=False
[role] 《易经》占筮 -> core | ok=True attempts=1 fallback=False
[role] 栋隆 -> non-core | ok=True attempts=1 fallback=False
[role] 设卦观象系辞 -> non-core | ok=True attempts=1 fallback=False
[role] 栋桡 -> non-core | ok=True attempts=1 fallback=False
[role] 趋吉避凶 -> core | ok=True attempts=1 fallback=False
[role] 忧患意识 -> core | ok=True attempts=1 fallback=False
[role] 终日乾乾，夕惕若 -> non-core | ok=True attempts=1 fallback=False
[role] 适时而变 -> core | ok=True attempts=1 fallback=False
[role] 《小过》九三 -> non-core | ok=True attempts=1 fallback=False
[role] 天人合德 -> core | ok=True attempts=1 fallback=False
[role] 《乾》九三 -> non-core | ok=True attempts=1 fallback=False
[role] 无妄 -> non-core | ok=True attempts=1 fallback=False
[role] 有孚 -> non-core | ok=True attempts=1 fallback=False
[role] 与天地合其德 -> non-core | ok=True attempts=1 fallback=False
[role] 过防 -> non-core | ok=True attempts=1 fallback=False
[role] 吉 -> non-core | ok=True attempts=1 fallback=False
[role] 利 -> non-core | ok=True attempts=1 fallback=False
[role] 无咎 -> non-core | ok=True attempts=1 fallback=False
[role] 凶 -> non-core | ok=True attempts=1 fallback=False
[role] 吝 -> non-core | ok=True attempts=1 fallback=False
[role] 厉 -> non-core | ok=True attempts=1 fallback=False
[role] 孚 -> core | ok=True attempts=1 fallback=False
[role] 帛书《周易·易传·要》 -> core | ok=True attempts=1 fallback=False
[role] 祝卜 -> non-core | ok=True attempts=1 fallback=False
[role] 《象传》 -> core | ok=True attempts=1 fallback=False
[role] 《文言传》 -> core | ok=True attempts=1 fallback=False
[role] 天行健，君子以自强不息 -> non-core | ok=True attempts=1 fallback=False
[role] 地势坤，君子以厚德载物 -> non-core | ok=True attempts=1 fallback=False
[role] 德义 -> core | ok=True attempts=1 fallback=False
[role] 作事谋始 -> non-core | ok=True attempts=1 fallback=False
[role] 果行育德 -> non-core | ok=True attempts=1 fallback=False
[role] 元亨利贞 -> non-core | ok=True attempts=1 fallback=False
[role] 《系辞传》 -> core | ok=True attempts=1 fallback=False
[role] 义之和 -> non-core | ok=True attempts=1 fallback=False
[role] 善之长 -> non-core | ok=True attempts=1 fallback=False
[role] 事之干 -> non-core | ok=True attempts=1 fallback=False
[role] 嘉之会 -> non-core | ok=True attempts=1 fallback=False
[role] 《节》卦初九爻辞 -> non-core | ok=True attempts=1 fallback=False
[role] 四德 -> core | ok=True attempts=1 fallback=False
[role] 慎密 -> non-core | ok=True attempts=1 fallback=False
[role] 德之柄 -> non-core | ok=True attempts=1 fallback=False
[role] 《复》 -> non-core | ok=True attempts=1 fallback=False
[role] 《谦》 -> core | ok=True attempts=1 fallback=False
[role] 《大学》 -> core | ok=True attempts=1 fallback=False
[role] 德之本 -> core | ok=True attempts=1 fallback=False
[role] 德之基 -> core | ok=True attempts=1 fallback=False
[role] 洛书 -> core | ok=True attempts=1 fallback=False
[role] 自天子以至于庶人，壹是皆以修身为本 -> non-core | ok=True attempts=1 fallback=False
[role] 《履》 -> core | ok=True attempts=1 fallback=False
[role] 现象 -> core | ok=True attempts=1 fallback=False
[role] 中医藏象学说 -> core | ok=True attempts=1 fallback=False
[role] 兑卦 -> non-core | ok=True attempts=1 fallback=False
[role] 河图 -> core | ok=True attempts=1 fallback=False
[role] 左肝右肺 -> non-core | ok=True attempts=1 fallback=False
[role] 爻卦之数 -> core | ok=True attempts=1 fallback=False
[role] 太极之数 -> non-core | ok=True attempts=1 fallback=False
[role] 震卦 -> core | ok=True attempts=1 fallback=False
[role] 河洛之数 -> core | ok=True attempts=1 fallback=False
[role] 河图五行生成数 -> core | ok=True attempts=1 fallback=False
[role] 河图成数 -> non-core | ok=True attempts=1 fallback=False
[role] 洛书九宫数 -> non-core | ok=True attempts=1 fallback=False
[role] 易学辩证法 -> core | ok=True attempts=1 fallback=False
[role] 五脏之数 -> non-core | ok=True attempts=1 fallback=False
[role] 阴阳对立统一 -> core | ok=True attempts=1 fallback=False
[role] 事物永恒运动变化 -> core | ok=True attempts=1 fallback=False
[role] 中医阴阳学说 -> core | ok=True attempts=1 fallback=False
[role] 对立统一观 -> core | ok=True attempts=1 fallback=False
[role] 量变质变规律 -> core | ok=True attempts=1 fallback=False
[role] 表里 -> core | ok=True attempts=1 fallback=False
[role] 刚与柔 -> core | ok=True attempts=1 fallback=False
[role] 八纲辨证法 -> core | ok=True attempts=1 fallback=False
[role] 阴病治阳 -> core | ok=True attempts=1 fallback=False
[role] 乾与坤 -> core | ok=True attempts=1 fallback=False
[role] 中医气化学说 -> core | ok=True attempts=1 fallback=False
[role] 物之生从于化 -> core | ok=True attempts=1 fallback=False
[role] 阳病治阴 -> core | ok=True attempts=1 fallback=False
[role] 物之极由乎变 -> core | ok=True attempts=1 fallback=False
[role] 八卦学说 -> core | ok=True attempts=1 fallback=False
[role] 气机升降学说 -> core | ok=True attempts=1 fallback=False
[role] 整体观 -> core | ok=True attempts=1 fallback=False
[role] 阴阳交感 -> core | ok=True attempts=1 fallback=False
[role] 三才之道 -> core | ok=True attempts=1 fallback=False
[role] 卦爻符号 -> core | ok=True attempts=1 fallback=False
[role] 寒暑相临 -> non-core | ok=True attempts=1 fallback=False
[role] 人神之通应 -> non-core | ok=True attempts=1 fallback=False
[role] 气相得则和 -> core | ok=True attempts=1 fallback=False
[role] 不相得则病 -> non-core | ok=True attempts=1 fallback=False
[role] 天地之大纪 -> non-core | ok=True attempts=1 fallback=False
[role] 上下相遘 -> non-core | ok=True attempts=1 fallback=False
[role] 天人一体 -> core | ok=True attempts=1 fallback=False
[role] 平为期 -> non-core | ok=True attempts=1 fallback=False
[role] 阴胜阳病 -> non-core | ok=True attempts=1 fallback=False
[role] 阴平阳秘 -> core | ok=True attempts=1 fallback=False
[role] 中和思想 -> core | ok=True attempts=1 fallback=False
[role] 阴阳理论 -> core | ok=True attempts=1 fallback=False
[role] 时间医学 -> core | ok=True attempts=1 fallback=False
[role] 时位 -> core | ok=True attempts=1 fallback=False
[role] 五运六气 -> core | ok=True attempts=1 fallback=False
[role] 九宫八风 -> core | ok=True attempts=1 fallback=False
[role] 刚柔相推 -> non-core | ok=True attempts=1 fallback=False
[role] 一阴一阳之谓道 -> core | ok=True attempts=1 fallback=False
[role] 阴阳对立制约 -> core | ok=True attempts=1 fallback=False
[role] 相互转化 -> core | ok=True attempts=1 fallback=False
[role] 察色按脉，先别阴阳 -> core | ok=True attempts=1 fallback=False
[role] 消长平衡 -> core | ok=True attempts=1 fallback=False
[role] 阴阳二维模型 -> core | ok=True attempts=1 fallback=False
[role] 八卦图 -> core | ok=True attempts=1 fallback=False
[role] 背为阳，腹为阴 -> core | ok=True attempts=1 fallback=False
[role] 藏象理论 -> core | ok=True attempts=1 fallback=False
[role] 五运六气理论 -> core | ok=True attempts=1 fallback=False
[role] 六经辨证体系 -> core | ok=True attempts=1 fallback=False
[role] 六经 -> core | ok=True attempts=1 fallback=False
[role] 开合枢 -> core | ok=True attempts=1 fallback=False
[role] 木火土金水 -> core | ok=True attempts=1 fallback=False
[role] 《说卦传》 -> non-core | ok=True attempts=1 fallback=False
[role] 否卦 -> non-core | ok=True attempts=1 fallback=False
[role] 寒凉治法 -> core | ok=True attempts=1 fallback=False
[role] 泰卦 -> non-core | ok=True attempts=1 fallback=False
[role] 寒暑燥湿风火 -> core | ok=True attempts=1 fallback=False
[role] 甲子纪年 -> non-core | ok=True attempts=1 fallback=False
[role] 五体 -> core | ok=True attempts=1 fallback=False
[role] 火热病机 -> core | ok=True attempts=1 fallback=False
[role] 四时五行藏象 -> core | ok=True attempts=1 fallback=False
[role] 水善火恶 -> non-core | ok=True attempts=1 fallback=False
[role] 伤寒内热病理 -> non-core | ok=True attempts=1 fallback=False
[role] 补中益气汤 -> non-core | ok=True attempts=1 fallback=False
[role] 胆气升发 -> non-core | ok=True attempts=1 fallback=False
[role] 朱丹溪 -> non-core | ok=True attempts=1 fallback=False
[role] 太极动而生阳 -> non-core | ok=True attempts=1 fallback=False
[role] 孙一奎 -> non-core | ok=True attempts=1 fallback=False
[role] 坤土资生之理 -> core | ok=True attempts=1 fallback=False
[role] 脾胃论 -> core | ok=True attempts=1 fallback=False
[role] 《系辞》 -> core | ok=True attempts=1 fallback=False
[role] 李东垣 -> core | ok=True attempts=1 fallback=False
[role] 相火妄动 -> core | ok=True attempts=1 fallback=False
[role] 赵献可 -> non-core | ok=True attempts=1 fallback=False
[role] 张介宾 -> non-core | ok=True attempts=1 fallback=False
[role] 乾金之象 -> non-core | ok=True attempts=1 fallback=False
[role] 右归丸 -> non-core | ok=True attempts=1 fallback=False
[role] 太极命门学说 -> core | ok=True attempts=1 fallback=False
[role] 易学太极理论 -> core | ok=True attempts=1 fallback=False
[role] 水火命门 -> non-core | ok=True attempts=1 fallback=False
[role] 动气命门 -> non-core | ok=True attempts=1 fallback=False
[role] 命门 -> core | ok=True attempts=1 fallback=False
[role] 左归丸 -> non-core | ok=True attempts=1 fallback=False
[role] 肾间命门 -> core | ok=True attempts=1 fallback=False
[role] 五轮八廓理论 -> core | ok=True attempts=1 fallback=False
[role] 八卦模式 -> core | ok=True attempts=1 fallback=False
[role] 水廓 -> non-core | ok=True attempts=1 fallback=False
[role] 天廓 -> non-core | ok=True attempts=1 fallback=False
[role] 八卦面诊法 -> core | ok=True attempts=1 fallback=False
[role] 八廓 -> core | ok=True attempts=1 fallback=False
[role] 卫气营血 -> core | ok=True attempts=1 fallback=False
[role] 坎卦 -> non-core | ok=True attempts=1 fallback=False
[role] 四隅卦 -> non-core | ok=True attempts=1 fallback=False
[role] 观象 -> core | ok=True attempts=1 fallback=False
[role] 十二经络 -> core | ok=True attempts=1 fallback=False
[role] 取象运数 -> core | ok=True attempts=1 fallback=False
[role] 面部形色八卦图 -> non-core | ok=True attempts=1 fallback=False
[role] 证名 -> core | ok=True attempts=1 fallback=False
[role] 子午流注针法 -> core | ok=True attempts=1 fallback=False
[role] 五输穴 -> core | ok=True attempts=1 fallback=False
[role] 九宫八卦 -> core | ok=True attempts=1 fallback=False
[role] 飞腾八法 -> core | ok=True attempts=1 fallback=False
[role] 灵龟八法 -> core | ok=True attempts=1 fallback=False
[role] 干支 -> non-core | ok=True attempts=1 fallback=False
[role] 象数模型 -> core | ok=True attempts=1 fallback=False
[role] 八脉交会穴 -> core | ok=True attempts=1 fallback=False
[role] 运内八卦 -> non-core | ok=True attempts=1 fallback=False
[role] 外八卦 -> non-core | ok=True attempts=1 fallback=False
[role] 用六阴而三出三入 -> non-core | ok=True attempts=1 fallback=False
[role] 烧山火 -> non-core | ok=True attempts=1 fallback=False
[role] 用九阳而三进三退 -> non-core | ok=True attempts=1 fallback=False
[role] 摩腹 -> non-core | ok=True attempts=1 fallback=False
[role] 四气 -> core | ok=True attempts=1 fallback=False
[role] 透天凉 -> core | ok=True attempts=1 fallback=False
[role] 推揉膻中 -> non-core | ok=True attempts=1 fallback=False
[role] 升降浮沉 -> core | ok=True attempts=1 fallback=False
[role] 归经 -> core | ok=True attempts=1 fallback=False
[role] 子能明目 -> non-core | ok=True attempts=1 fallback=False
[role] 五季气化模型 -> core | ok=True attempts=1 fallback=False
[role] 皮以治皮 -> non-core | ok=True attempts=1 fallback=False
[role] 风升生 -> core | ok=True attempts=1 fallback=False
[role] 寒沉藏 -> core | ok=True attempts=1 fallback=False
[role] 燥降收 -> core | ok=True attempts=1 fallback=False
[role] 湿化成 -> core | ok=True attempts=1 fallback=False
[role] 热浮长 -> core | ok=True attempts=1 fallback=False
[role] 震兑卦 -> core | ok=True attempts=1 fallback=False
[role] 矛盾双方既对立又统一 -> core | ok=True attempts=1 fallback=False
[role] 天地人相应 -> core | ok=True attempts=1 fallback=False
[role] 八纲辨证 -> core | ok=True attempts=1 fallback=False
[role] 永恒运动变化 -> core | ok=True attempts=1 fallback=False
[role] 病理变化 -> core | ok=True attempts=1 fallback=False
[role] 气化学说 -> core | ok=True attempts=1 fallback=False
[role] 女七男八 -> non-core | ok=True attempts=1 fallback=False
[role] 生理功能 -> core | ok=True attempts=1 fallback=False
[role] 以平为期 -> core | ok=True attempts=1 fallback=False
[role] 未病先养 -> core | ok=True attempts=1 fallback=False
[role] 旦慧昼安 -> non-core | ok=True attempts=1 fallback=False
[role] 阴阳次序 -> core | ok=True attempts=1 fallback=False
[role] 时空藏象学说 -> core | ok=True attempts=1 fallback=False
[role] 五方空间 -> core | ok=True attempts=1 fallback=False
[role] 火热论 -> core | ok=True attempts=1 fallback=False
[role] 欲病救萌 -> core | ok=True attempts=1 fallback=False
[role] 坤土 -> non-core | ok=True attempts=1 fallback=False
[role] 适时调治 -> core | ok=True attempts=1 fallback=False
[role] 相火论 -> core | ok=True attempts=1 fallback=False
[role] 瘥后调摄 -> core | ok=True attempts=1 fallback=False
[role] 面部八卦图 -> non-core | ok=True attempts=1 fallback=False
[role] 乾金 -> non-core | ok=True attempts=1 fallback=False
[role] 八卦模型 -> core | ok=True attempts=1 fallback=False
[role] 藏象模型 -> core | ok=True attempts=1 fallback=False
[role] 风象 -> non-core | ok=True attempts=1 fallback=False
[role] 交泰丸 -> non-core | ok=True attempts=1 fallback=False
[role] 运八卦 -> non-core | ok=True attempts=1 fallback=False
[role] 四气五味 -> core | ok=True attempts=1 fallback=False
[role] 天一生水 -> non-core | ok=True attempts=1 fallback=False
[role] 子午流注 -> core | ok=True attempts=1 fallback=False
[role] 六一散 -> non-core | ok=True attempts=1 fallback=False
[role] 震兑 -> non-core | ok=True attempts=1 fallback=False
[role] 六经病欲解时 -> core | ok=True attempts=1 fallback=False
[role] 藏象学说 -> core | ok=True attempts=1 fallback=False
[role] 见几而作 -> non-core | ok=True attempts=1 fallback=False
[role] 先秦道家 -> core | ok=True attempts=1 fallback=False
[role] 黄老之学 -> core | ok=True attempts=1 fallback=False
[role] 面部八卦 -> non-core | ok=True attempts=1 fallback=False
[role] 脾胃学说 -> core | ok=True attempts=1 fallback=False
[role] 五轮八廓 -> core | ok=True attempts=1 fallback=False
[role] 观象取象运数 -> core | ok=True attempts=1 fallback=False
[role] 魏晋玄学 -> core | ok=True attempts=1 fallback=False
[role] 有无相生 -> core | ok=True attempts=1 fallback=False
[role] 三玄 -> non-core | ok=True attempts=1 fallback=False
[role] 小国寡民 -> core | ok=True attempts=1 fallback=False
[role] 何晏 -> non-core | ok=True attempts=1 fallback=False
[role] 《韩非子》 -> core | ok=True attempts=1 fallback=False
[role] 阮籍 -> non-core | ok=True attempts=1 fallback=False
[role] 致虚守静 -> core | ok=True attempts=1 fallback=False
[role] 养生之道 -> core | ok=True attempts=1 fallback=False
[role] 贵无 -> core | ok=True attempts=1 fallback=False
[role] 宋明理学 -> core | ok=True attempts=1 fallback=False
[role] 嵇康 -> non-core | ok=True attempts=1 fallback=False
[role] 王弼 -> non-core | ok=True attempts=1 fallback=False
[role] 《道德经》 -> core | ok=True attempts=1 fallback=False
[role] 墨家 -> core | ok=True attempts=1 fallback=False
[role] 道家思想 -> core | ok=True attempts=1 fallback=False
[role] 谶纬学 -> core | ok=True attempts=1 fallback=False
[role] 道家哲学 -> core | ok=True attempts=1 fallback=False
[role] 阴阳家 -> core | ok=True attempts=1 fallback=False
[role] 鬼神崇拜 -> core | ok=True attempts=1 fallback=False
[role] 神仙方术 -> core | ok=True attempts=1 fallback=False
[role] 儒家 -> core | ok=True attempts=1 fallback=False
[role] 越名教而任自然 -> core | ok=True attempts=1 fallback=False
[role] 治国修身法则 -> core | ok=True attempts=1 fallback=False
[role] 宇宙论 -> core | ok=True attempts=1 fallback=False
[role] 辩证思维 -> core | ok=True attempts=1 fallback=False
[role] 认识方法 -> core | ok=True attempts=1 fallback=False
[role] 教团组织 -> core | ok=True attempts=1 fallback=False
[role] 五斗米道 -> core | ok=True attempts=1 fallback=False
[role] 神仙信仰 -> core | ok=True attempts=1 fallback=False
[role] 宗派传承 -> core | ok=True attempts=1 fallback=False
[role] 仪式活动 -> core | ok=True attempts=1 fallback=False
[role] 太平道 -> core | ok=True attempts=1 fallback=False
[role] 科戒制度 -> core | ok=True attempts=1 fallback=False
[role] 葛氏派 -> core | ok=True attempts=1 fallback=False
[role] 方术迷信 -> core | ok=True attempts=1 fallback=False
[role] 新天师道 -> core | ok=True attempts=1 fallback=False
[role] 全真道 -> core | ok=True attempts=1 fallback=False
[role] 上清派 -> core | ok=True attempts=1 fallback=False
[role] 符箓 -> core | ok=True attempts=1 fallback=False
[role] 正一道 -> core | ok=True attempts=1 fallback=False
[role] 《道藏》 -> core | ok=True attempts=1 fallback=False
[role] 丹经 -> core | ok=True attempts=1 fallback=False
[role] 科技著作 -> core | ok=True attempts=1 fallback=False
[role] 戒律 -> core | ok=True attempts=1 fallback=False
[role] 道生一，一生二，二生三，三生万物 -> core | ok=True attempts=1 fallback=False
[role] 对立转化 -> core | ok=True attempts=1 fallback=False
[role] 周行而不殆 -> non-core | ok=True attempts=1 fallback=False
[role] 修道成仙 -> non-core | ok=True attempts=1 fallback=False
[role] 物壮则老 -> non-core | ok=True attempts=1 fallback=False
[role] 返本复初 -> core | ok=True attempts=1 fallback=False
[role] 元始天尊 -> core | ok=True attempts=1 fallback=False
[role] 长生不死 -> non-core | ok=True attempts=1 fallback=False
[role] 祸兮福之所倚 -> non-core | ok=True attempts=1 fallback=False
[role] 太上老君 -> non-core | ok=True attempts=1 fallback=False
[role] 人道同体 -> core | ok=True attempts=1 fallback=False
[role] 一 -> core | ok=True attempts=1 fallback=False
[role] 有无 -> core | ok=True attempts=1 fallback=False
[role] 心性 -> core | ok=True attempts=1 fallback=False
[role] 玄 -> core | ok=True attempts=1 fallback=False
[role] 动静 -> core | ok=True attempts=1 fallback=False
[role] 无极 -> core | ok=True attempts=1 fallback=False
[role] 心性学 -> core | ok=True attempts=1 fallback=False
[role] 理 -> core | ok=True attempts=1 fallback=False
[role] 重玄 -> core | ok=True attempts=1 fallback=False
[role] 三教合流 -> core | ok=True attempts=1 fallback=False
[role] 精气神 -> core | ok=True attempts=1 fallback=False
[role] 宇宙生成模式 -> core | ok=True attempts=1 fallback=False
[role] 二 -> core | ok=True attempts=1 fallback=False
[role] 道通为一 -> core | ok=True attempts=1 fallback=False
[role] 冲气以为和 -> non-core | ok=True attempts=1 fallback=False
[role] 《老子》第四十二章 -> non-core | ok=True attempts=1 fallback=False
[role] 三 -> core | ok=True attempts=1 fallback=False
[role] 得一 -> core | ok=True attempts=1 fallback=False
[role] 万物 -> core | ok=True attempts=1 fallback=False
[role] 自然 -> core | ok=True attempts=1 fallback=False
[role] 《齐物论》 -> core | ok=True attempts=1 fallback=False
[role] 《老子》第三十九章 -> non-core | ok=True attempts=1 fallback=False
[role] 善 -> core | ok=True attempts=1 fallback=False
[role] 美 -> core | ok=True attempts=1 fallback=False
[role] 道法自然 -> core | ok=True attempts=1 fallback=False
[role] 真 -> core | ok=True attempts=1 fallback=False
[role] 以辅万物之自然而不敢为 -> core | ok=True attempts=1 fallback=False
[role] 人为 -> non-core | ok=True attempts=1 fallback=False
[role] 素 -> non-core | ok=True attempts=1 fallback=False
[role] 朴 -> non-core | ok=True attempts=1 fallback=False
[role] 独立而不改 -> core | ok=True attempts=1 fallback=False
[role] 太上，不知有之 -> core | ok=True attempts=1 fallback=False
[role] 虚无为本 -> core | ok=True attempts=1 fallback=False
[role] 见素抱朴，少私寡欲 -> core | ok=True attempts=1 fallback=False
[role] 朴素 -> core | ok=True attempts=1 fallback=False
[role] 致虚极，守静笃 -> core | ok=True attempts=1 fallback=False
[role] 谷神不死 -> core | ok=True attempts=1 fallback=False
[role] 敝而新成 -> non-core | ok=True attempts=1 fallback=False
[role] 道冲而用之 -> core | ok=True attempts=1 fallback=False
[role] 不欲以静 -> core | ok=True attempts=1 fallback=False
[role] 橐龠 -> core | ok=True attempts=1 fallback=False
[role] 清静无为 -> core | ok=True attempts=1 fallback=False
[role] 静为躁君 -> core | ok=True attempts=1 fallback=False
[role] 归根曰静 -> core | ok=True attempts=1 fallback=False
[role] 无为而治 -> core | ok=True attempts=1 fallback=False
[role] 天道自然 -> core | ok=True attempts=1 fallback=False
[role] 清静为天下正 -> core | ok=True attempts=1 fallback=False
[role] 静曰复命 -> non-core | ok=True attempts=1 fallback=False
[role] 黄老学说 -> core | ok=True attempts=1 fallback=False
[role] 贵静，不重变法 -> core | ok=True attempts=1 fallback=False
[role] 人道无为 -> core | ok=True attempts=1 fallback=False
[role] 《淮南子》 -> core | ok=True attempts=1 fallback=False
[role] 听其自流 -> non-core | ok=True attempts=1 fallback=False
[role] 辅万物之自然而为 -> core | ok=True attempts=1 fallback=False
[role] 人尽其才 -> non-core | ok=True attempts=1 fallback=False
[role] 庖丁解牛 -> non-core | ok=True attempts=1 fallback=False
[role] 以民为本 -> core | ok=True attempts=1 fallback=False
[role] 顺自然之道，行人为之事 -> core | ok=True attempts=1 fallback=False
[role] 循理而举事 -> core | ok=True attempts=1 fallback=False
[role] 有 -> core | ok=True attempts=1 fallback=False
[role] 无 -> core | ok=True attempts=1 fallback=False
[role] 顺应大道 -> core | ok=True attempts=1 fallback=False
[role] 贵无论 -> core | ok=True attempts=1 fallback=False
[role] 以无为本 -> core | ok=True attempts=1 fallback=False
[role] 天下万物生于有，有生于无 -> core | ok=True attempts=1 fallback=False
[role] 无生有 -> core | ok=True attempts=1 fallback=False
[role] 道生万物 -> core | ok=True attempts=1 fallback=False
[role] 物尽其用 -> core | ok=True attempts=1 fallback=False
[role] 本末 -> non-core | ok=True attempts=1 fallback=False
[role] 尚无薄有 -> non-core | ok=True attempts=1 fallback=False
[role] 母子关系 -> core | ok=True attempts=1 fallback=False
[role] 归藏 -> core | ok=True attempts=1 fallback=False
[role] 管子 -> core | ok=True attempts=1 fallback=False
[role] 尚阴贵柔 -> core | ok=True attempts=1 fallback=False
[role] 万物之本原 -> core | ok=True attempts=1 fallback=False
[role] 重道轻器 -> core | ok=True attempts=1 fallback=False
[role] 弱者，道之用 -> core | ok=True attempts=1 fallback=False
[role] 上善若水 -> core | ok=True attempts=1 fallback=False
[role] 尚书·洪范 -> core | ok=True attempts=1 fallback=False
[role] 重生贵命 -> core | ok=True attempts=1 fallback=False
[role] 《老子》第二十五章 -> non-core | ok=True attempts=2 fallback=False
[role] 功成身退 -> non-core | ok=True attempts=1 fallback=False
[role] 谦虚退让 -> core | ok=True attempts=1 fallback=False
[role] 尊生 -> core | ok=True attempts=1 fallback=False
[role] 知止 -> core | ok=True attempts=1 fallback=False
[role] 随侯之珠弹千仞之雀 -> non-core | ok=True attempts=1 fallback=False
[role] 善摄生 -> core | ok=True attempts=1 fallback=False
[role] 两臂重于天下 -> non-core | ok=True attempts=1 fallback=False
[role] 知足 -> core | ok=True attempts=1 fallback=False
[role] 长生久安 -> core | ok=True attempts=1 fallback=False
[role] 至人无己 -> core | ok=True attempts=1 fallback=False
[role] 物物而不物于物 -> core | ok=True attempts=1 fallback=False
[role] 神人无功 -> core | ok=True attempts=1 fallback=False
[role] 圣人无名 -> core | ok=True attempts=1 fallback=False
[role] 万物悉备，莫贵于人 -> non-core | ok=True attempts=1 fallback=False
[role] 《玄纲论》 -> core | ok=True attempts=1 fallback=False
[role] 逍遥 -> core | ok=True attempts=1 fallback=False
[role] 《太平经》 -> core | ok=True attempts=1 fallback=False
[role] 无为 -> core | ok=True attempts=1 fallback=False
[role] 唐玄宗 -> non-core | ok=True attempts=1 fallback=False
[role] 德 -> core | ok=True attempts=1 fallback=False
[role] 清静 -> core | ok=True attempts=1 fallback=False
[role] 日月山川诸神 -> non-core | ok=True attempts=1 fallback=False
[role] 天道 -> core | ok=True attempts=1 fallback=False
[role] 修道积德 -> non-core | ok=True attempts=1 fallback=False
[role] 三清 -> core | ok=True attempts=1 fallback=False
[role] 四御 -> core | ok=True attempts=1 fallback=False
[role] 鬼道 -> core | ok=True attempts=1 fallback=False
[role] 人道 -> core | ok=True attempts=1 fallback=False
[role] 地道 -> core | ok=True attempts=1 fallback=False
[role] 道教重生 -> core | ok=True attempts=1 fallback=False
[role] 《抱朴子·内篇·勤求》 -> non-core | ok=True attempts=1 fallback=False
[role] 长生 -> core | ok=True attempts=1 fallback=False
[role] 《天隐子·神解》 -> non-core | ok=True attempts=1 fallback=False
[role] 神仙崇拜 -> core | ok=True attempts=1 fallback=False
[role] 不死观念 -> non-core | ok=True attempts=1 fallback=False
[role] 生 -> core | ok=True attempts=1 fallback=False
[role] 《三洞群仙录》 -> non-core | ok=True attempts=1 fallback=False
[role] 长生成仙 -> core | ok=True attempts=1 fallback=False
[role] 《金莲仙史》 -> core | ok=True attempts=1 fallback=False
[role] 《坐忘论》 -> core | ok=True attempts=1 fallback=False
[role] 《庄子》 -> core | ok=True attempts=1 fallback=False
[role] 与道合一 -> core | ok=True attempts=1 fallback=False
[role] 丘处机 -> non-core | ok=True attempts=1 fallback=False
[role] 《老子想尔注》 -> core | ok=True attempts=1 fallback=False
[role] 《神仙传》 -> core | ok=True attempts=1 fallback=False
[role] 科仪 -> core | ok=True attempts=1 fallback=False
[role] 玄牝 -> core | ok=True attempts=1 fallback=False
[role] 道教礼仪 -> core | ok=True attempts=1 fallback=False
[role] 生，道之别体也 -> non-core | ok=True attempts=1 fallback=False
[role] 礼教 -> core | ok=True attempts=1 fallback=False
[role] 斋 -> non-core | ok=True attempts=1 fallback=False
[role] 得道 -> non-core | ok=True attempts=1 fallback=False
[role] 斋醮 -> core | ok=True attempts=1 fallback=False
[role] 醮 -> non-core | ok=True attempts=1 fallback=False
[role] 杜光庭 -> non-core | ok=True attempts=1 fallback=False
[role] 外斋 -> non-core | ok=True attempts=1 fallback=False
[role] 陆修静 -> non-core | ok=True attempts=1 fallback=False
[role] 内斋 -> core | ok=True attempts=1 fallback=False
[role] 寇谦之 -> non-core | ok=True attempts=1 fallback=False
[role] 坛场 -> non-core | ok=True attempts=1 fallback=False
[role] 幡 -> non-core | ok=True attempts=1 fallback=False
[role] 三箓七品 -> non-core | ok=True attempts=1 fallback=False
[role] 香 -> non-core | ok=True attempts=1 fallback=False
[role] 花 -> non-core | ok=True attempts=1 fallback=False
[role] 都讲 -> non-core | ok=True attempts=1 fallback=False
[role] 三法师 -> non-core | ok=True attempts=1 fallback=False
[role] 监斋 -> core | ok=True attempts=1 fallback=False
[role] 高功 -> core | ok=True attempts=1 fallback=False
[role] 上供 -> non-core | ok=True attempts=1 fallback=False
[role] 冠服 -> non-core | ok=True attempts=1 fallback=False
[role] 祝香 -> non-core | ok=True attempts=1 fallback=False
[role] 降神 -> non-core | ok=True attempts=1 fallback=False
[role] 送神 -> non-core | ok=True attempts=1 fallback=False
[role] 法剑 -> non-core | ok=True attempts=1 fallback=False
[role] 上表 -> core | ok=True attempts=1 fallback=False
[role] 术 -> non-core | ok=True attempts=1 fallback=False
[role] 步虚 -> non-core | ok=True attempts=1 fallback=False
[role] 存思 -> non-core | ok=True attempts=1 fallback=False
[role] 醮坛清规 -> non-core | ok=True attempts=1 fallback=False
[role] 导引 -> non-core | ok=True attempts=1 fallback=False
[role] 行气 -> non-core | ok=True attempts=1 fallback=False
[role] 修炼养生方术 -> core | ok=True attempts=1 fallback=False
[role] 咒语 -> core | ok=True attempts=1 fallback=False
[role] 堪舆 -> core | ok=True attempts=1 fallback=False
[role] 风水占验杂技 -> non-core | ok=True attempts=1 fallback=False
[role] 吞雾吐火 -> non-core | ok=True attempts=1 fallback=False
[role] 外丹 -> core | ok=True attempts=1 fallback=False
[role] 内丹 -> core | ok=True attempts=1 fallback=False
[role] 召役鬼神与禳灾治病法术 -> core | ok=True attempts=1 fallback=False
[role] 服饵 -> core | ok=True attempts=1 fallback=False
[role] 炼丹 -> core | ok=True attempts=1 fallback=False
[role] 规律 -> core | ok=True attempts=1 fallback=False
[role] 宇宙本原 -> core | ok=True attempts=1 fallback=False
[role] 负阴抱阳 -> core | ok=True attempts=1 fallback=False
[role] 人道合一 -> core | ok=True attempts=1 fallback=False
[role] 辅助自然 -> core | ok=True attempts=1 fallback=False
[role] 无为之治 -> core | ok=True attempts=1 fallback=False
[role] 祸兮福之所倚，福兮祸之所伏 -> core | ok=True attempts=1 fallback=False
[role] 见素抱朴 -> core | ok=True attempts=1 fallback=False
[role] 少私寡欲 -> core | ok=True attempts=1 fallback=False
[role] 神仙不死 -> core | ok=True attempts=1 fallback=False
[role] 谷神不死，是谓玄牝 -> non-core | ok=True attempts=1 fallback=False
[role] 不欲以静，天下将自定 -> non-core | ok=True attempts=1 fallback=False
[role] 冲 -> core | ok=True attempts=1 fallback=False
[role] 道冲而用之或不盈 -> non-core | ok=True attempts=1 fallback=False
[role] 天地之间其犹橐龠乎 -> non-core | ok=True attempts=1 fallback=False
[role] 无欲 -> core | ok=True attempts=1 fallback=False
[role] 归根曰静，静曰复命 -> non-core | ok=True attempts=1 fallback=False
[role] 顺其自然 -> core | ok=True attempts=1 fallback=False
[role] 禾稼春生 -> non-core | ok=True attempts=1 fallback=False
[role] 治大国而数变法，则民苦之 -> non-core | ok=True attempts=1 fallback=False
[role] 有道之君贵静不重变法 -> non-core | ok=True attempts=1 fallback=False
[role] 水东流 -> non-core | ok=True attempts=1 fallback=False
[role] 循理而举事，因资而立 -> core | ok=True attempts=1 fallback=False
[role] 因天时 -> core | ok=True attempts=1 fallback=False
[role] 用人力 -> core | ok=True attempts=1 fallback=False
[role] 《归藏》 -> core | ok=True attempts=1 fallback=False
[role] 利万物而不争 -> non-core | ok=True attempts=1 fallback=False
[role] 功遂身退 -> non-core | ok=True attempts=1 fallback=False
[role] 《让王》 -> core | ok=True attempts=1 fallback=False
[role] 《坤》卦 -> core | ok=True attempts=1 fallback=False
[role] 民者国之本 -> non-core | ok=True attempts=1 fallback=False
[role] 以随侯之珠弹千仞之雀 -> non-core | ok=True attempts=1 fallback=False
[role] 能尊生者 -> non-core | ok=True attempts=1 fallback=False
[role] 知足不辱，知止不殆 -> core | ok=True attempts=1 fallback=False
[role] 尽地财 -> core | ok=True attempts=1 fallback=False
[role] 至人无己，神人无功，圣人无名 -> core | ok=True attempts=1 fallback=False
[role] 生命之学 -> core | ok=True attempts=1 fallback=False
[role] 《素问·宝命全形论》 -> core | ok=True attempts=1 fallback=False
[role] 《逍遥游》 -> core | ok=True attempts=1 fallback=False
[role] 逍遥境界 -> core | ok=True attempts=1 fallback=False
[role] 顺应自然之道 -> core | ok=True attempts=1 fallback=False
[role] 吴筠 -> non-core | ok=True attempts=1 fallback=False
[role] 与大道合一的自由境界 -> non-core | ok=True attempts=1 fallback=False
[role] 生命永恒 -> core | ok=True attempts=1 fallback=False
[role] 死亡 -> core | ok=True attempts=1 fallback=False
[role] 仙道 -> core | ok=True attempts=1 fallback=False
[role] 《道教义枢》 -> core | ok=True attempts=1 fallback=False
[role] 道的化身 -> non-core | ok=True attempts=1 fallback=False
[role] 修炼 -> core | ok=True attempts=1 fallback=False
[role] 凡人仙化 -> non-core | ok=True attempts=1 fallback=False
[role] 神通 -> core | ok=True attempts=1 fallback=False
[role] 真道 -> non-core | ok=True attempts=1 fallback=False
[role] 长生不死方术 -> core | ok=True attempts=1 fallback=False
[role] 灵宝派 -> core | ok=True attempts=1 fallback=False
[role] 斋醮科仪 -> core | ok=True attempts=1 fallback=False
[role] 清虚 -> core | ok=True attempts=1 fallback=False
[role] 风水占验 -> core | ok=True attempts=1 fallback=False
[role] 步罡 -> non-core | ok=True attempts=1 fallback=False
[role] 柔弱胜刚强 -> non-core | ok=True attempts=1 fallback=False
[role] 老子道学 -> core | ok=True attempts=1 fallback=False
[role] 《老子》 -> core | ok=True attempts=1 fallback=False
[role] 王弼贵无论 -> non-core | ok=True attempts=1 fallback=False
[role] 先天地而生 -> non-core | ok=True attempts=1 fallback=False
[role] 宇宙万物 -> core | ok=True attempts=1 fallback=False
[role] 自然无为 -> core | ok=True attempts=1 fallback=False
[role] 静观玄览 -> core | ok=True attempts=1 fallback=False
[role] 周行不殆 -> non-core | ok=True attempts=1 fallback=False
[role] 本原 -> core | ok=True attempts=1 fallback=False
[role] 人体 -> core | ok=True attempts=1 fallback=False
[role] 运动的总规律 -> core | ok=True attempts=1 fallback=False
[role] 天地万物的根源 -> core | ok=True attempts=1 fallback=False
[role] 独立不改 -> non-core | ok=True attempts=1 fallback=False
[role] 混而为一 -> core | ok=True attempts=1 fallback=False
[role] 政治经济因素 -> core | ok=True attempts=1 fallback=False
[role] 变化运动整体 -> core | ok=True attempts=1 fallback=False
[role] 天时地理 -> core | ok=True attempts=1 fallback=False
[role] 社会 -> core | ok=True attempts=1 fallback=False
[role] 完整运动的有机体 -> core | ok=True attempts=1 fallback=False
[role] 生命哲学观 -> core | ok=True attempts=1 fallback=False
[role] 人之生命 -> core | ok=True attempts=1 fallback=False
[role] 汤剂 -> core | ok=True attempts=1 fallback=False
[role] 宇宙万物同源融通 -> non-core | ok=True attempts=1 fallback=False
[role] 自然整体 -> core | ok=True attempts=1 fallback=False
[role] 上下 -> core | ok=True attempts=1 fallback=False
[role] 婴儿 -> non-core | ok=True attempts=1 fallback=False
[role] 同波而动 -> core | ok=True attempts=1 fallback=False
[role] 无物之象 -> core | ok=True attempts=1 fallback=False
[role] 外自然 -> core | ok=True attempts=1 fallback=False
[role] 门 -> non-core | ok=True attempts=1 fallback=False
[role] 橐籥 -> non-core | ok=True attempts=1 fallback=False
[role] 车 -> non-core | ok=True attempts=1 fallback=False
[role] 牝 -> non-core | ok=True attempts=1 fallback=False
[role] 大象 -> non-core | ok=True attempts=1 fallback=False
[role] 喻意场 -> non-core | ok=True attempts=1 fallback=False
[role] 内运化 -> core | ok=True attempts=1 fallback=False
[role] 得手应心 -> non-core | ok=True attempts=1 fallback=False
[role] 意象系统 -> core | ok=True attempts=1 fallback=False
[role] 以意和之 -> non-core | ok=True attempts=1 fallback=False
[role] 中医意象思维 -> core | ok=True attempts=1 fallback=False
[role] 以意调之 -> non-core | ok=True attempts=1 fallback=False
[role] 口不能言 -> non-core | ok=True attempts=1 fallback=False
[role] 涤除玄览 -> core | ok=True attempts=1 fallback=False
[role] 为道日损 -> core | ok=True attempts=1 fallback=False
[role] 唯道集虚 -> core | ok=True attempts=1 fallback=False
[role] 慧然独悟，口弗能言 -> non-core | ok=True attempts=1 fallback=False
[role] 同于大道 -> core | ok=True attempts=1 fallback=False
[role] 像闪电一样 -> non-core | ok=True attempts=1 fallback=False
[role] 堕肢体，黜聪明，离形去知 -> core | ok=True attempts=1 fallback=False
[role] 虚静 -> core | ok=True attempts=1 fallback=False
[role] 凡刺之真，必先治神 -> non-core | ok=True attempts=1 fallback=False
[role] 不出户，知天下 -> core | ok=True attempts=1 fallback=False
[role] 冥冥 -> non-core | ok=True attempts=1 fallback=False
[role] 因循 -> core | ok=True attempts=1 fallback=False
[role] 因时为业 -> core | ok=True attempts=1 fallback=False
[role] 虚无 -> core | ok=True attempts=1 fallback=False
[role] 因物兴舍 -> core | ok=True attempts=1 fallback=False
[role] 虚者，道之常也 -> core | ok=True attempts=1 fallback=False
[role] 因者，君之纲也 -> core | ok=True attempts=1 fallback=False
[role] 人道效法天道 -> core | ok=True attempts=1 fallback=False
[role] 辅万物之自然而不敢为 -> core | ok=True attempts=1 fallback=False
[role] 道者，万物之所由 -> core | ok=True attempts=1 fallback=False
[role] 顺天之时，而病可与期 -> non-core | ok=True attempts=1 fallback=False
[role] 得在时，不在争 -> core | ok=True attempts=1 fallback=False
[role] 尚柔 -> core | ok=True attempts=1 fallback=False
[role] 因资 -> core | ok=True attempts=1 fallback=False
[role] 辩证法 -> core | ok=True attempts=1 fallback=False
[role] 因时 -> core | ok=True attempts=1 fallback=False
[role] 主动 -> core | ok=True attempts=1 fallback=False
[role] 尚刚 -> non-core | ok=True attempts=1 fallback=False
[role] 对立统一 -> core | ok=True attempts=1 fallback=False
[role] 万物负阴而抱阳，冲气以为和 -> core | ok=True attempts=1 fallback=False
[role] 贵有 -> core | ok=True attempts=1 fallback=False
[role] 主静 -> core | ok=True attempts=1 fallback=False
[role] 相反相成 -> core | ok=True attempts=1 fallback=False
[role] 反者，道之动 -> core | ok=True attempts=1 fallback=False
[role] 五行生克乘侮 -> core | ok=True attempts=1 fallback=False
[role] 《素问·上古天真论》 -> core | ok=True attempts=1 fallback=False
[role] 中医理论 -> core | ok=True attempts=1 fallback=False
[role] 阴阳表里 -> core | ok=True attempts=1 fallback=False
[role] 妄 -> non-core | ok=True attempts=1 fallback=False
[role] 升降出入 -> core | ok=True attempts=1 fallback=False
[role] 至人 -> core | ok=True attempts=1 fallback=False
[role] 寒极生热，热极生寒 -> core | ok=True attempts=1 fallback=False
[role] 阳病治阴，阴病治阳 -> core | ok=True attempts=1 fallback=False
[role] 真人 -> core | ok=True attempts=1 fallback=False
[role] 难易相成 -> core | ok=True attempts=1 fallback=False
[role] 恬淡寂寞，虚无无为 -> non-core | ok=True attempts=1 fallback=False
[role] 持满 -> non-core | ok=True attempts=1 fallback=False
[role] 愚 -> non-core | ok=True attempts=1 fallback=False
[role] 故美其食，任其服，乐其俗 -> non-core | ok=True attempts=1 fallback=False
[role] 不足 -> non-core | ok=True attempts=1 fallback=False
[role] 恬淡虚无 -> core | ok=True attempts=1 fallback=False
[role] 精神内守 -> core | ok=True attempts=1 fallback=False
[role] 智 -> non-core | ok=True attempts=1 fallback=False
[role] 《素问·阴阳应象大论》 -> core | ok=True attempts=1 fallback=False
[role] 同出而异名 -> non-core | ok=True attempts=1 fallback=False
[role] 有余 -> non-core | ok=True attempts=1 fallback=False
[role] 天不足西北 -> non-core | ok=True attempts=1 fallback=False
[role] 植物层面的精 -> non-core | ok=True attempts=1 fallback=False
[role] 《淮南子·天文训》 -> non-core | ok=True attempts=1 fallback=False
[role] 地不满东南 -> non-core | ok=True attempts=1 fallback=False
[role] 阳气 -> core | ok=True attempts=1 fallback=False
[role] 阴中之阴 -> non-core | ok=True attempts=1 fallback=False
[role] 阴气 -> core | ok=True attempts=1 fallback=False
[role] 真脏 -> non-core | ok=True attempts=1 fallback=False
[role] 宇宙层面的精 -> core | ok=True attempts=1 fallback=False
[role] 上善 -> core | ok=True attempts=1 fallback=False
[role] 恍惚窈冥 -> non-core | ok=True attempts=1 fallback=False
[role] 人体层面的精 -> core | ok=True attempts=1 fallback=False
[role] 脑髓 -> non-core | ok=True attempts=1 fallback=False
[role] 精气学说 -> core | ok=True attempts=1 fallback=False
[role] 阴精 -> core | ok=True attempts=1 fallback=False
[role] 骨骼 -> non-core | ok=True attempts=1 fallback=False
[role] 先天父母之精 -> non-core | ok=True attempts=1 fallback=False
[role] 后天水谷精气 -> non-core | ok=True attempts=1 fallback=False
[role] 血脉 -> non-core | ok=True attempts=1 fallback=False
[role] 积传为一周 -> non-core | ok=True attempts=1 fallback=False
[role] 混成之物 -> core | ok=True attempts=1 fallback=False
[role] 往复循环 -> core | ok=True attempts=1 fallback=False
[role] 三阴三阳循环 -> core | ok=True attempts=1 fallback=False
[role] 阴阳相贯 -> core | ok=True attempts=1 fallback=False
[role] 小宇宙 -> core | ok=True attempts=1 fallback=False
[role] 营卫之气 -> core | ok=True attempts=1 fallback=False
[role] 如环无端 -> core | ok=True attempts=1 fallback=False
[role] 苛疾不起 -> non-core | ok=True attempts=1 fallback=False
[role] 阴阳四时 -> core | ok=True attempts=1 fallback=False
[role] 肝气左升 -> core | ok=True attempts=1 fallback=False
[role] 阴阳和合 -> core | ok=True attempts=1 fallback=False
[role] 圆循环思想 -> core | ok=True attempts=1 fallback=False
[role] 寒热温清 -> core | ok=True attempts=1 fallback=False
[role] 阴平阳秘，精神乃治 -> core | ok=True attempts=1 fallback=False
[role] 表里双解 -> non-core | ok=True attempts=1 fallback=False
[role] 阴阳离决，精气乃绝 -> non-core | ok=True attempts=1 fallback=False
[role] 补泻先后 -> non-core | ok=True attempts=1 fallback=False
[role] 攻补兼施 -> non-core | ok=True attempts=1 fallback=False
[role] 道教内丹学 -> core | ok=True attempts=1 fallback=False
[role] 筑基 -> non-core | ok=True attempts=1 fallback=False
[role] 炼精化气 -> core | ok=True attempts=1 fallback=False
[role] 两肾总号命门 -> non-core | ok=True attempts=1 fallback=False
[role] 鼎炉 -> core | ok=True attempts=1 fallback=False
[role] 肺气右降 -> core | ok=True attempts=1 fallback=False
[role] 肾间命门说 -> core | ok=True attempts=1 fallback=False
[role] 下丹田 -> non-core | ok=True attempts=1 fallback=False
[role] 中医命门学说 -> core | ok=True attempts=1 fallback=False
[role] 黄庭经 -> core | ok=True attempts=1 fallback=False
[role] 元阳真火 -> non-core | ok=True attempts=1 fallback=False
[role] 坎水 -> non-core | ok=True attempts=1 fallback=False
[role] 难经 -> core | ok=True attempts=1 fallback=False
[role] 钟吕传道集 -> core | ok=True attempts=1 fallback=False
[role] 阴阳根蒂 -> core | ok=True attempts=1 fallback=False
[role] 命门真火为十二官之主 -> core | ok=True attempts=1 fallback=False
[role] 两肾间动气 -> core | ok=True attempts=1 fallback=False
[role] 真阴真阳论 -> core | ok=True attempts=1 fallback=False
[role] 中和集 -> non-core | ok=True attempts=1 fallback=False
[role] 造化枢纽 -> core | ok=True attempts=1 fallback=False
[role] 郑瑄 -> non-core | ok=True attempts=1 fallback=False
[role] 金丹大药 -> non-core | ok=True attempts=1 fallback=False
[role] 先天太极 -> core | ok=True attempts=1 fallback=False
[role] 先天本原命门说 -> core | ok=True attempts=1 fallback=False
[role] 玄牝之门 -> core | ok=True attempts=1 fallback=False
[role] 阖辟呼吸 -> core | ok=True attempts=1 fallback=False
[role] 天地之根 -> core | ok=True attempts=1 fallback=False
[role] 真息 -> non-core | ok=True attempts=1 fallback=False
[role] 外因 -> core | ok=True attempts=1 fallback=False
[role] 风 -> core | ok=True attempts=1 fallback=False
[role] 三因 -> non-core | ok=True attempts=1 fallback=False
[role] 暑 -> non-core | ok=True attempts=1 fallback=False
[role] 湿 -> core | ok=True attempts=1 fallback=False
[role] 燥 -> core | ok=True attempts=1 fallback=False
[role] 喜 -> core | ok=True attempts=1 fallback=False
[role] 虫兽伤 -> non-core | ok=True attempts=1 fallback=False
[role] 恐 -> non-core | ok=True attempts=1 fallback=False
[role] 不内外因 -> non-core | ok=True attempts=1 fallback=False
[role] 创伤 -> non-core | ok=True attempts=1 fallback=False
[role] 惊 -> non-core | ok=True attempts=1 fallback=False
[role] 内因 -> core | ok=True attempts=1 fallback=False
[role] 悲 -> non-core | ok=True attempts=1 fallback=False
[role] 阳虚生外寒 -> non-core | ok=True attempts=1 fallback=False
[role] 阴虚生内热 -> non-core | ok=True attempts=1 fallback=False
[role] 阳盛则热 -> non-core | ok=True attempts=1 fallback=False
[role] 违逆自然规律 -> non-core | ok=True attempts=1 fallback=False
[role] 起居无常 -> non-core | ok=True attempts=1 fallback=False
[role] 逆道不和 -> core | ok=True attempts=1 fallback=False
[role] 阴盛则寒 -> non-core | ok=True attempts=1 fallback=False
[role] 辨证 -> core | ok=True attempts=1 fallback=False
[role] 阳明证 -> non-core | ok=True attempts=1 fallback=False
[role] 调和情志 -> core | ok=True attempts=1 fallback=False
[role] 太阳证 -> non-core | ok=True attempts=1 fallback=False
[role] 气分证 -> non-core | ok=True attempts=1 fallback=False
[role] 温病辨证 -> core | ok=True attempts=1 fallback=False
[role] 病 -> core | ok=True attempts=1 fallback=False
[role] 脏腑辨证 -> core | ok=True attempts=1 fallback=False
[role] 湿热证 -> core | ok=True attempts=1 fallback=False
[role] 发病部位 -> core | ok=True attempts=1 fallback=False
[role] 阴虚证 -> core | ok=True attempts=1 fallback=False
[role] 卫分证 -> core | ok=True attempts=1 fallback=False
[role] 阳热偏盛 -> non-core | ok=True attempts=1 fallback=False
[role] 阳偏衰 -> non-core | ok=True attempts=1 fallback=False
[role] 阴偏衰 -> non-core | ok=True attempts=1 fallback=False
[role] 张弓 -> non-core | ok=True attempts=1 fallback=False
[role] 寒者热之 -> non-core | ok=True attempts=1 fallback=False
[role] 药性 -> core | ok=True attempts=1 fallback=False
[role] 表里上下 -> non-core | ok=True attempts=1 fallback=False
[role] 阴寒偏盛 -> non-core | ok=True attempts=1 fallback=False
[role] 热者寒之 -> core | ok=True attempts=1 fallback=False
[role] 脏腑状态 -> core | ok=True attempts=1 fallback=False
[role] 脏腑经络 -> core | ok=True attempts=1 fallback=False
[role] 虚虚实实，补不足，损有余 -> core | ok=True attempts=1 fallback=False
[role] 平人者，不病也 -> non-core | ok=True attempts=1 fallback=False
[role] 高者抑之，下者举之；有余折之，不足补之 -> core | ok=True attempts=1 fallback=False
[role] 信巫不信医 -> core | ok=True attempts=1 fallback=False
[role] 移精祝由 -> core | ok=True attempts=1 fallback=False
[role] 禁经 -> core | ok=True attempts=1 fallback=False
[role] 咒禁博士 -> core | ok=True attempts=1 fallback=False
[role] 咒禁科 -> core | ok=True attempts=1 fallback=False
[role] 医科 -> core | ok=True attempts=1 fallback=False
[role] 六不治 -> core | ok=True attempts=1 fallback=False
[role] 咒禁 -> core | ok=True attempts=1 fallback=False
[role] 针 -> core | ok=True attempts=1 fallback=False
[role] 咒法 -> core | ok=True attempts=1 fallback=False
[role] 按摩 -> core | ok=True attempts=1 fallback=False
[role] 祝由科 -> core | ok=True attempts=1 fallback=False
[role] 大宝令 -> non-core | ok=True attempts=1 fallback=False
[role] 顺物自然而无容私焉 -> non-core | ok=True attempts=1 fallback=False
[role] 顺其自然运化 -> core | ok=True attempts=1 fallback=False
[role] 金镞兼书禁科 -> core | ok=True attempts=1 fallback=False
[role] 心理疗法 -> core | ok=True attempts=1 fallback=False
[role] 禁科 -> core | ok=True attempts=1 fallback=False
[role] 中医养生 -> core | ok=True attempts=1 fallback=False
[role] 四时气候更替 -> core | ok=True attempts=1 fallback=False
[role] 春温 -> non-core | ok=True attempts=1 fallback=False
[role] 秋凉 -> non-core | ok=True attempts=1 fallback=False
[role] 收 -> core | ok=True attempts=1 fallback=False
[role] 冬寒 -> non-core | ok=True attempts=1 fallback=False
[role] 藏 -> core | ok=True attempts=1 fallback=False
[role] 夏热 -> non-core | ok=True attempts=1 fallback=False
[role] 气之常 -> core | ok=True attempts=1 fallback=False
[role] 长 -> core | ok=True attempts=1 fallback=False
[role] 万物终始 -> core | ok=True attempts=1 fallback=False
[role] 死生之本 -> core | ok=True attempts=1 fallback=False
[role] 人与天地相参 -> core | ok=True attempts=1 fallback=False
[role] 圣人不治已病治未病 -> core | ok=True attempts=1 fallback=False
[role] 人体之气 -> core | ok=True attempts=1 fallback=False
[role] 人与日月相应 -> core | ok=True attempts=1 fallback=False
[role] 四时阴阳 -> core | ok=True attempts=1 fallback=False
[role] 为之于未有，治之于未乱 -> core | ok=True attempts=1 fallback=False
[role] 上工刺其未生 -> non-core | ok=True attempts=1 fallback=False
[role] 下工救其已成 -> non-core | ok=True attempts=1 fallback=False
[role] 生命 -> core | ok=True attempts=1 fallback=False
[role] 上工救其萌芽 -> non-core | ok=True attempts=1 fallback=False
[role] 萌芽 -> non-core | ok=True attempts=1 fallback=False
[role] 半死半生 -> non-core | ok=True attempts=1 fallback=False
[role] 养生学 -> core | ok=True attempts=1 fallback=False
[role] 养神 -> core | ok=True attempts=1 fallback=False
[role] 恬淡虚静 -> core | ok=True attempts=1 fallback=False
[role] 未盛 -> non-core | ok=True attempts=1 fallback=False
[role] 形与神 -> core | ok=True attempts=1 fallback=False
[role] 保精养神 -> core | ok=True attempts=1 fallback=False
[role] 神定则形安 -> core | ok=True attempts=1 fallback=False
[role] 中医 -> core | ok=True attempts=1 fallback=False
[role] 真气 -> core | ok=True attempts=1 fallback=False
[role] 守神 -> core | ok=True attempts=1 fallback=False
[role] 六害 -> core | ok=True attempts=1 fallback=False
[role] 心性修养 -> core | ok=True attempts=1 fallback=False
[role] 薄名利 -> non-core | ok=True attempts=1 fallback=False
[role] 恬惔虚无 -> core | ok=True attempts=1 fallback=False
[role] 禁声色 -> non-core | ok=True attempts=1 fallback=False
[role] 神强者长生 -> core | ok=True attempts=1 fallback=False
[role] 守一 -> core | ok=True attempts=1 fallback=False
[role] 存神 -> core | ok=True attempts=1 fallback=False
[role] 调摄情志 -> core | ok=True attempts=1 fallback=False
[role] 形神统一 -> core | ok=True attempts=1 fallback=False
[role] 内丹理论 -> core | ok=True attempts=1 fallback=False
[role] 养形 -> non-core | ok=True attempts=1 fallback=False
[role] 形者，生之所也 -> core | ok=True attempts=1 fallback=False
[role] 吐纳 -> core | ok=True attempts=1 fallback=False
[role] 形为神之载体 -> core | ok=True attempts=1 fallback=False
[role] 温补派 -> non-core | ok=True attempts=1 fallback=False
[role] 明清命门学说 -> core | ok=True attempts=1 fallback=False
[role] 丹田 -> core | ok=True attempts=1 fallback=False
[role] 顾护命门为养生第一要义 -> core | ok=True attempts=1 fallback=False
[role] 治形宝精 -> core | ok=True attempts=1 fallback=False
[role] 峻补命门 -> non-core | ok=True attempts=1 fallback=False
[role] 服气 -> non-core | ok=True attempts=1 fallback=False
[role] 橘井泉香 -> non-core | ok=True attempts=1 fallback=False
[role] 真火 -> core | ok=True attempts=1 fallback=False
[role] 杏雨书屋 -> non-core | ok=True attempts=1 fallback=False
[role] 尚阴主静 -> non-core | ok=True attempts=1 fallback=False
[role] 苏耽 -> non-core | ok=True attempts=1 fallback=False
[role] 整体观照 -> core | ok=True attempts=1 fallback=False
[role] 壶公 -> non-core | ok=True attempts=1 fallback=False
[role] 浑然一体 -> non-core | ok=True attempts=1 fallback=False
[role] 政治 -> core | ok=True attempts=1 fallback=False
[role] 总规律 -> core | ok=True attempts=1 fallback=False
[role] 天时 -> core | ok=True attempts=1 fallback=False
[role] 循环运行不息 -> non-core | ok=True attempts=1 fallback=False
[role] 根源 -> core | ok=True attempts=1 fallback=False
[role] 天地万物 -> core | ok=True attempts=1 fallback=False
[role] 有机体 -> core | ok=True attempts=1 fallback=False
[role] 体道经验的心悟与意会 -> core | ok=True attempts=1 fallback=False
[role] 外运化 -> non-core | ok=True attempts=1 fallback=False
[role] 豁然贯通 -> non-core | ok=True attempts=1 fallback=False
[role] 不出户知天下 -> non-core | ok=True attempts=1 fallback=False
[role] 经济 -> core | ok=True attempts=1 fallback=False
[role] 损之又损 -> non-core | ok=True attempts=1 fallback=False
[role] 虚无为本，因循为用 -> core | ok=True attempts=1 fallback=False
[role] 冥冥莫知其形 -> non-core | ok=True attempts=1 fallback=False
[role] 因时循势 -> core | ok=True attempts=1 fallback=False
[role] 顺天之时 -> core | ok=True attempts=1 fallback=False
[role] 因循自然之道 -> core | ok=True attempts=1 fallback=False
[role] 先天父母遗传之精 -> non-core | ok=True attempts=1 fallback=False
[role] 虚实邪正 -> core | ok=True attempts=1 fallback=False
[role] 因势利导 -> core | ok=True attempts=1 fallback=False
[role] 抱一 -> non-core | ok=True attempts=1 fallback=False
[role] 有无相生，难易相成 -> core | ok=True attempts=1 fallback=False
[role] 未出地者 -> non-core | ok=True attempts=1 fallback=False
[role] 归根复命 -> core | ok=True attempts=1 fallback=False
[role] 阴魄 -> non-core | ok=True attempts=1 fallback=False
[role] 炼气化神 -> core | ok=True attempts=1 fallback=False
[role] 炼神还虚 -> core | ok=True attempts=1 fallback=False
[role] 《难经》 -> core | ok=True attempts=1 fallback=False
[role] 生命本原 -> core | ok=True attempts=1 fallback=False
[role] 混成 -> core | ok=True attempts=1 fallback=False
[role] 《黄庭经》 -> core | ok=True attempts=1 fallback=False
[role] 中医学命门学说 -> core | ok=True attempts=1 fallback=False
[role] 《钟吕传道集》 -> core | ok=True attempts=1 fallback=False
[role] 右肾命门 -> core | ok=True attempts=1 fallback=False
[role] 官窍 -> core | ok=True attempts=1 fallback=False
[role] 儒家太极 -> core | ok=True attempts=1 fallback=False
[role] 呼吸根本 -> core | ok=True attempts=1 fallback=False
[role] 道家玄牝 -> core | ok=True attempts=1 fallback=False
[role] 辨证方法 -> core | ok=True attempts=1 fallback=False
[role] 忠恕之道 -> core | ok=True attempts=1 fallback=False
[role] 仁 -> core | ok=True attempts=1 fallback=False
[role] 儒学 -> core | ok=True attempts=1 fallback=False
[role] 仁者爱人 -> core | ok=True attempts=1 fallback=False
[role] 德政礼治 -> core | ok=True attempts=1 fallback=False
[role] 中庸 -> core | ok=True attempts=1 fallback=False
[role] 孟子 -> core | ok=True attempts=1 fallback=False
[role] 仁政 -> core | ok=True attempts=1 fallback=False
[role] 民贵君轻 -> core | ok=True attempts=1 fallback=False
[role] 民本思想 -> core | ok=True attempts=1 fallback=False
[role] 人定胜天 -> non-core | ok=True attempts=1 fallback=False
[role] 性善论 -> core | ok=True attempts=1 fallback=False
[role] 荀子 -> core | ok=True attempts=1 fallback=False
[role] 韩非 -> non-core | ok=True attempts=1 fallback=False
[role] 性恶论 -> core | ok=True attempts=1 fallback=False
[role] 礼 -> core | ok=True attempts=1 fallback=False
[role] 李斯 -> non-core | ok=True attempts=1 fallback=False
[role] 先秦儒学 -> core | ok=True attempts=1 fallback=False
[role] 伦理纲常 -> core | ok=True attempts=1 fallback=False
[role] 法家 -> core | ok=True attempts=1 fallback=False
[role] 经学 -> core | ok=True attempts=1 fallback=False
[role] 罢黜百家，独尊儒术 -> core | ok=True attempts=1 fallback=False
[role] 十三经 -> core | ok=True attempts=1 fallback=False
[role] 今文经学 -> core | ok=True attempts=1 fallback=False
[role] 太学 -> core | ok=True attempts=1 fallback=False
[role] 古文经 -> core | ok=True attempts=1 fallback=False
[role] 五经博士 -> core | ok=True attempts=1 fallback=False
[role] 古文经学 -> core | ok=True attempts=1 fallback=False
[role] 董仲舒 -> core | ok=True attempts=1 fallback=False
[role] 杏林春暖 -> non-core | ok=True attempts=2 fallback=False
[role] 君权神授 -> core | ok=True attempts=1 fallback=False
[role] 今文经 -> core | ok=True attempts=1 fallback=False
[role] 三纲五常 -> core | ok=True attempts=1 fallback=False
[role] 天人感应 -> core | ok=True attempts=1 fallback=False
[role] 论衡 -> non-core | ok=True attempts=1 fallback=False
[role] 大一统 -> core | ok=True attempts=1 fallback=False
[role] 谶纬 -> core | ok=True attempts=1 fallback=False
[role] 王充 -> non-core | ok=True attempts=1 fallback=False
[role] 郑玄 -> core | ok=True attempts=1 fallback=False
[role] 科举制度 -> core | ok=True attempts=1 fallback=False
[role] 郑学 -> core | ok=True attempts=1 fallback=False
[role] 北宋五子 -> core | ok=True attempts=1 fallback=False
[role] 朱熹 -> core | ok=True attempts=1 fallback=False
[role] 五经正义 -> core | ok=True attempts=1 fallback=False
[role] 明经 -> core | ok=True attempts=1 fallback=False
[role] 理一分殊 -> core | ok=True attempts=1 fallback=False
[role] 格物致知 -> core | ok=True attempts=1 fallback=False
[role] 性即理 -> core | ok=True attempts=1 fallback=False
[role] 致良知 -> core | ok=True attempts=1 fallback=False
[role] 王守仁 -> core | ok=True attempts=1 fallback=False
[role] 李翱 -> core | ok=True attempts=1 fallback=False
[role] 周敦颐 -> core | ok=True attempts=1 fallback=False
[role] 知行合一 -> core | ok=True attempts=1 fallback=False
[role] 心学 -> core | ok=True attempts=1 fallback=False
[role] 韩愈 -> core | ok=True attempts=1 fallback=False
[role] 柳宗元 -> core | ok=True attempts=1 fallback=False
[role] 张载 -> core | ok=True attempts=1 fallback=False
[role] 邵雍 -> core | ok=True attempts=1 fallback=False
[role] 程颢 -> core | ok=True attempts=1 fallback=False
[role] 陆九渊 -> core | ok=True attempts=1 fallback=False
[role] 程颐 -> core | ok=True attempts=1 fallback=False
[role] 实学 -> core | ok=True attempts=1 fallback=False
[role] 一而二，二而一 -> core | ok=True attempts=1 fallback=False
[role] 朴学 -> core | ok=True attempts=1 fallback=False
[role] 经世致用 -> core | ok=True attempts=1 fallback=False
[role] 质测 -> core | ok=True attempts=1 fallback=False
[role] 理势合一 -> core | ok=True attempts=1 fallback=False
[role] 现代新儒学 -> core | ok=True attempts=1 fallback=False
[role] 道几 -> core | ok=True attempts=1 fallback=False
[role] 中学为体，西学为用 -> core | ok=True attempts=1 fallback=False
[role] 方以智 -> core | ok=True attempts=1 fallback=False
[role] 存天理，灭人欲 -> non-core | ok=True attempts=1 fallback=False
[role] 光波动学说 -> core | ok=True attempts=1 fallback=False
[role] 黄宗羲 -> core | ok=True attempts=1 fallback=False
[role] 王夫之 -> core | ok=True attempts=1 fallback=False
[role] 宰理 -> core | ok=True attempts=1 fallback=False
[role] 戴震 -> core | ok=True attempts=1 fallback=False
[role] 仁爱 -> core | ok=True attempts=1 fallback=False
[role] 维新变法 -> core | ok=True attempts=1 fallback=False
[role] 博爱 -> core | ok=True attempts=1 fallback=False
[role] 五四运动 -> core | ok=True attempts=1 fallback=False
[role] 洋务运动 -> core | ok=True attempts=1 fallback=False
[role] 兼爱 -> core | ok=True attempts=1 fallback=False
[role] 仁义 -> core | ok=True attempts=1 fallback=False
[role] 义 -> core | ok=True attempts=1 fallback=False
[role] 爱有差等 -> core | ok=True attempts=1 fallback=False
[role] 人性本善 -> core | ok=True attempts=1 fallback=False
[role] 天理在人欲中 -> core | ok=True attempts=1 fallback=False
[role] 孝悌思想 -> core | ok=True attempts=1 fallback=False
[role] 社会担当 -> core | ok=True attempts=1 fallback=False
[role] 克己复礼 -> core | ok=True attempts=1 fallback=False
[role] 宜 -> non-core | ok=True attempts=1 fallback=False
[role] 悌 -> core | ok=True attempts=1 fallback=False
[role] 忠恕 -> core | ok=True attempts=1 fallback=False
[role] 舍生取义 -> core | ok=True attempts=1 fallback=False
[role] 孝 -> core | ok=True attempts=1 fallback=False
[role] 孝事父母 -> core | ok=True attempts=1 fallback=False
[role] 宗法制度 -> core | ok=True attempts=1 fallback=False
[role] 仁的宇宙观 -> core | ok=True attempts=1 fallback=False
[role] 儒家家庭伦理观 -> core | ok=True attempts=1 fallback=False
[role] 兄—弟 -> non-core | ok=True attempts=1 fallback=False
[role] 父（母）—子 -> core | ok=True attempts=1 fallback=False
[role] 兄友弟恭 -> non-core | ok=True attempts=1 fallback=False
[role] 忠君爱国 -> core | ok=True attempts=1 fallback=False
[role] 泛爱众 -> core | ok=True attempts=1 fallback=False
[role] 封建社会道德伦理 -> core | ok=True attempts=1 fallback=False
[role] 身体发肤，受之父母，不敢毁伤 -> non-core | ok=True attempts=1 fallback=False
[role] 礼法 -> core | ok=True attempts=1 fallback=False
[role] 养亲敬亲 -> core | ok=True attempts=1 fallback=False
[role] 庶民之孝 -> core | ok=True attempts=1 fallback=False
[role] 仁爱思想 -> core | ok=True attempts=1 fallback=False
[role] 孝治 -> core | ok=True attempts=1 fallback=False
[role] 臣子之孝 -> non-core | ok=True attempts=1 fallback=False
[role] 礻 -> non-core | ok=True attempts=1 fallback=False
[role] 豆 -> non-core | ok=True attempts=1 fallback=False
[role] 曲 -> non-core | ok=True attempts=1 fallback=False
[role] 天子之孝 -> core | ok=True attempts=1 fallback=False
[role] 诤谏 -> core | ok=True attempts=1 fallback=False
[role] 事神致福 -> non-core | ok=True attempts=1 fallback=False
[role] 宗教祭祀规矩 -> core | ok=True attempts=1 fallback=False
[role] 说文解字 -> core | ok=True attempts=1 fallback=False
[role] 约我以礼 -> non-core | ok=True attempts=1 fallback=False
[role] 礼治 -> core | ok=True attempts=1 fallback=False
[role] 不学礼，无以立 -> non-core | ok=True attempts=1 fallback=False
[role] 礼法并举 -> core | ok=True attempts=1 fallback=False
[role] 德治 -> core | ok=True attempts=1 fallback=False
[role] 宗法社会结构 -> core | ok=True attempts=1 fallback=False
[role] 五类 -> core | ok=True attempts=1 fallback=False
[role] 群体无意识 -> core | ok=True attempts=1 fallback=False
[role] 入太庙每事问 -> non-core | ok=True attempts=1 fallback=False
[role] 典章制度 -> core | ok=True attempts=1 fallback=False
[role] 刑罚 -> core | ok=True attempts=1 fallback=False
[role] 先礼后法 -> core | ok=True attempts=1 fallback=False
[role] 八类 -> core | ok=True attempts=1 fallback=False
[role] 无讼 -> core | ok=True attempts=1 fallback=False
[role] 无过无不及 -> core | ok=True attempts=1 fallback=False
[role] 执其两端而用其中 -> core | ok=True attempts=1 fallback=False
[role] 尚中 -> core | ok=True attempts=1 fallback=False
[role] 中正适度 -> core | ok=True attempts=1 fallback=False
[role] 中立而不倚 -> core | ok=True attempts=1 fallback=False
[role] 和 -> core | ok=True attempts=1 fallback=False
[role] 体用关系 -> core | ok=True attempts=1 fallback=False
[role] 敬天法天 -> core | ok=True attempts=1 fallback=False
[role] 和而不流 -> core | ok=True attempts=1 fallback=False
[role] 时中 -> core | ok=True attempts=1 fallback=False
[role] 天命思想 -> core | ok=True attempts=1 fallback=False
[role] 知天 -> core | ok=True attempts=1 fallback=False
[role] 尽心知性 -> core | ok=True attempts=1 fallback=False
[role] 形神相依 -> non-core | ok=True attempts=1 fallback=False
[role] 因时因地治宜 -> core | ok=True attempts=1 fallback=False
[role] 形神共养 -> core | ok=True attempts=1 fallback=False
[role] 顺应四时 -> core | ok=True attempts=1 fallback=False
[role] 相克 -> core | ok=True attempts=1 fallback=False
[role] 火克金 -> non-core | ok=True attempts=1 fallback=False
[role] 君子慎独 -> core | ok=True attempts=1 fallback=False
[role] 金克木 -> non-core | ok=True attempts=1 fallback=False
[role] 金生水 -> non-core | ok=True attempts=1 fallback=False
[role] 土克水 -> non-core | ok=True attempts=1 fallback=False
[role] 相生 -> core | ok=True attempts=1 fallback=False
[role] 土生金 -> non-core | ok=True attempts=1 fallback=False
[role] 火生土 -> non-core | ok=True attempts=1 fallback=False
[role] 肺金 -> non-core | ok=True attempts=1 fallback=False
[role] 心火 -> core | ok=True attempts=1 fallback=False
[role] 脾土 -> core | ok=True attempts=1 fallback=False
[role] 木生火 -> non-core | ok=True attempts=1 fallback=False
[role] 木克土 -> non-core | ok=True attempts=1 fallback=False
[role] 水克火 -> non-core | ok=True attempts=1 fallback=False
[role] 推演络绎 -> core | ok=True attempts=1 fallback=False
[role] 肝木 -> core | ok=True attempts=1 fallback=False
[role] 肾水 -> core | ok=True attempts=1 fallback=False
[role] 金水相生 -> non-core | ok=True attempts=1 fallback=False
[role] 肝病传脾 -> non-core | ok=True attempts=1 fallback=False
[role] 木乘土 -> non-core | ok=True attempts=1 fallback=False
[role] 相火以位 -> non-core | ok=True attempts=1 fallback=False
[role] 扶土抑木 -> non-core | ok=True attempts=1 fallback=False
[role] 生克乘侮 -> core | ok=True attempts=1 fallback=False
[role] 阴阳动态平衡 -> core | ok=True attempts=1 fallback=False
[role] 君相二火 -> core | ok=True attempts=1 fallback=False
[role] 阴阳匀平 -> core | ok=True attempts=1 fallback=False
[role] 心为君主 -> core | ok=True attempts=1 fallback=False
[role] 主神明 -> core | ok=True attempts=1 fallback=False
[role] 不中和 -> core | ok=True attempts=1 fallback=False
[role] 君火以明 -> core | ok=True attempts=1 fallback=False
[role] 顺四时 -> core | ok=True attempts=1 fallback=False
[role] 六淫 -> core | ok=True attempts=1 fallback=False
[role] 和喜怒 -> core | ok=True attempts=1 fallback=False
[role] 保合太和 -> core | ok=True attempts=1 fallback=False
[role] 中庸思想 -> core | ok=True attempts=1 fallback=False
[role] 适中 -> core | ok=True attempts=1 fallback=False
[role] 补泻无过其度 -> core | ok=True attempts=1 fallback=False
[role] 调和致中 -> core | ok=True attempts=1 fallback=False
[role] 中病即止 -> core | ok=True attempts=1 fallback=False
[role] 平人 -> core | ok=True attempts=1 fallback=False
[role] 尚和去同 -> core | ok=True attempts=1 fallback=False
[role] 扶阳 -> core | ok=True attempts=1 fallback=False
[role] 中医方药理论 -> core | ok=True attempts=1 fallback=False
[role] 儒文化 -> core | ok=True attempts=1 fallback=False
[role] 方剂配伍原则 -> core | ok=True attempts=1 fallback=False
[role] 养阴 -> core | ok=True attempts=1 fallback=False
[role] 药物分类 -> core | ok=True attempts=1 fallback=False
[role] 礼治纲常 -> core | ok=True attempts=1 fallback=False
[role] 和同之辨 -> core | ok=True attempts=1 fallback=False
[role] 方剂源于和羹 -> non-core | ok=True attempts=1 fallback=False
[role] 遣方用药原则 -> core | ok=True attempts=1 fallback=False
[role] 相反相成原则 -> core | ok=True attempts=1 fallback=False
[role] 上品 -> core | ok=True attempts=1 fallback=False
[role] 药物源于食材 -> non-core | ok=True attempts=1 fallback=False
[role] 中品 -> non-core | ok=True attempts=1 fallback=False
[role] 君 -> core | ok=True attempts=1 fallback=False
[role] 下品 -> non-core | ok=True attempts=1 fallback=False
[role] 臣 -> core | ok=True attempts=1 fallback=False
[role] 纲常 -> core | ok=True attempts=1 fallback=False
[role] 君臣有序 -> non-core | ok=True attempts=1 fallback=False
[role] 佐 -> core | ok=True attempts=1 fallback=False
[role] 复方 -> core | ok=True attempts=1 fallback=False
[role] 医乃仁术 -> core | ok=True attempts=1 fallback=False
[role] 使 -> core | ok=True attempts=1 fallback=False
[role] 相互宣摄 -> non-core | ok=True attempts=1 fallback=False
[role] 德术并修 -> core | ok=True attempts=1 fallback=False
[role] 同情仁爱 -> core | ok=True attempts=1 fallback=False
[role] 廉洁轻利 -> core | ok=True attempts=1 fallback=False
[role] 宽厚谦和 -> non-core | ok=True attempts=1 fallback=False
[role] 正己 -> core | ok=True attempts=1 fallback=False
[role] 愈疾 -> non-core | ok=True attempts=1 fallback=False
[role] 诚 -> core | ok=True attempts=1 fallback=False
[role] 正物 -> core | ok=True attempts=1 fallback=False
[role] 一视同仁 -> core | ok=True attempts=1 fallback=False
[role] 推己及人 -> core | ok=True attempts=1 fallback=False
[role] 立德 -> core | ok=True attempts=1 fallback=False
[role] 儒家义利观 -> core | ok=True attempts=1 fallback=False
[role] 立功 -> core | ok=True attempts=1 fallback=False
[role] 全身尽孝 -> non-core | ok=True attempts=1 fallback=False
[role] 立言 -> core | ok=True attempts=1 fallback=False
[role] 道与术结合 -> core | ok=True attempts=1 fallback=False
[role] 王清任 -> non-core | ok=True attempts=1 fallback=False
[role] 知医为孝 -> core | ok=True attempts=1 fallback=False
[role] 儒医 -> core | ok=True attempts=1 fallback=False
[role] 解剖学 -> non-core | ok=True attempts=1 fallback=False
[role] 唐赐之妻 -> non-core | ok=True attempts=1 fallback=False
[role] 割股疗亲 -> non-core | ok=True attempts=1 fallback=False
[role] 《南史》 -> non-core | ok=True attempts=1 fallback=False
[role] 交往礼节 -> core | ok=True attempts=1 fallback=False
[role] 中医伦理 -> core | ok=True attempts=1 fallback=False
[role] 安身立命之本 -> non-core | ok=True attempts=1 fallback=False
[role] 仪式 -> core | ok=True attempts=1 fallback=False
[role] 《孟子》 -> core | ok=True attempts=1 fallback=False
[role] 调养身心 -> non-core | ok=True attempts=1 fallback=False
[role] 《荀子》 -> core | ok=True attempts=1 fallback=False
[role] 知礼 -> core | ok=True attempts=1 fallback=False
[role] 知虑 -> core | ok=True attempts=1 fallback=False
[role] 饮食居处 -> non-core | ok=True attempts=1 fallback=False
[role] 贼民 -> non-core | ok=True attempts=1 fallback=False
[role] 志意 -> non-core | ok=True attempts=1 fallback=False
[role] 坐次失序 -> non-core | ok=True attempts=1 fallback=False
[role] 《礼记·学记》 -> core | ok=True attempts=1 fallback=False
[role] 孝为德本 -> core | ok=True attempts=1 fallback=False
[role] 家庭伦理 -> core | ok=True attempts=1 fallback=False
[role] 《学而》 -> core | ok=True attempts=1 fallback=False
[role] 修身、齐家、治国、平天下 -> core | ok=True attempts=1 fallback=False
[role] 入道之门、积德之基 -> core | ok=True attempts=1 fallback=False
[role] 《论语》 -> core | ok=True attempts=1 fallback=False
[role] 朱熹注 -> non-core | ok=True attempts=1 fallback=False
[role] 小道 -> non-core | ok=True attempts=1 fallback=False
[role] 为天地立心 -> non-core | ok=True attempts=1 fallback=False
[role] 仁孝之道 -> core | ok=True attempts=1 fallback=False
[role] 谦虚好学 -> non-core | ok=True attempts=1 fallback=False
[role] 严谨求实 -> non-core | ok=True attempts=1 fallback=False
[role] 仁学 -> core | ok=True attempts=1 fallback=False
[role] 朝闻道，夕死可矣 -> non-core | ok=True attempts=1 fallback=False
[role] 端正学习态度 -> core | ok=True attempts=1 fallback=False
[role] 知之为知之，不知为不知 -> non-core | ok=True attempts=1 fallback=False
[role] 实事求是 -> core | ok=True attempts=1 fallback=False
[role] 主观臆断 -> non-core | ok=True attempts=1 fallback=False
[role] 敏而好学，不耻下问 -> non-core | ok=True attempts=1 fallback=False
[role] 多读书穷理 -> core | ok=True attempts=1 fallback=False
[role] 野外考察 -> non-core | ok=True attempts=1 fallback=False
[role] 博学精思 -> core | ok=True attempts=1 fallback=False
[role] 清初朴学 -> core | ok=True attempts=1 fallback=False
[role] 学而不思则罔 -> non-core | ok=True attempts=1 fallback=False
[role] 解剖尸体 -> non-core | ok=True attempts=1 fallback=False
[role] 学思结合 -> core | ok=True attempts=1 fallback=False
[role] 学、问、思、辨、行 -> core | ok=True attempts=1 fallback=False
[role] 重视经典 -> core | ok=True attempts=1 fallback=False
[role] 强调实践 -> core | ok=True attempts=1 fallback=False
[role] 穷理方法 -> core | ok=True attempts=1 fallback=False
[role] 章句注疏 -> core | ok=True attempts=1 fallback=False
[role] 《格致余论》 -> core | ok=True attempts=1 fallback=False
[role] 学至于行而止 -> non-core | ok=True attempts=1 fallback=False
[role] 知 -> core | ok=True attempts=1 fallback=False
[role] 少年戒色 -> non-core | ok=True attempts=1 fallback=False
[role] 清代朴学 -> core | ok=True attempts=1 fallback=False
[role] 训诂校勘 -> core | ok=True attempts=1 fallback=False
[role] 行 -> core | ok=True attempts=1 fallback=False
[role] 儒家养生思想 -> core | ok=True attempts=1 fallback=False
[role] 老年戒得 -> core | ok=True attempts=1 fallback=False
[role] 壮年戒斗 -> non-core | ok=True attempts=1 fallback=False
[role] 灵枢·本脏 -> non-core | ok=True attempts=1 fallback=False
[role] 君子三戒 -> non-core | ok=True attempts=1 fallback=False
[role] 儒家文化 -> core | ok=True attempts=1 fallback=False
[role] 人之血气精神者，所以奉生而周于性命者也 -> non-core | ok=True attempts=1 fallback=False
[role] 修身 -> core | ok=True attempts=1 fallback=False
[role] 格物 -> core | ok=True attempts=1 fallback=False
[role] 仁者寿 -> core | ok=True attempts=1 fallback=False
[role] 正心 -> core | ok=True attempts=1 fallback=False
[role] 诚意 -> core | ok=True attempts=1 fallback=False
[role] 致知 -> core | ok=True attempts=1 fallback=False
[role] 大学 -> non-core | ok=True attempts=1 fallback=False
[role] 德润身 -> core | ok=True attempts=1 fallback=False
[role] 中和之道 -> core | ok=True attempts=1 fallback=False
[role] 心广体胖 -> core | ok=True attempts=1 fallback=False
[role] 君子食无求饱，居无求安，敏于事而慎于言，就有道而正焉 -> non-core | ok=True attempts=1 fallback=False
[role] 不动心 -> core | ok=True attempts=1 fallback=False
[role] 养心 -> core | ok=True attempts=1 fallback=False
[role] 乐而不淫 -> core | ok=True attempts=1 fallback=False
[role] 哀而不伤 -> core | ok=True attempts=1 fallback=False
[role] 浩然之气 -> core | ok=True attempts=1 fallback=False
[role] 寡欲 -> core | ok=True attempts=1 fallback=False
[role] 韶乐 -> non-core | ok=True attempts=1 fallback=False
[role] 仁者乐山，智者乐水 -> non-core | ok=True attempts=1 fallback=False
[role] 发愤忘食，乐以忘忧，不知老之将至 -> non-core | ok=True attempts=1 fallback=False
[role] 三月不知肉味 -> non-core | ok=True attempts=1 fallback=False
[role] 颜回 -> non-core | ok=True attempts=1 fallback=False
[role] 六艺 -> core | ok=True attempts=1 fallback=False
[role] 饭疏食饮水，曲肱而枕之，乐亦在其中矣 -> non-core | ok=True attempts=1 fallback=False
[role] 一箪食，一瓢饮，在陋巷 -> non-core | ok=True attempts=1 fallback=False
[role] 不义之富贵如浮云 -> non-core | ok=True attempts=1 fallback=False
[role] 曾点 -> non-core | ok=True attempts=1 fallback=False
[role] 浴乎沂，风乎舞雩，咏而归 -> non-core | ok=True attempts=1 fallback=False
[role] 积极乐观的人生态度 -> core | ok=True attempts=1 fallback=False
[role] 古稀之年 -> non-core | ok=True attempts=1 fallback=False
[role] 相克之序 -> non-core | ok=True attempts=1 fallback=False
[role] 生克 -> core | ok=True attempts=1 fallback=False
[role] 养生 -> core | ok=True attempts=1 fallback=False
[role] 相生关系 -> core | ok=True attempts=1 fallback=False
[role] 五行配五脏 -> core | ok=True attempts=1 fallback=False
[role] 滋水涵木 -> core | ok=True attempts=1 fallback=False
[role] 阴阳乖戾 -> non-core | ok=True attempts=1 fallback=False
[role] 五行生克体系 -> core | ok=True attempts=1 fallback=False
[role] 君火 -> core | ok=True attempts=1 fallback=False
[role] 脱营失精 -> non-core | ok=True attempts=1 fallback=False
[role] 同 -> non-core | ok=True attempts=1 fallback=False
[role] 护胃气 -> core | ok=True attempts=1 fallback=False
[role] 补不足，泻有余 -> core | ok=True attempts=1 fallback=False
[role] 相火 -> core | ok=True attempts=1 fallback=False
[role] 和羹 -> non-core | ok=True attempts=1 fallback=False
[role] 相反相成的组合原则 -> core | ok=True attempts=1 fallback=False
[role] 方剂 -> core | ok=True attempts=1 fallback=False
[role] 中医遣方用药 -> core | ok=True attempts=1 fallback=False
[role] 食材 -> core | ok=True attempts=1 fallback=False
[role] 佐使 -> core | ok=True attempts=1 fallback=False
[role] 以人为本 -> core | ok=True attempts=1 fallback=False
[role] 君、臣、佐、使 -> core | ok=True attempts=1 fallback=False
[role] 积极入世 -> core | ok=True attempts=1 fallback=False
[role] 人命至重，有贵千金 -> non-core | ok=True attempts=1 fallback=False
[role] 封建社会 -> core | ok=True attempts=1 fallback=False
[role] 以医谋利 -> non-core | ok=True attempts=1 fallback=False
[role] 活人 -> core | ok=True attempts=1 fallback=False
[role] 达仁之道 -> core | ok=True attempts=1 fallback=False
[role] 儒医相通 -> core | ok=True attempts=1 fallback=False
[role] 仁为医德之本 -> core | ok=True attempts=1 fallback=False
[role] 孝为仁之本 -> core | ok=True attempts=1 fallback=False
[role] 能养且敬 -> non-core | ok=True attempts=1 fallback=False
[role] 无违 -> non-core | ok=True attempts=1 fallback=False
[role] 不为良相，即为良医 -> non-core | ok=True attempts=1 fallback=False
[role] 行医为践行仁道 -> core | ok=True attempts=1 fallback=False
[role] 《旧唐书》 -> non-core | ok=True attempts=1 fallback=False
[role] 父母在，不远游 -> core | ok=True attempts=1 fallback=False
[role] 首陀罗 -> non-core | ok=True attempts=1 fallback=False
[role] 释迦牟尼 -> core | ok=True attempts=1 fallback=False
[role] 婆罗门教 -> core | ok=True attempts=1 fallback=False
[role] 牟子理惑论 -> non-core | ok=True attempts=1 fallback=False
[role] 恒河流域 -> non-core | ok=True attempts=1 fallback=False
[role] 种姓制度 -> core | ok=True attempts=1 fallback=False
[role] 婆罗门 -> core | ok=True attempts=1 fallback=False
[role] 佛教 -> core | ok=True attempts=1 fallback=False
[role] 印度 -> non-core | ok=True attempts=1 fallback=False
[role] 西域 -> non-core | ok=True attempts=1 fallback=False
[role] 两汉 -> core | ok=True attempts=1 fallback=False
[role] 永平七年 -> non-core | ok=True attempts=1 fallback=False
[role] 经书 -> non-core | ok=True attempts=1 fallback=False
[role] 汉明帝 -> non-core | ok=True attempts=1 fallback=False
[role] 使者 -> non-core | ok=True attempts=1 fallback=False
[role] 洛阳 -> non-core | ok=True attempts=1 fallback=False
[role] 白马寺 -> core | ok=True attempts=1 fallback=False
[role] 《四十二章经》 -> core | ok=True attempts=1 fallback=False
[role] 中国第一座佛教寺院 -> non-core | ok=True attempts=1 fallback=False
[role] 南传佛教 -> core | ok=True attempts=1 fallback=False
[role] 汉传佛教 -> core | ok=True attempts=1 fallback=False
[role] 东南亚 -> non-core | ok=True attempts=1 fallback=False
[role] 佛像 -> non-core | ok=True attempts=1 fallback=False
[role] 巴利语 -> core | ok=True attempts=1 fallback=False
[role] 南传 -> core | ok=True attempts=1 fallback=False
[role] 上座部佛教 -> core | ok=True attempts=1 fallback=False
[role] 藏传佛教 -> core | ok=True attempts=1 fallback=False
[role] 北传 -> core | ok=True attempts=1 fallback=False
[role] 斯里兰卡 -> non-core | ok=True attempts=1 fallback=False
[role] 中国云南 -> non-core | ok=True attempts=1 fallback=False
[role] 中国 -> core | ok=True attempts=1 fallback=False
[role] 丝绸之路 -> core | ok=True attempts=1 fallback=False
[role] 朝鲜半岛 -> core | ok=True attempts=1 fallback=False
[role] 汉语 -> core | ok=True attempts=1 fallback=False
[role] 大乘佛教 -> core | ok=True attempts=1 fallback=False
[role] 中亚 -> core | ok=True attempts=1 fallback=False
[role] 日本 -> core | ok=True attempts=1 fallback=False
[role] 梵语 -> core | ok=True attempts=1 fallback=False
[role] 儒道文化 -> core | ok=True attempts=1 fallback=False
[role] 汉文化 -> core | ok=True attempts=1 fallback=False
[role] 巴利文经典 -> core | ok=True attempts=1 fallback=False
[role] 密教 -> core | ok=True attempts=1 fallback=False
[role] 政教合一体系 -> core | ok=True attempts=1 fallback=False
[role] 上座部系统 -> core | ok=True attempts=1 fallback=False
[role] 佛教中国化 -> core | ok=True attempts=1 fallback=False
[role] 云南上座部佛教 -> core | ok=True attempts=1 fallback=False
[role] 译述佛经阶段 -> core | ok=True attempts=1 fallback=False
[role] 创宗立派阶段 -> core | ok=True attempts=1 fallback=False
[role] 三教合一阶段 -> core | ok=True attempts=1 fallback=False
[role] 编撰佛经阶段 -> core | ok=True attempts=1 fallback=False
[role] 黄老 -> core | ok=True attempts=1 fallback=False
[role] 儒家伦理 -> core | ok=True attempts=1 fallback=False
[role] 玄学 -> core | ok=True attempts=1 fallback=False
[role] 净土宗 -> core | ok=True attempts=1 fallback=False
[role] 禅宗 -> core | ok=True attempts=1 fallback=False
[role] 译经僧人 -> core | ok=True attempts=1 fallback=False
[role] 思想汉语化 -> core | ok=True attempts=1 fallback=False
[role] 注疏 -> core | ok=True attempts=1 fallback=False
[role] 天台宗 -> core | ok=True attempts=1 fallback=False
[role] 唐武宗废佛 -> non-core | ok=True attempts=1 fallback=False
[role] 教外别传 -> core | ok=True attempts=1 fallback=False
[role] 菩提达摩 -> core | ok=True attempts=1 fallback=False
[role] 神秀 -> non-core | ok=True attempts=1 fallback=False
[role] 六祖慧能 -> core | ok=True attempts=1 fallback=False
[role] 五祖弘忍 -> core | ok=True attempts=1 fallback=False
[role] 禅定 -> core | ok=True attempts=1 fallback=False
[role] 不立文字，教外别传；直指人心，见性成佛 -> core | ok=True attempts=1 fallback=False
[role] 《楞伽经》 -> core | ok=True attempts=1 fallback=False
[role] 万法皆空 -> non-core | ok=True attempts=1 fallback=False
[role] 渐修 -> core | ok=True attempts=1 fallback=False
[role] 北宗渐门 -> core | ok=True attempts=1 fallback=False
[role] 《金刚经》 -> core | ok=True attempts=1 fallback=False
[role] 顿悟 -> core | ok=True attempts=1 fallback=False
[role] 南宗顿门 -> core | ok=True attempts=1 fallback=False
[role] 《坛经》 -> core | ok=True attempts=1 fallback=False
[role] 智顗 -> core | ok=True attempts=1 fallback=False
[role] 顿悟成佛 -> core | ok=True attempts=1 fallback=False
[role] 龙树 -> non-core | ok=True attempts=1 fallback=False
[role] 慧文 -> non-core | ok=True attempts=1 fallback=False
[role] 《法华经》 -> core | ok=True attempts=1 fallback=False
[role] 见性成佛 -> core | ok=True attempts=1 fallback=False
[role] 《法华文句》 -> core | ok=True attempts=1 fallback=False
[role] 《摩诃止观》 -> core | ok=True attempts=1 fallback=False
[role] 天台三大部 -> core | ok=True attempts=1 fallback=False
[role] 《法华玄义》 -> core | ok=True attempts=1 fallback=False
[role] 因缘 -> core | ok=True attempts=1 fallback=False
[role] 约教 -> core | ok=True attempts=1 fallback=False
[role] 华严宗 -> core | ok=True attempts=1 fallback=False
[role] 一念三千 -> core | ok=True attempts=1 fallback=False
[role] 《华严经》 -> core | ok=True attempts=1 fallback=False
[role] 龙树菩萨 -> non-core | ok=True attempts=1 fallback=False
[role] 法藏 -> core | ok=True attempts=1 fallback=False
[role] 本迹 -> core | ok=True attempts=1 fallback=False
[role] 观心 -> core | ok=True attempts=1 fallback=False
[role] 贤首 -> non-core | ok=True attempts=1 fallback=False
[role] 武则天 -> non-core | ok=True attempts=1 fallback=False
[role] 《初发心菩萨功德品》 -> non-core | ok=True attempts=1 fallback=False
[role] 一多相即 -> core | ok=True attempts=1 fallback=False
[role] 一世界 -> non-core | ok=True attempts=1 fallback=False
[role] 《十住品》 -> core | ok=True attempts=1 fallback=False
[role] 无量无边世界 -> non-core | ok=True attempts=1 fallback=False
[role] 他力 -> core | ok=True attempts=1 fallback=False
[role] 往生西方极乐净土 -> core | ok=True attempts=1 fallback=False
[role] 庐山慧远 -> non-core | ok=True attempts=1 fallback=False
[role] 阿弥陀佛名号 -> core | ok=True attempts=1 fallback=False
[role] 自力 -> core | ok=True attempts=1 fallback=False
[role] 一心专念 -> core | ok=True attempts=1 fallback=False
[role] 昙鸾 -> non-core | ok=True attempts=1 fallback=False
[role] 道绰 -> non-core | ok=True attempts=1 fallback=False
[role] 三经一论 -> non-core | ok=True attempts=1 fallback=False
[role] 阿弥陀经 -> core | ok=True attempts=1 fallback=False
[role] 法藏比丘四十八愿 -> core | ok=True attempts=1 fallback=False
[role] 无量寿经 -> core | ok=True attempts=1 fallback=False
[role] 慈愍 -> non-core | ok=True attempts=1 fallback=False
[role] 三辈往生 -> core | ok=True attempts=1 fallback=False
[role] 观无量寿经 -> core | ok=True attempts=1 fallback=False
[role] 往生论 -> core | ok=True attempts=1 fallback=False
[role] 净业正因 -> core | ok=True attempts=1 fallback=False
[role] 十六观法 -> core | ok=True attempts=1 fallback=False
[role] 九品往生 -> core | ok=True attempts=1 fallback=False
[role] 三论宗 -> core | ok=True attempts=1 fallback=False
[role] 吉藏 -> non-core | ok=True attempts=1 fallback=False
[role] 《中论》 -> core | ok=True attempts=1 fallback=False
[role] 印度初祖 -> non-core | ok=True attempts=1 fallback=False
[role] 五念门 -> core | ok=True attempts=1 fallback=False
[role] 中国初祖 -> non-core | ok=True attempts=1 fallback=False
[role] 称名念佛 -> core | ok=True attempts=1 fallback=False
[role] 《十二门论》 -> core | ok=True attempts=1 fallback=False
[role] 提婆 -> non-core | ok=True attempts=1 fallback=False
[role] 鸠摩罗什 -> core | ok=True attempts=1 fallback=False
[role] 大乘佛学 -> core | ok=True attempts=1 fallback=False
[role] 缘起性空 -> core | ok=True attempts=1 fallback=False
[role] 真空 -> non-core | ok=True attempts=1 fallback=False
[role] 不常不断 -> core | ok=True attempts=1 fallback=False
[role] 八不偈 -> non-core | ok=True attempts=1 fallback=False
[role] 缘起 -> core | ok=True attempts=1 fallback=False
[role] 法相宗 -> core | ok=True attempts=1 fallback=False
[role] 无自性 -> core | ok=True attempts=1 fallback=False
[role] 诸法性空的中道实相论 -> core | ok=True attempts=1 fallback=False
[role] 《百论》 -> core | ok=True attempts=1 fallback=False
[role] 不来不出 -> non-core | ok=True attempts=1 fallback=False
[role] 性 -> non-core | ok=True attempts=1 fallback=False
[role] 不生不灭 -> core | ok=True attempts=1 fallback=False
[role] 不一不异 -> core | ok=True attempts=1 fallback=False
[role] 相 -> non-core | ok=True attempts=1 fallback=False
[role] 窥基 -> non-core | ok=True attempts=1 fallback=False
[role] 万法唯识 -> core | ok=True attempts=1 fallback=False
[role] 玄奘 -> non-core | ok=True attempts=1 fallback=False
[role] 妙有 -> non-core | ok=True attempts=1 fallback=False
[role] 律宗 -> core | ok=True attempts=1 fallback=False
[role] 法 -> core | ok=True attempts=1 fallback=False
[role] 识 -> core | ok=True attempts=1 fallback=False
[role] 三界唯心 -> core | ok=True attempts=1 fallback=False
[role] 因明学 -> core | ok=True attempts=1 fallback=False
[role] 道宣法师 -> core | ok=True attempts=1 fallback=False
[role] 《四分律》 -> core | ok=True attempts=1 fallback=False
[role] 《十颂律》 -> core | ok=True attempts=1 fallback=False
[role] 《摩诃僧祗律》 -> core | ok=True attempts=1 fallback=False
[role] 《毗尼母论》 -> non-core | ok=True attempts=1 fallback=False
[role] 《五分律》 -> core | ok=True attempts=1 fallback=False
[role] 四律 -> core | ok=True attempts=1 fallback=False
[role] 五论 -> core | ok=True attempts=1 fallback=False
[role] 《摩得勒伽论》 -> core | ok=True attempts=1 fallback=False
[role] 《明了论》 -> non-core | ok=True attempts=1 fallback=False
[role] 《萨婆多论》 -> core | ok=True attempts=1 fallback=False
[role] 日本律宗 -> core | ok=True attempts=1 fallback=False
[role] 谛 -> core | ok=True attempts=1 fallback=False
[role] 《善见律毗婆沙》 -> core | ok=True attempts=1 fallback=False
[role] 鉴真大师 -> non-core | ok=True attempts=1 fallback=False
[role] 圣谛 -> core | ok=True attempts=1 fallback=False
[role] 苦谛 -> core | ok=True attempts=1 fallback=False
[role] 四谛 -> core | ok=True attempts=1 fallback=False
[role] 八苦 -> core | ok=True attempts=1 fallback=False
[role] 老 -> core | ok=True attempts=1 fallback=False
[role] 死 -> core | ok=True attempts=1 fallback=False
[role] 怨憎会 -> core | ok=True attempts=1 fallback=False
[role] 集谛 -> core | ok=True attempts=1 fallback=False
[role] 五取蕴 -> core | ok=True attempts=1 fallback=False
[role] 诸法无我 -> core | ok=True attempts=1 fallback=False
[role] 爱别离 -> core | ok=True attempts=1 fallback=False
[role] 求不得 -> core | ok=True attempts=1 fallback=False
[role] 十二因缘 -> core | ok=True attempts=1 fallback=False
[role] 灭谛 -> core | ok=True attempts=1 fallback=False
[role] 诸行无常 -> core | ok=True attempts=1 fallback=False
[role] 正见 -> core | ok=True attempts=1 fallback=False
[role] 涅槃 -> core | ok=True attempts=1 fallback=False
[role] 八正道 -> core | ok=True attempts=1 fallback=False
[role] 道谛 -> core | ok=True attempts=1 fallback=False
[role] 正业 -> core | ok=True attempts=1 fallback=False
[role] 正语 -> core | ok=True attempts=1 fallback=False
[role] 正思 -> core | ok=True attempts=1 fallback=False
[role] 一切皆空 -> core | ok=True attempts=1 fallback=False
[role] 正念 -> core | ok=True attempts=1 fallback=False
[role] 正命 -> core | ok=True attempts=1 fallback=False
[role] 释尊 -> core | ok=True attempts=1 fallback=False
[role] 正定 -> core | ok=True attempts=1 fallback=False
[role] 《心经》 -> core | ok=True attempts=1 fallback=False
[role] 性空 -> core | ok=True attempts=1 fallback=False
[role] 因果相生 -> core | ok=True attempts=1 fallback=False
[role] 正精进 -> core | ok=True attempts=1 fallback=False
[role] 性空妙有 -> core | ok=True attempts=1 fallback=False
[role] 色不异空，空不异色 -> core | ok=True attempts=1 fallback=False
[role] 轮回理论 -> core | ok=True attempts=1 fallback=False
[role] 虚无主义 -> core | ok=True attempts=1 fallback=False
[role] 因果缘起 -> core | ok=True attempts=1 fallback=False
[role] 相续不空 -> core | ok=True attempts=1 fallback=False
[role] 三界六道 -> core | ok=True attempts=1 fallback=False
[role] 三毒 -> core | ok=True attempts=1 fallback=False
[role] 刹那生灭 -> core | ok=True attempts=1 fallback=False
[role] 业 -> core | ok=True attempts=1 fallback=False
[role] 业报 -> core | ok=True attempts=1 fallback=False
[role] 三世轮回 -> core | ok=True attempts=1 fallback=False
[role] 果报 -> core | ok=True attempts=1 fallback=False
[role] 业感缘起 -> core | ok=True attempts=1 fallback=False
[role] 灵魂不灭 -> core | ok=True attempts=1 fallback=False
[role] 身、口、意 -> core | ok=True attempts=1 fallback=False
[role] 涅槃解脱 -> core | ok=True attempts=1 fallback=False
[role] 三法印 -> core | ok=True attempts=1 fallback=False
[role] 六度 -> core | ok=True attempts=1 fallback=False
[role] 缘起说 -> core | ok=True attempts=1 fallback=False
[role] 大智度论 -> core | ok=True attempts=1 fallback=False
[role] 涅槃寂静 -> core | ok=True attempts=1 fallback=False
[role] 我执 -> core | ok=True attempts=1 fallback=False
[role] 止恶 -> non-core | ok=True attempts=1 fallback=False
[role] 度 -> core | ok=True attempts=1 fallback=False
[role] 法施 -> core | ok=True attempts=1 fallback=False
[role] 布施 -> core | ok=True attempts=1 fallback=False
[role] 无畏施 -> core | ok=True attempts=1 fallback=False
[role] 般若 -> core | ok=True attempts=1 fallback=False
[role] 财施 -> non-core | ok=True attempts=1 fallback=False
[role] 持戒 -> core | ok=True attempts=1 fallback=False
[role] 修善 -> non-core | ok=True attempts=1 fallback=False
[role] 精进 -> core | ok=True attempts=1 fallback=False
[role] 忍辱 -> core | ok=True attempts=1 fallback=False
[role] 生死此岸 -> non-core | ok=True attempts=1 fallback=False
[role] 俗智 -> non-core | ok=True attempts=1 fallback=False
[role] 色空不二 -> core | ok=True attempts=1 fallback=False
[role] 菩萨 -> core | ok=True attempts=1 fallback=False
[role] 六度船筏 -> core | ok=True attempts=1 fallback=False
[role] 涅槃彼岸 -> core | ok=True attempts=1 fallback=False
[role] 真智 -> core | ok=True attempts=1 fallback=False
[role] 苦 -> core | ok=True attempts=1 fallback=False
[role] 饶益有情 -> core | ok=True attempts=1 fallback=False
[role] 涅槃寂灭 -> non-core | ok=True attempts=1 fallback=False
[role] 修学体证 -> non-core | ok=True attempts=1 fallback=False
[role] 学佛 -> core | ok=True attempts=1 fallback=False
[role] 中智 -> core | ok=True attempts=1 fallback=False
[role] 离苦得乐 -> core | ok=True attempts=1 fallback=False
[role] 苦集烦恼 -> core | ok=True attempts=1 fallback=False
[role] 四圣谛 -> core | ok=True attempts=1 fallback=False
[role] 正观 -> core | ok=True attempts=1 fallback=False
[role] 生死轮回 -> core | ok=True attempts=1 fallback=False
[role] 因果 -> core | ok=True attempts=1 fallback=False
[role] 颠倒邪见 -> non-core | ok=True attempts=1 fallback=False
[role] 涅槃圣贤境界 -> core | ok=True attempts=1 fallback=False
[role] 慧 -> core | ok=True attempts=1 fallback=False
[role] 定 -> core | ok=True attempts=1 fallback=False
[role] 三无漏学 -> core | ok=True attempts=1 fallback=False
[role] 眼识 -> core | ok=True attempts=1 fallback=False
[role] 出世解脱道 -> core | ok=True attempts=1 fallback=False
[role] 戒 -> core | ok=True attempts=1 fallback=False
[role] 鼻识 -> core | ok=True attempts=1 fallback=False
[role] 意识 -> core | ok=True attempts=1 fallback=False
[role] 阿赖耶识 -> core | ok=True attempts=1 fallback=False
[role] 舌识 -> core | ok=True attempts=1 fallback=False
[role] 耳识 -> core | ok=True attempts=1 fallback=False
[role] 极乐世界 -> non-core | ok=True attempts=1 fallback=False
[role] 身识 -> core | ok=True attempts=1 fallback=False
[role] 能缘 -> non-core | ok=True attempts=1 fallback=False
[role] 末那识 -> core | ok=True attempts=1 fallback=False
[role] 我 -> core | ok=True attempts=1 fallback=False
[role] 所缘 -> core | ok=True attempts=1 fallback=False
[role] 明心见性 -> core | ok=True attempts=1 fallback=False
[role] 不立文字 -> core | ok=True attempts=1 fallback=False
[role] 直指人心 -> core | ok=True attempts=1 fallback=False
[role] 本来面目 -> core | ok=True attempts=1 fallback=False
[role] 明心 -> core | ok=True attempts=1 fallback=False
[role] 觉悟与烦恼 -> core | ok=True attempts=1 fallback=False
[role] 真心与妄心 -> core | ok=True attempts=1 fallback=False
[role] 不思善、不思恶 -> core | ok=True attempts=1 fallback=False
[role] 见性 -> core | ok=True attempts=1 fallback=False
[role] 南顿北渐 -> core | ok=True attempts=1 fallback=False
[role] 应无所住而生其心 -> core | ok=True attempts=1 fallback=False
[role] 自心佛性 -> core | ok=True attempts=1 fallback=False
[role] 金刚经 -> core | ok=True attempts=1 fallback=False
[role] 渐悟 -> non-core | ok=True attempts=1 fallback=False
[role] 本自清净 -> non-core | ok=True attempts=1 fallback=False
[role] 慧能 -> core | ok=True attempts=1 fallback=False
[role] 南宗 -> core | ok=True attempts=1 fallback=False
[role] 北宗 -> core | ok=True attempts=1 fallback=False
[role] 冯友兰 -> core | ok=True attempts=1 fallback=False
[role] 成佛 -> core | ok=True attempts=1 fallback=False
[role] 灵知 -> core | ok=True attempts=1 fallback=False
[role] 轮回 -> core | ok=True attempts=1 fallback=False
[role] 自心是佛 -> core | ok=True attempts=1 fallback=False
[role] 积学 -> core | ok=True attempts=1 fallback=False
[role] 佛性 -> core | ok=True attempts=1 fallback=False
[role] 本性是佛 -> core | ok=True attempts=1 fallback=False
[role] 空有 -> core | ok=True attempts=1 fallback=False
[role] 因果报应 -> core | ok=True attempts=1 fallback=False
[role] 解脱生死轮回 -> core | ok=True attempts=1 fallback=False
[role] 内证 -> core | ok=True attempts=1 fallback=False
[role] 《大智度论》 -> core | ok=True attempts=1 fallback=False
[role] 波罗蜜多 -> core | ok=True attempts=1 fallback=False
[role] 涅槃寂灭之乐 -> non-core | ok=True attempts=1 fallback=False
[role] 戒学 -> core | ok=True attempts=1 fallback=False
[role] 戒定慧三无漏学 -> core | ok=True attempts=1 fallback=False
[role] 慧学 -> core | ok=True attempts=1 fallback=False
[role] 唯识宗 -> core | ok=True attempts=1 fallback=False
[role] 无念为宗 -> core | ok=True attempts=1 fallback=False
[role] 定学 -> core | ok=True attempts=1 fallback=False
[role] 无相为体 -> core | ok=True attempts=1 fallback=False
[role] 教人向善 -> non-core | ok=True attempts=1 fallback=False
[role] 业报轮回 -> core | ok=True attempts=1 fallback=False
[role] 三学 -> core | ok=True attempts=1 fallback=False
[role] 核心宗旨 -> core | ok=True attempts=1 fallback=False
[role] 止恶行善 -> core | ok=True attempts=1 fallback=False
[role] 伦理准则 -> core | ok=True attempts=1 fallback=False
[role] 基本道德规范 -> core | ok=True attempts=1 fallback=False
[role] 无住为本 -> core | ok=True attempts=1 fallback=False
[role] 慈悲 -> core | ok=True attempts=1 fallback=False
[role] 平等慈悲 -> core | ok=True attempts=1 fallback=False
[role] 去恶从善 -> non-core | ok=True attempts=1 fallback=False
[role] 圣人之教 -> non-core | ok=True attempts=1 fallback=False
[role] 慈 -> non-core | ok=True attempts=1 fallback=False
[role] 帮助他人解脱 -> non-core | ok=True attempts=1 fallback=False
[role] 自他不二 -> core | ok=True attempts=1 fallback=False
[role] 自我解脱 -> core | ok=True attempts=1 fallback=False
[role] 为医要真诚 -> non-core | ok=True attempts=1 fallback=False
[role] 佛教戒律 -> core | ok=True attempts=1 fallback=False
[role] 境界提升 -> core | ok=True attempts=1 fallback=False
[role] 正 -> core | ok=True attempts=1 fallback=False
[role] 自利利他 -> core | ok=True attempts=1 fallback=False
[role] 大医之风范 -> non-core | ok=True attempts=1 fallback=False
[role] 治病要真心 -> non-core | ok=True attempts=1 fallback=False
[role] 医学道德 -> core | ok=True attempts=1 fallback=False
[role] 道德约束 -> core | ok=True attempts=1 fallback=False
[role] 生命科学 -> core | ok=True attempts=1 fallback=False
[role] 精勤学医 -> non-core | ok=True attempts=1 fallback=False
[role] 精微用心 -> non-core | ok=True attempts=1 fallback=False
[role] 静心宽宏 -> non-core | ok=True attempts=1 fallback=False
[role] 视患者如亲人 -> non-core | ok=True attempts=1 fallback=False
[role] 不为名利 -> non-core | ok=True attempts=1 fallback=False
[role] 谦逊养德 -> non-core | ok=True attempts=1 fallback=False
[role] 常怀同情 -> non-core | ok=True attempts=1 fallback=False
[role] 细心全面 -> non-core | ok=True attempts=1 fallback=False
[role] 谨言慎行 -> non-core | ok=True attempts=1 fallback=False
[role] 严己宽人 -> non-core | ok=True attempts=1 fallback=False
[role] 为医要规范 -> non-core | ok=True attempts=1 fallback=False
[role] 不为财而救人 -> non-core | ok=True attempts=1 fallback=False
[role] 态度认真 -> non-core | ok=True attempts=1 fallback=False
[role] 四大 -> core | ok=True attempts=1 fallback=False
[role] 热病 -> non-core | ok=True attempts=1 fallback=False
[role] 救济之心 -> non-core | ok=True attempts=1 fallback=False
[role] 地大 -> non-core | ok=True attempts=1 fallback=False
[role] 火大 -> non-core | ok=True attempts=1 fallback=False
[role] 四百四病 -> non-core | ok=True attempts=1 fallback=False
[role] 风大 -> non-core | ok=True attempts=1 fallback=False
[role] 寒病 -> non-core | ok=True attempts=1 fallback=False
[role] 百一理论 -> core | ok=True attempts=1 fallback=False
[role] 土大增 -> non-core | ok=True attempts=1 fallback=False
[role] 陶弘景 -> non-core | ok=True attempts=1 fallback=False
[role] 巢元方 -> non-core | ok=True attempts=1 fallback=False
[role] 杂 -> non-core | ok=True attempts=1 fallback=False
[role] 水大 -> non-core | ok=True attempts=1 fallback=False
[role] 外在四大不调 -> non-core | ok=True attempts=1 fallback=False
[role] 水大积 -> non-core | ok=True attempts=1 fallback=False
[role] 贪 -> core | ok=True attempts=1 fallback=False
[role] 痴 -> core | ok=True attempts=1 fallback=False
[role] 嗔 -> non-core | ok=True attempts=1 fallback=False
[role] 痰 -> non-core | ok=True attempts=1 fallback=False
[role] 妄想 -> non-core | ok=True attempts=1 fallback=False
[role] 高血压 -> non-core | ok=True attempts=1 fallback=False
[role] 妄念 -> non-core | ok=True attempts=1 fallback=False
[role] 我相 -> non-core | ok=True attempts=1 fallback=False
[role] 血脉贲张 -> non-core | ok=True attempts=1 fallback=False
[role] 心脏病 -> non-core | ok=True attempts=1 fallback=False
[role] 消化性溃疡 -> non-core | ok=True attempts=1 fallback=False
[role] 八万四千法门 -> core | ok=True attempts=1 fallback=False
[role] 中道 -> core | ok=True attempts=1 fallback=False
[role] 沉香 -> non-core | ok=True attempts=1 fallback=False
[role] 不净观 -> core | ok=True attempts=1 fallback=False
[role] 龙脑香 -> non-core | ok=True attempts=1 fallback=False
[role] 慈悲观 -> core | ok=True attempts=1 fallback=False
[role] 乳香 -> non-core | ok=True attempts=1 fallback=False
[role] 《维摩诘经》 -> core | ok=True attempts=1 fallback=False
[role] 因缘观 -> core | ok=True attempts=1 fallback=False
[role] 毗醯勒 -> non-core | ok=True attempts=1 fallback=False
[role] 佛法 -> core | ok=True attempts=1 fallback=False
[role] 胡椒 -> non-core | ok=True attempts=1 fallback=False
[role] 阿波末利迦 -> non-core | ok=True attempts=1 fallback=False
[role] 番红花 -> non-core | ok=True attempts=1 fallback=False
[role] 郁金 -> non-core | ok=True attempts=1 fallback=False
[role] 《不空绢索咒经》 -> non-core | ok=True attempts=1 fallback=False
[role] 奢弥草 -> non-core | ok=True attempts=1 fallback=False
[role] 《曼殊室利菩萨咒藏中一字咒王经》 -> non-core | ok=True attempts=1 fallback=False
[role] 诃梨勒 -> non-core | ok=True attempts=1 fallback=False
[role] 船椒树子 -> non-core | ok=True attempts=1 fallback=False
[role] 耆婆百病丸 -> non-core | ok=True attempts=1 fallback=False
[role] 《名医别录》 -> non-core | ok=True attempts=1 fallback=False
[role] 杨枝洁齿 -> non-core | ok=True attempts=1 fallback=False
[role] 《肘后方》 -> non-core | ok=True attempts=1 fallback=False
[role] 《唐本草》 -> non-core | ok=True attempts=1 fallback=False
[role] 揩齿法 -> non-core | ok=True attempts=1 fallback=False
[role] 《温室洗浴众僧经》 -> non-core | ok=True attempts=1 fallback=False
[role] 《千金要方》 -> core | ok=True attempts=1 fallback=False
[role] 白内障金针拔障术 -> core | ok=True attempts=1 fallback=False
[role] 《外台秘要》 -> core | ok=True attempts=1 fallback=False
[role] 《目经大成》 -> non-core | ok=True attempts=1 fallback=False
[role] 八法 -> core | ok=True attempts=1 fallback=False
[role] 《龙树菩萨方》 -> non-core | ok=True attempts=1 fallback=False
[role] 《天竺经眼论》 -> non-core | ok=True attempts=1 fallback=False
[role] 七十二眼方 -> non-core | ok=True attempts=1 fallback=False
[role] 支法存 -> non-core | ok=True attempts=1 fallback=False
[role] 《申苏方》 -> non-core | ok=True attempts=1 fallback=False
[role] 《诸病源候论》 -> core | ok=True attempts=1 fallback=False
[role] 深师 -> non-core | ok=True attempts=1 fallback=False
[role] 《僧深药方》 -> non-core | ok=True attempts=1 fallback=False
[role] 溪毒蒸气疗法 -> non-core | ok=True attempts=1 fallback=False
[role] 脚气病防治学先驱 -> non-core | ok=True attempts=1 fallback=False
[role] 仰道人 -> non-core | ok=True attempts=1 fallback=False
[role] 于法开 -> non-core | ok=True attempts=1 fallback=False
[role] 识含宗 -> non-core | ok=True attempts=1 fallback=False
[role] 蔺道人 -> non-core | ok=True attempts=1 fallback=False
[role] 羊膜 -> non-core | ok=True attempts=1 fallback=False
[role] 气血学说 -> core | ok=True attempts=1 fallback=False
[role] 四物汤 -> non-core | ok=True attempts=1 fallback=False
[role] 《仙授理伤续断秘方》 -> core | ok=True attempts=1 fallback=False
[role] 骨折脱臼治疗常规 -> core | ok=True attempts=1 fallback=False
[role] 小夹板固定 -> non-core | ok=True attempts=1 fallback=False
[role] 果 -> core | ok=True attempts=1 fallback=False
[role] 佛学文化 -> core | ok=True attempts=1 fallback=False
[role] 因 -> core | ok=True attempts=1 fallback=False
[role] 善业 -> core | ok=True attempts=1 fallback=False
[role] 佛陀 -> core | ok=True attempts=1 fallback=False
[role] 因果论 -> core | ok=True attempts=1 fallback=False
[role] 业报说 -> core | ok=True attempts=1 fallback=False
[role] 善报 -> core | ok=True attempts=1 fallback=False
[role] 诸法因缘而生 -> core | ok=True attempts=1 fallback=False
[role] 恶报 -> core | ok=True attempts=1 fallback=False
[role] 缘起学说 -> core | ok=True attempts=1 fallback=False
[role] 恶业 -> core | ok=True attempts=1 fallback=False
[role] 饮食起居 -> core | ok=True attempts=1 fallback=False
[role] 此有故彼有，此生故彼生 -> core | ok=True attempts=1 fallback=False
[role] 精神情志 -> core | ok=True attempts=1 fallback=False
[role] 运动呼吸 -> non-core | ok=True attempts=1 fallback=False
[role] 和于术数 -> core | ok=True attempts=1 fallback=False
[role] 心安不惧 -> non-core | ok=True attempts=1 fallback=False
[role] 百病生于气 -> core | ok=True attempts=1 fallback=False
[role] 志闲少欲 -> non-core | ok=True attempts=1 fallback=False
[role] 心性学说 -> core | ok=True attempts=1 fallback=False
[role] 太上养神 -> core | ok=True attempts=1 fallback=False
[role] 精神安乎形 -> core | ok=True attempts=1 fallback=False
[role] 神清意平 -> non-core | ok=True attempts=1 fallback=False
[role] 无念 -> core | ok=True attempts=1 fallback=False
[role] 心病 -> core | ok=True attempts=1 fallback=False
[role] 四大皆空 -> core | ok=True attempts=1 fallback=False
[role] 无住 -> core | ok=True attempts=1 fallback=False
[role] 元气调息 -> non-core | ok=True attempts=1 fallback=False
[role] 外修 -> non-core | ok=True attempts=1 fallback=False
[role] 内修 -> core | ok=True attempts=1 fallback=False
[role] 六尘 -> core | ok=True attempts=1 fallback=False
[role] 经行 -> non-core | ok=True attempts=1 fallback=False
[role] 武术 -> core | ok=True attempts=1 fallback=False
[role] 无相 -> core | ok=True attempts=1 fallback=False
[role] 跑香 -> non-core | ok=True attempts=1 fallback=False
[role] 向善 -> core | ok=True attempts=1 fallback=False
[role] 悲拔苦 -> non-core | ok=True attempts=1 fallback=False
[role] 绕佛 -> core | ok=True attempts=1 fallback=False
[role] 五风 -> non-core | ok=True attempts=1 fallback=False
[role] 慈予乐 -> non-core | ok=True attempts=1 fallback=False
[role] 四大分散 -> core | ok=True attempts=1 fallback=False
[role] 仁心仁术 -> non-core | ok=True attempts=1 fallback=False
[role] 《大医精诚》 -> core | ok=True attempts=1 fallback=False
[role] 声 -> core | ok=True attempts=1 fallback=False
[role] 味 -> core | ok=True attempts=1 fallback=False
[role] 《观世间菩萨如意摩尼陀罗经》 -> non-core | ok=True attempts=1 fallback=False
[role] 藿香 -> non-core | ok=True attempts=1 fallback=False
[role] 色 -> core | ok=True attempts=1 fallback=False
[role] 无明 -> core | ok=True attempts=1 fallback=False
[role] 触 -> core | ok=True attempts=1 fallback=False
[role] 安息香 -> non-core | ok=True attempts=1 fallback=False
[role] 《千金翼方》 -> core | ok=True attempts=1 fallback=False
[role] 无明烦恼 -> core | ok=True attempts=1 fallback=False
[role] 《本草纲目》 -> core | ok=True attempts=1 fallback=False
[role] 白内障手术 -> non-core | ok=True attempts=1 fallback=False
[role] 蒸气疗法 -> non-core | ok=True attempts=1 fallback=False
[role] 谢道人 -> non-core | ok=True attempts=1 fallback=False
[role] 阿伽陀圆 -> non-core | ok=True attempts=1 fallback=False
[role] 脚气病防治先驱 -> non-core | ok=True attempts=1 fallback=False
[role] 金针拔障术 -> non-core | ok=True attempts=1 fallback=False
[role] 羊膜记录 -> non-core | ok=True attempts=1 fallback=False
[role] 小夹板固定技术 -> non-core | ok=True attempts=1 fallback=False
[role] 气从以顺 -> non-core | ok=True attempts=1 fallback=False
[role] 关节功能锻炼理念 -> core | ok=True attempts=1 fallback=False
[role] 气机紊乱 -> core | ok=True attempts=1 fallback=False
[role] 过午不食 -> non-core | ok=True attempts=1 fallback=False
[role] 五荤 -> core | ok=True attempts=1 fallback=False
[role] 仙授理伤续断秘方 -> non-core | ok=True attempts=1 fallback=False
[role] 四大不调 -> core | ok=True attempts=1 fallback=False
[role] 素食 -> core | ok=True attempts=1 fallback=False
[role] 揩齿 -> non-core | ok=True attempts=1 fallback=False
[role] 城邦国家 -> core | ok=True attempts=1 fallback=False
[role] 贵族 -> non-core | ok=True attempts=1 fallback=False
[role] 个人自由 -> non-core | ok=True attempts=1 fallback=False
[role] 功能锻炼 -> non-core | ok=True attempts=1 fallback=False
[role] 家族集体主义 -> core | ok=True attempts=1 fallback=False
[role] 古希腊文化 -> core | ok=True attempts=1 fallback=False
[role] 平民 -> non-core | ok=True attempts=1 fallback=False
[role] 盟约 -> core | ok=True attempts=1 fallback=False
[role] 自由人的联合体 -> core | ok=True attempts=1 fallback=False
[role] 纯知识 -> core | ok=True attempts=1 fallback=False
[role] 理性主义 -> core | ok=True attempts=1 fallback=False
[role] 纯艺术 -> core | ok=True attempts=1 fallback=False
[role] 古希腊罗马文化 -> core | ok=True attempts=1 fallback=False
[role] 牛顿 -> non-core | ok=True attempts=1 fallback=False
[role] 公理 -> core | ok=True attempts=1 fallback=False
[role] 欧几里得《几何原本》 -> core | ok=True attempts=1 fallback=False
[role] 莱布尼茨 -> core | ok=True attempts=1 fallback=False
[role] 实用知识 -> non-core | ok=True attempts=1 fallback=False
[role] 独一真神耶和华 -> core | ok=True attempts=1 fallback=False
[role] 亚里士多德的逻辑学 -> core | ok=True attempts=1 fallback=False
[role] 公元1世纪 -> non-core | ok=True attempts=1 fallback=False
[role] 古希伯来文化 -> core | ok=True attempts=1 fallback=False
[role] 4世纪 -> non-core | ok=True attempts=1 fallback=False
[role] 基督教文化 -> core | ok=True attempts=1 fallback=False
[role] 巴勒斯坦 -> non-core | ok=True attempts=1 fallback=False
[role] 偶像崇拜 -> non-core | ok=True attempts=1 fallback=False
[role] 罗马国教 -> core | ok=True attempts=1 fallback=False
[role] 凡物形象 -> core | ok=True attempts=1 fallback=False
[role] 灵魂 -> core | ok=True attempts=1 fallback=False
[role] 义人 -> non-core | ok=True attempts=1 fallback=False
[role] 天国 -> non-core | ok=True attempts=1 fallback=False
[role] 先知教导 -> non-core | ok=True attempts=1 fallback=False
[role] 美化灵魂 -> non-core | ok=True attempts=1 fallback=False
[role] 自我忏悔 -> core | ok=True attempts=1 fallback=False
[role] 上帝 -> non-core | ok=True attempts=1 fallback=False
[role] 罗马帝国 -> core | ok=True attempts=1 fallback=False
[role] 历代先知 -> non-core | ok=True attempts=1 fallback=False
[role] 西方文化 -> core | ok=True attempts=1 fallback=False
[role] 教会 -> core | ok=True attempts=1 fallback=False
[role] 超验良知 -> core | ok=True attempts=1 fallback=False
[role] 精神权威 -> core | ok=True attempts=1 fallback=False
[role] 欧洲文艺复兴 -> core | ok=True attempts=1 fallback=False
[role] 最后审判 -> core | ok=True attempts=1 fallback=False
[role] 世俗政权 -> core | ok=True attempts=1 fallback=False
[role] 世俗王权 -> core | ok=True attempts=1 fallback=False
[role] 宗教权威 -> core | ok=True attempts=1 fallback=False
[role] 神本主义 -> core | ok=True attempts=1 fallback=False
[role] 人文主义 -> core | ok=True attempts=1 fallback=False
[role] 但丁 -> core | ok=True attempts=1 fallback=False
[role] 启蒙运动 -> core | ok=True attempts=1 fallback=False
[role] 行星运动三大规律 -> core | ok=True attempts=1 fallback=False
[role] 亚里士多德 -> core | ok=True attempts=1 fallback=False
[role] 柏拉图 -> core | ok=True attempts=1 fallback=False
[role] 大航海时代 -> core | ok=True attempts=1 fallback=False
[role] 精密数学体系 -> core | ok=True attempts=1 fallback=False
[role] 法国大革命 -> core | ok=True attempts=1 fallback=False
[role] 日心说 -> core | ok=True attempts=1 fallback=False
[role] 理想主义 -> core | ok=True attempts=1 fallback=False
[role] 现实主义 -> core | ok=True attempts=1 fallback=False
[role] 浪漫主义 -> core | ok=True attempts=1 fallback=False
[role] 科学主义 -> core | ok=True attempts=1 fallback=False
[role] 自由主义 -> core | ok=True attempts=1 fallback=False
[role] 封建制度 -> core | ok=True attempts=1 fallback=False
[role] 技术理性 -> core | ok=True attempts=1 fallback=False
[role] 唯美主义 -> core | ok=True attempts=1 fallback=False
[role] 物质主义 -> core | ok=True attempts=1 fallback=False
[role] 工具理性 -> core | ok=True attempts=1 fallback=False
[role] 实用主义 -> core | ok=True attempts=1 fallback=False
[role] 鸦片战争 -> core | ok=True attempts=1 fallback=False
[role] 功利主义 -> core | ok=True attempts=1 fallback=False
[role] 异化 -> core | ok=True attempts=1 fallback=False
[role] 物化 -> core | ok=True attempts=1 fallback=False
[role] 声光化电 -> non-core | ok=True attempts=1 fallback=False
[role] 欧洲强国 -> non-core | ok=True attempts=1 fallback=False
[role] 两次世界大战 -> non-core | ok=True attempts=1 fallback=False
[role] 中华民族 -> core | ok=True attempts=1 fallback=False
[role] 科学技术 -> core | ok=True attempts=1 fallback=False
[role] 坚船利炮 -> core | ok=True attempts=1 fallback=False
[role] 封建统治阶级 -> core | ok=True attempts=1 fallback=False
[role] 军事学校 -> non-core | ok=True attempts=1 fallback=False
[role] 海军 -> core | ok=True attempts=1 fallback=False
[role] 师夷长技以制夷 -> core | ok=True attempts=1 fallback=False
[role] 近代军事工业 -> core | ok=True attempts=1 fallback=False
[role] 书局 -> non-core | ok=True attempts=1 fallback=False
[role] 政治组织 -> core | ok=True attempts=1 fallback=False
[role] 译馆 -> non-core | ok=True attempts=1 fallback=False
[role] 留学生 -> non-core | ok=True attempts=1 fallback=False
[role] 中国近代化 -> core | ok=True attempts=1 fallback=False
[role] 梁启超 -> core | ok=True attempts=1 fallback=False
[role] 甲午战争 -> core | ok=True attempts=1 fallback=False
[role] 严复 -> non-core | ok=True attempts=1 fallback=False
[role] 明治维新 -> core | ok=True attempts=1 fallback=False
[role] 改良派 -> non-core | ok=True attempts=1 fallback=False
[role] 戊戌变法 -> core | ok=True attempts=1 fallback=False
[role] 文学 -> core | ok=True attempts=1 fallback=False
[role] 民权论 -> core | ok=True attempts=1 fallback=False
[role] 进化论 -> core | ok=True attempts=1 fallback=False
[role] 君主立宪制 -> core | ok=True attempts=1 fallback=False
[role] 黄兴 -> non-core | ok=True attempts=1 fallback=False
[role] 彼得大帝改革 -> core | ok=True attempts=1 fallback=False
[role] 驱逐鞑虏，恢复中华，建立民国，平均地权 -> non-core | ok=True attempts=1 fallback=False
[role] 孙中山 -> core | ok=True attempts=1 fallback=False
[role] 天赋人权 -> core | ok=True attempts=1 fallback=False
[role] 革命党人 -> core | ok=True attempts=1 fallback=False
[role] 民主共和国 -> core | ok=True attempts=1 fallback=False
[role] 康有为 -> core | ok=True attempts=1 fallback=False
[role] 帝国主义 -> core | ok=True attempts=1 fallback=False
[role] 袁世凯复辟 -> non-core | ok=True attempts=1 fallback=False
[role] 矿山 -> non-core | ok=True attempts=1 fallback=False
[role] 民国 -> core | ok=True attempts=1 fallback=False
[role] 邮局 -> non-core | ok=True attempts=1 fallback=False
[role] 辛亥革命 -> core | ok=True attempts=1 fallback=False
[role] 军阀混战 -> non-core | ok=True attempts=1 fallback=False
[role] 议会 -> non-core | ok=True attempts=1 fallback=False
[role] 旧心理 -> non-core | ok=True attempts=1 fallback=False
[role] 全人格的觉悟 -> non-core | ok=True attempts=1 fallback=False
[role] 船炮 -> non-core | ok=True attempts=1 fallback=False
[role] 文化 -> core | ok=True attempts=1 fallback=False
[role] 思想意识 -> core | ok=True attempts=1 fallback=False
[role] 世界观 -> core | ok=True attempts=1 fallback=False
[role] 新制度 -> non-core | ok=True attempts=1 fallback=False
[role] 国民精神 -> core | ok=True attempts=1 fallback=False
[role] 社会文化 -> core | ok=True attempts=1 fallback=False
[role] 新文化运动 -> core | ok=True attempts=1 fallback=False
[role] 陈独秀 -> core | ok=True attempts=1 fallback=False
[role] 反传统 -> core | ok=True attempts=1 fallback=False
[role] 胡适 -> core | ok=True attempts=1 fallback=False
[role] 鲁迅 -> non-core | ok=True attempts=1 fallback=False
[role] 文化层面的变革 -> core | ok=True attempts=1 fallback=False
[role] 反孔教 -> core | ok=True attempts=1 fallback=False
[role] 反文言 -> core | ok=True attempts=1 fallback=False
[role] 民主 -> core | ok=True attempts=1 fallback=False
[role] 思想文化革新 -> core | ok=True attempts=1 fallback=False
[role] 科学 -> core | ok=True attempts=1 fallback=False
[role] 旧道德 -> core | ok=True attempts=1 fallback=False
[role] 国民性 -> core | ok=True attempts=1 fallback=False
[role] 旧文化 -> core | ok=True attempts=1 fallback=False
[role] 现代意识 -> core | ok=True attempts=1 fallback=False
[role] 理性武器 -> non-core | ok=True attempts=1 fallback=False
[role] 旧思想 -> core | ok=True attempts=1 fallback=False
[role] 自由主义者 -> non-core | ok=True attempts=1 fallback=False
[role] 无政府主义者 -> non-core | ok=True attempts=1 fallback=False
[role] 独立人格 -> core | ok=True attempts=1 fallback=False
[role] 君主专制 -> core | ok=True attempts=1 fallback=False
[role] 马克思主义 -> core | ok=True attempts=1 fallback=False
[role] 封建文化 -> core | ok=True attempts=1 fallback=False
[role] 五四时期 -> core | ok=True attempts=1 fallback=False
[role] 早期马克思主义者 -> non-core | ok=True attempts=1 fallback=False
[role] 学衡派 -> core | ok=True attempts=1 fallback=False
[role] 贺麟 -> non-core | ok=True attempts=1 fallback=False
[role] 国粹派 -> core | ok=True attempts=1 fallback=False
[role] 程朱理学 -> core | ok=True attempts=1 fallback=False
[role] 陆王心学 -> core | ok=True attempts=1 fallback=False
[role] 逻辑分析法 -> core | ok=True attempts=1 fallback=False
[role] 新儒家 -> core | ok=True attempts=1 fallback=False
[role] 新黑格尔主义 -> core | ok=True attempts=1 fallback=False
[role] 西方医学 -> core | ok=True attempts=1 fallback=False
[role] 中国传统医学 -> core | ok=True attempts=1 fallback=False
[role] 商品经济 -> core | ok=True attempts=1 fallback=False
[role] 毛泽东 -> core | ok=True attempts=1 fallback=False
[role] 实验观察 -> non-core | ok=True attempts=1 fallback=False
[role] 新文化 -> core | ok=True attempts=1 fallback=False
[role] 市民社会 -> core | ok=True attempts=1 fallback=False
[role] 文艺复兴 -> core | ok=True attempts=1 fallback=False
[role] 感官经验 -> core | ok=True attempts=1 fallback=False
[role] 归纳法 -> core | ok=True attempts=1 fallback=False
[role] 科学方法论 -> core | ok=True attempts=1 fallback=False
[role] 自然科学传统 -> core | ok=True attempts=1 fallback=False
[role] 理想实验 -> core | ok=True attempts=1 fallback=False
[role] 机械规律 -> non-core | ok=True attempts=1 fallback=False
[role] 物理实验研究方法 -> core | ok=True attempts=1 fallback=False
[role] 吸引或排斥力 -> non-core | ok=True attempts=1 fallback=False
[role] 我思故我在 -> non-core | ok=True attempts=1 fallback=False
[role] 系统怀疑的方法 -> core | ok=True attempts=1 fallback=False
[role] 公理化经典力学体系 -> core | ok=True attempts=1 fallback=False
[role] 力的概念 -> core | ok=True attempts=1 fallback=False
[role] 机械论自然观 -> core | ok=True attempts=1 fallback=False
[role] 物理因果关系体系 -> core | ok=True attempts=1 fallback=False
[role] 身心二元论 -> core | ok=True attempts=1 fallback=False
[role] 归纳与演绎 -> core | ok=True attempts=1 fallback=False
[role] 相对论 -> core | ok=True attempts=1 fallback=False
[role] 量子 -> non-core | ok=True attempts=1 fallback=False
[role] 基因 -> core | ok=True attempts=1 fallback=False
[role] 航海 -> non-core | ok=True attempts=1 fallback=False
[role] 量子力学 -> core | ok=True attempts=1 fallback=False
[role] 蒸汽机 -> core | ok=True attempts=1 fallback=False
[role] 大科学 -> core | ok=True attempts=1 fallback=False
[role] 黑洞 -> non-core | ok=True attempts=1 fallback=False
[role] 保护带 -> core | ok=True attempts=1 fallback=False
[role] 证伪主义 -> core | ok=True attempts=1 fallback=False
[role] 系统论 -> core | ok=True attempts=1 fallback=False
[role] 耗散结构论 -> core | ok=True attempts=1 fallback=False
[role] 控制论 -> core | ok=True attempts=1 fallback=False
[role] 科学研究纲领 -> core | ok=True attempts=1 fallback=False
[role] 硬核 -> core | ok=True attempts=1 fallback=False
[role] 范式转换 -> core | ok=True attempts=1 fallback=False
[role] 负反馈调节 -> core | ok=True attempts=1 fallback=False
[role] 清末新政 -> core | ok=True attempts=1 fallback=False
[role] 京师大学堂 -> non-core | ok=True attempts=1 fallback=False
[role] 结构主义 -> core | ok=True attempts=1 fallback=False
[role] 邝荣光 -> non-core | ok=True attempts=1 fallback=False
[role] 中国科学社 -> non-core | ok=True attempts=1 fallback=False
[role] 声学 -> core | ok=True attempts=1 fallback=False
[role] 化学 -> core | ok=True attempts=1 fallback=False
[role] 光学 -> core | ok=True attempts=1 fallback=False
[role] 四部之学 -> core | ok=True attempts=1 fallback=False
[role] 竺可桢 -> non-core | ok=True attempts=1 fallback=False
[role] 工学 -> core | ok=True attempts=1 fallback=False
[role] 算学 -> core | ok=True attempts=1 fallback=False
[role] 《科学》杂志 -> non-core | ok=True attempts=1 fallback=False
[role] 李四光 -> non-core | ok=True attempts=1 fallback=False
[role] 詹天佑 -> non-core | ok=True attempts=1 fallback=False
[role] 侯德榜 -> non-core | ok=True attempts=1 fallback=False
[role] 科学名词审查工作 -> non-core | ok=True attempts=1 fallback=False
[role] 植物学 -> core | ok=True attempts=1 fallback=False
[role] 华罗庚 -> non-core | ok=True attempts=1 fallback=False
[role] 梁漱溟 -> non-core | ok=True attempts=1 fallback=False
[role] 杜亚泉 -> non-core | ok=True attempts=1 fallback=False
[role] 傅斯年 -> non-core | ok=True attempts=1 fallback=False
[role] 梁启超手术事件 -> non-core | ok=True attempts=1 fallback=False
[role] 北洋政府 -> core | ok=True attempts=1 fallback=False
[role] 唐宗海 -> non-core | ok=True attempts=1 fallback=False
[role] 南京国民政府 -> core | ok=True attempts=1 fallback=False
[role] 传习所 -> non-core | ok=True attempts=1 fallback=False
[role] 朱沛文 -> non-core | ok=True attempts=1 fallback=False
[role] 衷中参西 -> core | ok=True attempts=1 fallback=False
[role] 气化 -> core | ok=True attempts=1 fallback=False
[role] 恽铁樵 -> non-core | ok=True attempts=1 fallback=False
[role] 解剖 -> non-core | ok=True attempts=1 fallback=False
[role] 张锡纯 -> non-core | ok=True attempts=1 fallback=False
[role] 废止旧医案 -> non-core | ok=True attempts=1 fallback=False
[role] 余岩 -> non-core | ok=True attempts=1 fallback=False
[role] 中医条例 -> non-core | ok=True attempts=1 fallback=False
[role] 陆渊雷 -> non-core | ok=True attempts=1 fallback=False
[role] 中央国医馆 -> core | ok=True attempts=1 fallback=False
[role] 中医药学 -> core | ok=True attempts=1 fallback=False
[role] 团结中西医 -> core | ok=True attempts=1 fallback=False
[role] 伟大的宝库 -> non-core | ok=True attempts=1 fallback=False
[role] 中西医并重 -> core | ok=True attempts=1 fallback=False
[role] 中医药 -> core | ok=True attempts=1 fallback=False
[role] 发展现代医药和我国传统医药 -> core | ok=True attempts=1 fallback=False
[role] 院校式教育 -> core | ok=True attempts=1 fallback=False
[role] 民族医学 -> core | ok=True attempts=1 fallback=False
[role] 中医药信息 -> core | ok=True attempts=1 fallback=False
[role] 心脑 -> non-core | ok=True attempts=1 fallback=False
[role] 现代医院制度 -> core | ok=True attempts=1 fallback=False
[role] 中医药条例 -> non-core | ok=True attempts=1 fallback=False
[role] 中医高等院校 -> core | ok=True attempts=1 fallback=False
[role] 中医医院 -> core | ok=True attempts=1 fallback=False
[role] 中医心理学 -> core | ok=True attempts=1 fallback=False
[role] 师承家传 -> non-core | ok=True attempts=1 fallback=False
[role] 专病专科 -> core | ok=True attempts=1 fallback=False
[role] 西医离职学习中医班 -> core | ok=True attempts=1 fallback=False
[role] 现代检验手段 -> core | ok=True attempts=1 fallback=False
[role] 中医现代化 -> core | ok=True attempts=1 fallback=False
[role] 诊疗规范 -> core | ok=True attempts=1 fallback=False
[role] 三支力量长期并存 -> core | ok=True attempts=1 fallback=False
[role] 肝胆 -> core | ok=True attempts=1 fallback=False
[role] 常见病 -> core | ok=True attempts=1 fallback=False
[role] 统一新医学 -> core | ok=True attempts=1 fallback=False
[role] 统一新药学 -> core | ok=True attempts=1 fallback=False
[role] 疑难病 -> core | ok=True attempts=1 fallback=False
[role] 西医辨病 -> core | ok=True attempts=1 fallback=False
[role] 三氧化二砷 -> non-core | ok=True attempts=1 fallback=False
[role] 新科学方法论 -> core | ok=True attempts=1 fallback=False
[role] 中医辨证 -> core | ok=True attempts=1 fallback=False
[role] 青蒿素 -> core | ok=True attempts=1 fallback=False
[role] 骨折 -> core | ok=True attempts=1 fallback=False
[role] 急腹症 -> core | ok=True attempts=1 fallback=False
[role] 针刺麻醉 -> core | ok=True attempts=1 fallback=False
[role] 白血病 -> core | ok=True attempts=1 fallback=False
[role] 培根 -> core | ok=True attempts=1 fallback=False
[role] 数学 -> core | ok=True attempts=1 fallback=False
[role] 伽利略 -> core | ok=True attempts=1 fallback=False
[role] 分析比较 -> core | ok=True attempts=1 fallback=False
[role] 逻辑论证 -> core | ok=True attempts=1 fallback=False
[role] 演绎 -> core | ok=True attempts=1 fallback=False
[role] 实验检验 -> core | ok=True attempts=1 fallback=False
[role] 力 -> core | ok=True attempts=1 fallback=False
[role] 信息 -> core | ok=True attempts=1 fallback=False
[role] 微电子 -> core | ok=True attempts=1 fallback=False
[role] 笛卡儿 -> core | ok=True attempts=1 fallback=False
[role] 科学技术作为第一生产力 -> core | ok=True attempts=1 fallback=False
[role] 生物 -> core | ok=True attempts=1 fallback=False
[role] 系统 -> core | ok=True attempts=1 fallback=False
[role] 负反馈调节机制 -> core | ok=True attempts=1 fallback=False
[role] 智能化生产方式 -> core | ok=True attempts=1 fallback=False
[role] 开放系统 -> core | ok=True attempts=1 fallback=False
[role] 知识经济 -> core | ok=True attempts=1 fallback=False
[role] 环境 -> core | ok=True attempts=1 fallback=False
[role] 内稳态 -> core | ok=True attempts=1 fallback=False
[role] 能量 -> core | ok=True attempts=1 fallback=False
[role] 要素 -> core | ok=True attempts=1 fallback=False
[role] 物质 -> core | ok=True attempts=1 fallback=False
[role] 有序 -> core | ok=True attempts=1 fallback=False
[role] 自身调整性 -> core | ok=True attempts=1 fallback=False
[role] 无序 -> non-core | ok=True attempts=1 fallback=False
[role] 现代学科分类体系 -> core | ok=True attempts=1 fallback=False
[role] 规则联结 -> core | ok=True attempts=1 fallback=False
[role] 通其可通，并存互异 -> non-core | ok=True attempts=1 fallback=False
[role] 中医长于气化、西医长于解剖 -> non-core | ok=True attempts=1 fallback=False
[role] 吸收西医之长，与之化合，以产生新中医 -> core | ok=True attempts=1 fallback=False
[role] 中医学校教育 -> core | ok=True attempts=1 fallback=False
[role] 医学革命 -> non-core | ok=True attempts=1 fallback=False
[role] 西医 -> core | ok=True attempts=1 fallback=False
[role] 中医药政策 -> core | ok=True attempts=1 fallback=False
[role] meme -> core | ok=True attempts=1 fallback=False
[role] 肿瘤 -> core | ok=True attempts=1 fallback=False
[role] 中医存废之争 -> core | ok=True attempts=1 fallback=False
[role] 原子论 -> core | ok=True attempts=1 fallback=False
[role] 元气论 -> core | ok=True attempts=1 fallback=False
[role] 西医学习中医班 -> core | ok=True attempts=1 fallback=False
[role] 辨“证” -> core | ok=True attempts=1 fallback=False
[role] 原子 -> core | ok=True attempts=1 fallback=False
[role] 分析还原方法 -> core | ok=True attempts=1 fallback=False
[role] 不可通约 -> core | ok=True attempts=1 fallback=False
[role] 调和 -> core | ok=True attempts=1 fallback=False
[role] 阴阳五行平衡 -> core | ok=True attempts=1 fallback=False
[role] 手术 -> core | ok=True attempts=1 fallback=False
[role] 辨“病” -> core | ok=True attempts=1 fallback=False
[role] 证候 -> core | ok=True attempts=1 fallback=False
[role] 对抗 -> core | ok=True attempts=1 fallback=False
[role] 抗生素 -> core | ok=True attempts=1 fallback=False
[role] 精准局部指标 -> non-core | ok=True attempts=1 fallback=False
[role] 整体综合 -> core | ok=True attempts=1 fallback=False
[role] 藏象 -> core | ok=True attempts=1 fallback=False
[role] 气血经络 -> core | ok=True attempts=1 fallback=False
[role] 动态模型 -> core | ok=True attempts=1 fallback=False
[role] 信息性模型 -> core | ok=True attempts=1 fallback=False
[role] 科学认识论 -> core | ok=True attempts=1 fallback=False
[role] 病邪 -> core | ok=True attempts=1 fallback=False
[role] 阴阳表里虚实寒热 -> core | ok=True attempts=1 fallback=False
[role] 一元真理 -> core | ok=True attempts=1 fallback=False
[role] 病理机制 -> core | ok=True attempts=1 fallback=False
[role] 中西医并存 -> non-core | ok=True attempts=1 fallback=False
[role] 生命科学真理 -> non-core | ok=True attempts=1 fallback=False
[role] 形而下技术验证 -> non-core | ok=True attempts=1 fallback=False
[role] 系统科学 -> core | ok=True attempts=1 fallback=False
[role] 形而上思辨 -> core | ok=True attempts=1 fallback=False
[role] 中西医并重政策 -> core | ok=True attempts=1 fallback=False
[role] 不可通约的理论体系 -> core | ok=True attempts=1 fallback=False
[role] 和而不同 -> core | ok=True attempts=1 fallback=False
[role] 文化自觉 -> core | ok=True attempts=1 fallback=False
[role] 文化多样性 -> core | ok=True attempts=1 fallback=False
[role] 文明冲突 -> core | ok=True attempts=1 fallback=False
[role] 《后汉书·华佗传》 -> non-core | ok=True attempts=1 fallback=False
[role] 科学客观性 -> core | ok=True attempts=1 fallback=False
[role] 方剂君臣佐使 -> core | ok=True attempts=1 fallback=False
[role] 现代医学 -> core | ok=True attempts=1 fallback=False
[role] 古希腊四体液说 -> core | ok=True attempts=1 fallback=False
[role] 七情和合 -> core | ok=True attempts=1 fallback=False
[role] 古印度三原质说 -> core | ok=True attempts=1 fallback=False
[role] 传统医学 -> core | ok=True attempts=1 fallback=False
[role] 经络学说 -> core | ok=True attempts=1 fallback=False
[role] 针灸疗法 -> core | ok=True attempts=1 fallback=False
[role] 中医师 -> core | ok=True attempts=1 fallback=False
[role] 复方配伍 -> core | ok=True attempts=1 fallback=False
[role] 气-阴阳-五行 -> core | ok=True attempts=1 fallback=False
[role] 疾病治疗 -> non-core | ok=True attempts=1 fallback=False
[role] 意见领袖 -> core | ok=True attempts=1 fallback=False
[role] 国内外学术交流 -> core | ok=True attempts=1 fallback=False
[role] 短视频直播 -> non-core | ok=True attempts=1 fallback=False
[role] 过度医疗 -> core | ok=True attempts=1 fallback=False
[role] 中医院校师生 -> non-core | ok=True attempts=1 fallback=False
[role] 非临床专业人员 -> non-core | ok=True attempts=1 fallback=False
[role] 专题讲座 -> core | ok=True attempts=1 fallback=False
[role] 机构工作者 -> non-core | ok=True attempts=1 fallback=False
[role] 中医文化学者 -> core | ok=True attempts=1 fallback=False
[role] 自媒体账号 -> non-core | ok=True attempts=1 fallback=False
[role] 患者及家属 -> core | ok=True attempts=1 fallback=False
[role] 传播链条 -> core | ok=True attempts=1 fallback=False
[role] 政府 -> core | ok=True attempts=1 fallback=False
[role] 新闻媒体 -> core | ok=True attempts=1 fallback=False
[role] 教育机构 -> core | ok=True attempts=1 fallback=False
[role] 组织传播者 -> core | ok=True attempts=1 fallback=False
[role] 中药企业 -> core | ok=True attempts=1 fallback=False
[role] 中医文化传播 -> core | ok=True attempts=1 fallback=False
[role] 出版机构 -> core | ok=True attempts=1 fallback=False
[role] 中医文化公司 -> non-core | ok=True attempts=1 fallback=False
[role] 中医文化爱好者 -> non-core | ok=True attempts=1 fallback=False
[role] 受传者 -> core | ok=True attempts=1 fallback=False
[role] 养生需求者 -> non-core | ok=True attempts=1 fallback=False
[role] 患者 -> core | ok=True attempts=1 fallback=False
[role] 潜在受众 -> non-core | ok=True attempts=1 fallback=False
[role] 行为 -> core | ok=True attempts=1 fallback=False
[role] 语言 -> core | ok=True attempts=1 fallback=False
[role] 传播者 -> core | ok=True attempts=1 fallback=False
[role] 符号性 -> core | ok=True attempts=1 fallback=False
[role] 望、闻、问、切四诊法 -> core | ok=True attempts=1 fallback=False
[role] 文字 -> core | ok=True attempts=1 fallback=False
[role] 中医民间诊疗技术 -> core | ok=True attempts=1 fallback=False
[role] 师徒传授 -> core | ok=True attempts=1 fallback=False
[role] 系统性 -> core | ok=True attempts=1 fallback=False
[role] 中药炮制技法 -> core | ok=True attempts=1 fallback=False
[role] 传世医书 -> core | ok=True attempts=1 fallback=False
[role] 导引图 -> non-core | ok=True attempts=1 fallback=False
[role] 图画 -> core | ok=True attempts=1 fallback=False
[role] 医家医案 -> core | ok=True attempts=1 fallback=False
[role] 医学简帛 -> core | ok=True attempts=1 fallback=False
[role] 人体经络脏腑图 -> non-core | ok=True attempts=1 fallback=False
[role] 中药炮制图 -> non-core | ok=True attempts=1 fallback=False
[role] 运气图说 -> non-core | ok=True attempts=1 fallback=False
[role] 印刷媒介 -> core | ok=True attempts=1 fallback=False
[role] 知识扩散 -> core | ok=True attempts=1 fallback=False
[role] 文字与图画信息 -> non-core | ok=True attempts=1 fallback=False
[role] 报纸 -> core | ok=True attempts=1 fallback=False
[role] 书籍 -> core | ok=True attempts=1 fallback=False
[role] 文化大众传播 -> core | ok=True attempts=1 fallback=False
[role] 医书 -> core | ok=True attempts=1 fallback=False
[role] 杂志 -> core | ok=True attempts=1 fallback=False
[role] 赵开美 -> non-core | ok=True attempts=1 fallback=False
[role] 宋本《伤寒论》 -> core | ok=True attempts=1 fallback=False
[role] 中医药期刊 -> core | ok=True attempts=1 fallback=False
[role] 《仲景全书》 -> core | ok=True attempts=1 fallback=False
[role] 《利济学堂报》 -> core | ok=True attempts=1 fallback=False
[role] 行业期刊 -> core | ok=True attempts=1 fallback=False
[role] 学术期刊 -> core | ok=True attempts=1 fallback=False
[role] 普及期刊 -> core | ok=True attempts=1 fallback=False
[role] 电子媒介 -> core | ok=True attempts=1 fallback=False
[role] 广播 -> core | ok=True attempts=1 fallback=False
[role] 中西医论争 -> core | ok=True attempts=1 fallback=False
[role] 养生节目 -> non-core | ok=True attempts=1 fallback=False
[role] 中医形象 -> non-core | ok=True attempts=1 fallback=False
[role] 电影 -> core | ok=True attempts=1 fallback=False
[role] 虚假医药广告 -> core | ok=True attempts=1 fallback=False
[role] 全球化信息传递网络 -> core | ok=True attempts=1 fallback=False
[role] 电视 -> core | ok=True attempts=1 fallback=False
[role] 传播内容的通俗性 -> core | ok=True attempts=1 fallback=False
[role] 数字媒介 -> core | ok=True attempts=1 fallback=False
[role] 假冒专家 -> non-core | ok=True attempts=1 fallback=False
[role] 信息储存量大 -> non-core | ok=True attempts=1 fallback=False
[role] 传播内容的科学性 -> core | ok=True attempts=1 fallback=False
[role] 数字压缩方式 -> core | ok=True attempts=1 fallback=False
[role] 网络技术 -> core | ok=True attempts=1 fallback=False
[role] 形式丰富 -> non-core | ok=True attempts=1 fallback=False
[role] 单向传播 -> non-core | ok=True attempts=1 fallback=False
[role] 互动交流 -> core | ok=True attempts=1 fallback=False
[role] 选择性强 -> non-core | ok=True attempts=1 fallback=False
[role] 信息甄别困难 -> non-core | ok=True attempts=1 fallback=False
[role] 信息安全威胁 -> core | ok=True attempts=1 fallback=False
[role] 个人信息泄露 -> non-core | ok=True attempts=1 fallback=False
[role] 中医古籍数字化 -> core | ok=True attempts=1 fallback=False
[role] 中医机构 -> core | ok=True attempts=1 fallback=False
[role] 中医药资源数据库 -> core | ok=True attempts=1 fallback=False
[role] 传播效果 -> core | ok=True attempts=1 fallback=False
[role] 电脑 -> non-core | ok=True attempts=1 fallback=False
[role] 网站 -> core | ok=True attempts=1 fallback=False
[role] 中医药数字化平台 -> core | ok=True attempts=1 fallback=False
[role] 医疗咨询 -> non-core | ok=True attempts=1 fallback=False
[role] 新型媒体传播终端 -> core | ok=True attempts=1 fallback=False
[role] 媒介融合 -> core | ok=True attempts=1 fallback=False
[role] 智能手机 -> non-core | ok=True attempts=1 fallback=False
[role] 网络查询 -> non-core | ok=True attempts=1 fallback=False
[role] 微博 -> non-core | ok=True attempts=1 fallback=False
[role] 传统印刷媒介 -> core | ok=True attempts=1 fallback=False
[role] QQ -> non-core | ok=True attempts=1 fallback=False
[role] 微信 -> non-core | ok=True attempts=1 fallback=False
[role] 微课 -> non-core | ok=True attempts=1 fallback=False
[role] 网络课程 -> core | ok=True attempts=1 fallback=False
[role] 面对面教学 -> non-core | ok=True attempts=1 fallback=False
[role] 中医教育 -> core | ok=True attempts=1 fallback=False
[role] 慕课 -> core | ok=True attempts=1 fallback=False
[role] 快手 -> non-core | ok=True attempts=1 fallback=False
[role] 抖音 -> core | ok=True attempts=1 fallback=False
[role] 新冠疫情 -> core | ok=True attempts=1 fallback=False
[role] 传播活动 -> core | ok=True attempts=1 fallback=False
[role] 传统文化宝库 -> non-core | ok=True attempts=1 fallback=False
[role] 中医药传播内容 -> core | ok=True attempts=1 fallback=False
[role] 中医文化传播内容 -> core | ok=True attempts=1 fallback=False
[role] 情境 -> core | ok=True attempts=1 fallback=False
[role] 跨文化传播 -> core | ok=True attempts=1 fallback=False
[role] 语言的准确转换 -> core | ok=True attempts=1 fallback=False
[role] 文化间的契合点 -> non-core | ok=True attempts=1 fallback=False
[role] 受众 -> core | ok=True attempts=1 fallback=False
[role] 道德观念 -> core | ok=True attempts=1 fallback=False
[role] 传播内容 -> core | ok=True attempts=1 fallback=False
[role] 中医哲学理念 -> core | ok=True attempts=1 fallback=False
[role] 哲学理念 -> core | ok=True attempts=1 fallback=False
[role] 诊疗方法 -> core | ok=True attempts=1 fallback=False
[role] 方剂配伍 -> core | ok=True attempts=1 fallback=False
[role] 核心理念与哲学思想 -> core | ok=True attempts=1 fallback=False
[role] 中药采摘炮制 -> core | ok=True attempts=1 fallback=False
[role] 历史文化 -> core | ok=True attempts=1 fallback=False
[role] 史学 -> core | ok=True attempts=1 fallback=False
[role] 文化学 -> core | ok=True attempts=1 fallback=False
[role] 物质实体 -> core | ok=True attempts=1 fallback=False
[role] 古籍文物 -> core | ok=True attempts=1 fallback=False
[role] 职位 -> core | ok=True attempts=1 fallback=False
[role] 传统养生方法 -> core | ok=True attempts=1 fallback=False
[role] 诊疗过程 -> core | ok=True attempts=1 fallback=False
[role] 社会学 -> core | ok=True attempts=1 fallback=False
[role] 符号化原则 -> core | ok=True attempts=1 fallback=False
[role] 养生园林 -> non-core | ok=True attempts=1 fallback=False
[role] 器具 -> non-core | ok=True attempts=1 fallback=False
[role] 人物 -> core | ok=True attempts=1 fallback=False
[role] 活动 -> core | ok=True attempts=1 fallback=False
[role] 机构 -> core | ok=True attempts=1 fallback=False
[role] 传统中医药符号 -> core | ok=True attempts=1 fallback=False
[role] 博物馆 -> core | ok=True attempts=1 fallback=False
[role] 诊疗机构 -> core | ok=True attempts=1 fallback=False
[role] 刮痧 -> core | ok=True attempts=1 fallback=False
[role] 中医药文化硬件建设 -> non-core | ok=True attempts=1 fallback=False
[role] 主题明确原则 -> non-core | ok=True attempts=1 fallback=False
[role] 旅游景点 -> core | ok=True attempts=1 fallback=False
[role] 媒体机构 -> core | ok=True attempts=1 fallback=False
[role] 特色鲜明原则 -> non-core | ok=True attempts=1 fallback=False
[role] 形象 -> core | ok=True attempts=1 fallback=False
[role] 符号化建设 -> core | ok=True attempts=1 fallback=False
[role] 特色化 -> core | ok=True attempts=1 fallback=False
[role] 地区性中医院 -> non-core | ok=True attempts=1 fallback=False
[role] 中医药形象 -> core | ok=True attempts=1 fallback=False
[role] 养生机构 -> non-core | ok=True attempts=1 fallback=False
[role] 代表性著作 -> core | ok=True attempts=1 fallback=False
[role] 传播主体 -> core | ok=True attempts=1 fallback=False
[role] 唯一性 -> non-core | ok=True attempts=1 fallback=False
[role] 故事 -> core | ok=True attempts=1 fallback=False
[role] 独有性 -> non-core | ok=True attempts=1 fallback=False
[role] 代表性 -> non-core | ok=True attempts=1 fallback=False
[role] 中医流派 -> core | ok=True attempts=1 fallback=False
[role] 地域特色 -> core | ok=True attempts=1 fallback=False
[role] 地域差异 -> core | ok=True attempts=1 fallback=False
[role] 主题文化 -> non-core | ok=True attempts=1 fallback=False
[role] 多样性 -> non-core | ok=True attempts=1 fallback=False
[role] 不可复制 -> non-core | ok=True attempts=1 fallback=False
[role] 病随地异，治适地宜 -> core | ok=True attempts=1 fallback=False
[role] 独特性 -> non-core | ok=True attempts=1 fallback=False
[role] 不重复 -> core | ok=True attempts=1 fallback=False
[role] 中医药文化 -> core | ok=True attempts=1 fallback=False
[role] 中医文化传播的效益最大化原则 -> core | ok=True attempts=1 fallback=False
[role] 传播主题 -> core | ok=True attempts=1 fallback=False
[role] 社会热点 -> non-core | ok=True attempts=1 fallback=False
[role] 受众变化 -> non-core | ok=True attempts=1 fallback=False
[role] 国家政策 -> core | ok=True attempts=1 fallback=False
[role] 传播策略 -> core | ok=True attempts=1 fallback=False
[role] 文化内涵外化 -> non-core | ok=True attempts=1 fallback=False
[role] 时事 -> non-core | ok=True attempts=1 fallback=False
[role] 媒介渠道 -> core | ok=True attempts=1 fallback=False
[role] 传播技巧 -> core | ok=True attempts=1 fallback=False
[role] 媒介多样化 -> core | ok=True attempts=1 fallback=False
[role] 艺术形象设计 -> non-core | ok=True attempts=1 fallback=False
[role] 机构影响 -> non-core | ok=True attempts=1 fallback=False
[role] 外在形象 -> non-core | ok=True attempts=1 fallback=False
[role] 中医文化的符号化表达 -> core | ok=True attempts=1 fallback=False
[role] 内在文化价值 -> core | ok=True attempts=1 fallback=False
[role] 概念 -> core | ok=True attempts=1 fallback=False
[role] 内向传播 -> core | ok=True attempts=1 fallback=False
[role] 整体建设最大效益化 -> non-core | ok=True attempts=1 fallback=False
[role] 判断 -> core | ok=True attempts=1 fallback=False
[role] 中医文化的内向传播 -> core | ok=True attempts=1 fallback=False
[role] 建设投入成本 -> core | ok=True attempts=1 fallback=False
[role] 人际传播 -> core | ok=True attempts=1 fallback=False
[role] 师承教育 -> core | ok=True attempts=1 fallback=False
[role] 推理 -> core | ok=True attempts=1 fallback=False
[role] 内化过程 -> core | ok=True attempts=1 fallback=False
[role] 医护人员 -> core | ok=True attempts=1 fallback=False
[role] 口传心授 -> core | ok=True attempts=1 fallback=False
[role] 医疗服务 -> core | ok=True attempts=1 fallback=False
[role] 家传 -> core | ok=True attempts=1 fallback=False
[role] 私淑 -> core | ok=True attempts=1 fallback=False
[role] 中医文化人际传播方式 -> core | ok=True attempts=1 fallback=False
[role] 侍诊抄方 -> core | ok=True attempts=1 fallback=False
[role] 临床疗效 -> core | ok=True attempts=1 fallback=False
[role] 社会医疗活动 -> core | ok=True attempts=1 fallback=False
[role] 面对面人际交流 -> core | ok=True attempts=1 fallback=False
[role] 生活方式 -> core | ok=True attempts=1 fallback=False
[role] 诊疗手段 -> core | ok=True attempts=1 fallback=False
[role] 中医诊疗活动 -> core | ok=True attempts=1 fallback=False
[role] 文化传播方式 -> core | ok=True attempts=1 fallback=False
[role] 传播渠道 -> core | ok=True attempts=1 fallback=False
[role] 疾病情况 -> core | ok=True attempts=1 fallback=False
[role] 文化素养 -> non-core | ok=True attempts=1 fallback=False
[role] 中医药从业者 -> core | ok=True attempts=1 fallback=False
[role] 专业水平 -> non-core | ok=True attempts=1 fallback=False
[role] 诊断 -> non-core | ok=True attempts=1 fallback=False
[role] 政府传播 -> core | ok=True attempts=1 fallback=False
[role] 中医文化韵味 -> non-core | ok=True attempts=1 fallback=False
[role] 中华优秀传统文化 -> core | ok=True attempts=1 fallback=False
[role] 国家权力机关 -> core | ok=True attempts=1 fallback=False
[role] 最优方案 -> non-core | ok=True attempts=1 fallback=False
[role] 国家软实力 -> core | ok=True attempts=1 fallback=False
[role] 科普宣传 -> non-core | ok=True attempts=1 fallback=False
[role] 中医药行政管理部门 -> core | ok=True attempts=1 fallback=False
[role] 科研与基地建设项目 -> core | ok=True attempts=1 fallback=False
[role] 健康中国 -> core | ok=True attempts=1 fallback=False
[role] 信息社会 -> core | ok=True attempts=1 fallback=False
[role] 公共传播 -> core | ok=True attempts=1 fallback=False
[role] 院校传播 -> core | ok=True attempts=1 fallback=False
[role] 高等中医院校 -> core | ok=True attempts=1 fallback=False
[role] 校园中医文化建设 -> core | ok=True attempts=1 fallback=False
[role] 组织内部传播 -> core | ok=True attempts=1 fallback=False
[role] 文化辐射传播 -> non-core | ok=True attempts=1 fallback=False
[role] 信息传播源头 -> core | ok=True attempts=1 fallback=False
[role] 中医药教学科研 -> core | ok=True attempts=1 fallback=False
[role] 校园文化建设 -> non-core | ok=True attempts=1 fallback=False
[role] 大众传播 -> core | ok=True attempts=1 fallback=False
[role] 教学科研人员 -> non-core | ok=True attempts=1 fallback=False
[role] 中医药人才培养 -> core | ok=True attempts=1 fallback=False
[role] 系统教育 -> non-core | ok=True attempts=1 fallback=False
[role] 实践能力 -> core | ok=True attempts=1 fallback=False
[role] 科普工作 -> non-core | ok=True attempts=1 fallback=False
[role] 科研成果转化 -> core | ok=True attempts=1 fallback=False
[role] 传统型传播方式 -> non-core | ok=True attempts=1 fallback=False
[role] 学生 -> non-core | ok=True attempts=1 fallback=False
[role] 内向型传播方式 -> non-core | ok=True attempts=1 fallback=False
[role] 中药生产企业 -> core | ok=True attempts=1 fallback=False
[role] 图书馆 -> core | ok=True attempts=1 fallback=False
[role] 科研单位 -> core | ok=True attempts=1 fallback=False
[role] 高等中医药院校 -> core | ok=True attempts=1 fallback=False
[role] 中医药博物馆 -> non-core | ok=True attempts=1 fallback=False
[role] 地方政府 -> non-core | ok=True attempts=1 fallback=False
[role] 官办中医药博物馆 -> non-core | ok=True attempts=1 fallback=False
[role] 民办中医药博物馆 -> non-core | ok=True attempts=1 fallback=False
[role] 民间组织 -> core | ok=True attempts=1 fallback=False
[role] 纪念馆 -> non-core | ok=True attempts=1 fallback=False
[role] 医史博物馆 -> non-core | ok=True attempts=1 fallback=False
[role] 中医科普教育基地 -> non-core | ok=True attempts=1 fallback=False
[role] 名医遗址 -> non-core | ok=True attempts=1 fallback=False
[role] 中医诊疗 -> core | ok=True attempts=1 fallback=False
[role] 少数民族医学博物馆 -> non-core | ok=True attempts=1 fallback=False
[role] 中医文化展示机构 -> core | ok=True attempts=1 fallback=False
[role] 综合性医院的中医科室 -> core | ok=True attempts=1 fallback=False
[role] 医院的文化氛围 -> non-core | ok=True attempts=1 fallback=False
[role] 就医体验 -> non-core | ok=True attempts=1 fallback=False
[role] 医护人员的行为方式 -> non-core | ok=True attempts=1 fallback=False
[role] 中医药普及 -> core | ok=True attempts=1 fallback=False
[role] 宣传 -> non-core | ok=True attempts=1 fallback=False
[role] 专家资源 -> non-core | ok=True attempts=1 fallback=False
[role] 技术优势 -> core | ok=True attempts=1 fallback=False
[role] 权威性 -> non-core | ok=True attempts=1 fallback=False
[role] 中医文化素养 -> core | ok=True attempts=1 fallback=False
[role] 中医医院文化建设 -> core | ok=True attempts=1 fallback=False
[role] 实际疗效 -> non-core | ok=True attempts=1 fallback=False
[role] 中医药企业 -> core | ok=True attempts=1 fallback=False
[role] 技术标准 -> core | ok=True attempts=1 fallback=False
[role] 疗效评价 -> core | ok=True attempts=1 fallback=False
[role] 合作研究 -> non-core | ok=True attempts=1 fallback=False
[role] 中药产品 -> non-core | ok=True attempts=1 fallback=False
[role] 中医药文化产业 -> core | ok=True attempts=1 fallback=False
[role] 语言障碍 -> core | ok=True attempts=1 fallback=False
[role] 科学传播 -> core | ok=True attempts=1 fallback=False
[role] 代表性品牌 -> core | ok=True attempts=1 fallback=False
[role] 文化隔阂 -> core | ok=True attempts=1 fallback=False
[role] 标准化建设 -> core | ok=True attempts=1 fallback=False
[role] 权威机构 -> non-core | ok=True attempts=1 fallback=False
[role] 专业人士 -> non-core | ok=True attempts=1 fallback=False
[role] 网络文章 -> non-core | ok=True attempts=1 fallback=False
[role] 中医药科学知识 -> core | ok=True attempts=1 fallback=False
[role] 文化糟粕 -> non-core | ok=True attempts=1 fallback=False
[role] 伪科学 -> core | ok=True attempts=1 fallback=False
[role] 影视节目 -> core | ok=True attempts=1 fallback=False
[role] 科普传播 -> core | ok=True attempts=1 fallback=False
[role] 图书 -> core | ok=True attempts=1 fallback=False
[role] 报刊 -> core | ok=True attempts=1 fallback=False
[role] 宣讲 -> non-core | ok=True attempts=1 fallback=False
[role] 文艺作品 -> core | ok=True attempts=1 fallback=False
[role] 技术文化 -> core | ok=True attempts=1 fallback=False
[role] 优质作品 -> non-core | ok=True attempts=1 fallback=False
[role] 商贸活动 -> core | ok=True attempts=1 fallback=False
[role] 香料药物 -> non-core | ok=True attempts=1 fallback=False
[role] 健康需求 -> core | ok=True attempts=1 fallback=False
[role] 丝绸 -> non-core | ok=True attempts=1 fallback=False
[role] 瓷器 -> non-core | ok=True attempts=1 fallback=False
[role] 茶叶 -> non-core | ok=True attempts=1 fallback=False
[role] 古代丝绸之路 -> core | ok=True attempts=1 fallback=False
[role] 器械 -> core | ok=True attempts=1 fallback=False
[role] 中国中古医疗 -> core | ok=True attempts=1 fallback=False
[role] 服务贸易 -> core | ok=True attempts=1 fallback=False
[role] 药品 -> core | ok=True attempts=1 fallback=False
[role] 保健品 -> core | ok=True attempts=1 fallback=False
[role] 中医药知识 -> core | ok=True attempts=1 fallback=False
[role] 中医药产业化 -> core | ok=True attempts=1 fallback=False
[role] 中医药理念 -> core | ok=True attempts=1 fallback=False
[role] 宣传材料 -> core | ok=True attempts=1 fallback=False
[role] 法律法规 -> core | ok=True attempts=1 fallback=False
[role] 广告 -> core | ok=True attempts=1 fallback=False
[role] 科普 -> non-core | ok=True attempts=1 fallback=False
[role] 跨文化领域 -> core | ok=True attempts=1 fallback=False
[role] 非物质文化遗产 -> core | ok=True attempts=1 fallback=False
[role] 人类非物质文化遗产代表作名录 -> core | ok=True attempts=1 fallback=False
[role] 传统技艺 -> core | ok=True attempts=1 fallback=False
[role] 全球化影响 -> core | ok=True attempts=1 fallback=False
[role] 民俗 -> core | ok=True attempts=1 fallback=False
[role] 食疗食养 -> core | ok=True attempts=1 fallback=False
[role] 中华人民共和国非物质文化遗产法 -> core | ok=True attempts=1 fallback=False
[role] 医药 -> core | ok=True attempts=1 fallback=False
[role] 养生原则 -> core | ok=True attempts=1 fallback=False
[role] 保健推拿手法 -> core | ok=True attempts=1 fallback=False
[role] 新闻 -> core | ok=True attempts=1 fallback=False
[role] 传统医药文化 -> core | ok=True attempts=1 fallback=False
[role] 新闻传播方式 -> core | ok=True attempts=1 fallback=False
[role] 大众传媒 -> core | ok=True attempts=1 fallback=False
[role] 信息传递 -> core | ok=True attempts=1 fallback=False
[role] 媒介 -> core | ok=True attempts=1 fallback=False
[role] 报刊印刷 -> non-core | ok=True attempts=1 fallback=False
[role] 互联网 -> core | ok=True attempts=1 fallback=False
[role] 广播电视 -> core | ok=True attempts=1 fallback=False
[role] 移动新媒体 -> core | ok=True attempts=1 fallback=False
[role] 新闻报道 -> non-core | ok=True attempts=1 fallback=False
[role] 口耳相传 -> non-core | ok=True attempts=1 fallback=False
[role] 时效性 -> core | ok=True attempts=1 fallback=False
[role] 图画文字 -> core | ok=True attempts=1 fallback=False
[role] 针对性 -> non-core | ok=True attempts=1 fallback=False
[role] 真实性 -> core | ok=True attempts=1 fallback=False
[role] 可读性 -> core | ok=True attempts=1 fallback=False
[role] 广泛性 -> non-core | ok=True attempts=1 fallback=False
[role] 中医药新闻传播 -> core | ok=True attempts=1 fallback=False
[role] 中医专业知识 -> core | ok=True attempts=1 fallback=False
[role] 新闻敏感性 -> core | ok=True attempts=1 fallback=False
[role] 新闻传播学 -> core | ok=True attempts=1 fallback=False
[role] 判断力 -> core | ok=True attempts=1 fallback=False
[role] 新闻影响力 -> non-core | ok=True attempts=1 fallback=False
[role] 自媒体 -> core | ok=True attempts=1 fallback=False
[role] 媒体 -> core | ok=True attempts=1 fallback=False
[role] 事实 -> non-core | ok=True attempts=1 fallback=False
[role] 源文化 -> non-core | ok=True attempts=1 fallback=False
[role] 博客 -> core | ok=True attempts=1 fallback=False
[role] 法律法规滞后 -> non-core | ok=True attempts=1 fallback=False
[role] 自然科学 -> core | ok=True attempts=1 fallback=False
[role] 知识碎片化 -> non-core | ok=True attempts=1 fallback=False
[role] BBS -> core | ok=True attempts=1 fallback=False
[role] 微信公众号 -> core | ok=True attempts=1 fallback=False
[role] 社会科学 -> core | ok=True attempts=1 fallback=False
[role] 中医文化跨文化传播 -> core | ok=True attempts=1 fallback=False
[role] 短期体验生 -> non-core | ok=True attempts=1 fallback=False
[role] 技术医学 -> core | ok=True attempts=1 fallback=False
[role] 职业进修生 -> non-core | ok=True attempts=1 fallback=False
[role] 引进来 -> non-core | ok=True attempts=1 fallback=False
[role] 走出去 -> non-core | ok=True attempts=1 fallback=False
[role] 中医教育机构 -> non-core | ok=True attempts=1 fallback=False
[role] 社会传播层 -> non-core | ok=True attempts=1 fallback=False
[role] 课程与临床实践 -> core | ok=True attempts=1 fallback=False
[role] 文化契合点 -> core | ok=True attempts=1 fallback=False
[role] 内涵建设 -> non-core | ok=True attempts=1 fallback=False
[role] 高层次访问学者 -> core | ok=True attempts=1 fallback=False
[role] 长期学位留学生 -> non-core | ok=True attempts=1 fallback=False
[role] 中医诊疗机构 -> core | ok=True attempts=1 fallback=False
[role] 合作科研 -> non-core | ok=True attempts=1 fallback=False
[role] 产品开发 -> core | ok=True attempts=1 fallback=False
[role] 孔子学院 -> core | ok=True attempts=1 fallback=False
[role] 跨文化传播的典型平台 -> non-core | ok=True attempts=1 fallback=False
[role] 海外中医药中心 -> core | ok=True attempts=1 fallback=False
[role] 生物-社会-心理模式 -> core | ok=True attempts=1 fallback=False
[role] 韩医 -> core | ok=True attempts=1 fallback=False
[role] 中医文化主体意识 -> core | ok=True attempts=1 fallback=False
[role] 思维模式差异 -> core | ok=True attempts=1 fallback=False
[role] 话语权失落 -> non-core | ok=True attempts=1 fallback=False
[role] 求同存异 -> core | ok=True attempts=1 fallback=False
[role] 翻译 -> core | ok=True attempts=1 fallback=False
[role] 现代技术 -> core | ok=True attempts=1 fallback=False
[role] 实效技术 -> core | ok=True attempts=1 fallback=False
[role] 日本汉医 -> core | ok=True attempts=1 fallback=False
[role] 专业队伍培养 -> core | ok=True attempts=1 fallback=False
[role] 文化理念 -> core | ok=True attempts=1 fallback=False
[role] 文化沟通 -> core | ok=True attempts=1 fallback=False
[role] 一面提示 -> core | ok=True attempts=1 fallback=False
[role] 包容性 -> core | ok=True attempts=1 fallback=False
[role] 创新性 -> non-core | ok=True attempts=1 fallback=False
[role] 标准化 -> core | ok=True attempts=1 fallback=False
[role] 两面提示 -> core | ok=True attempts=1 fallback=False
[role] 法规制定 -> core | ok=True attempts=1 fallback=False
[role] 全球化合作研究 -> core | ok=True attempts=1 fallback=False
[role] 进社区 -> non-core | ok=True attempts=1 fallback=False
[role] 学术论坛 -> core | ok=True attempts=1 fallback=False
[role] 中医大讲堂 -> non-core | ok=True attempts=1 fallback=False
[role] 诉诸理性 -> core | ok=True attempts=1 fallback=False
[role] 中医黑 -> non-core | ok=True attempts=1 fallback=False
[role] 情绪感染 -> core | ok=True attempts=1 fallback=False
[role] 氛围营造 -> core | ok=True attempts=1 fallback=False
[role] 诉诸感情 -> core | ok=True attempts=1 fallback=False
[role] 名家轶事 -> non-core | ok=True attempts=1 fallback=False
[role] 专著 -> core | ok=True attempts=1 fallback=False
[role] 逻辑推理 -> core | ok=True attempts=1 fallback=False
[role] 典故 -> core | ok=True attempts=1 fallback=False
[role] 警钟效果 -> core | ok=True attempts=1 fallback=False
[role] 扁鹊为蔡桓公诊治 -> non-core | ok=True attempts=1 fallback=False
[role] 不治将深 -> non-core | ok=True attempts=1 fallback=False
[role] 中医诊病 -> core | ok=True attempts=1 fallback=False
[role] 病例数据 -> core | ok=True attempts=1 fallback=False
[role] 预防治疗疾病的内容 -> non-core | ok=True attempts=1 fallback=False
[role] 疾病和死亡的恐惧 -> core | ok=True attempts=1 fallback=False
[role] 哲学内容 -> non-core | ok=True attempts=1 fallback=False
[role] 思想文化内容 -> non-core | ok=True attempts=1 fallback=False
[role] 李普曼 -> core | ok=True attempts=1 fallback=False
[role] 议程设置理论 -> core | ok=True attempts=1 fallback=False
[role] 麦库姆斯 -> core | ok=True attempts=1 fallback=False
[role] 肖 -> core | ok=True attempts=1 fallback=False
[role] 辨证施治 -> core | ok=True attempts=1 fallback=False
[role] 议事日程 -> core | ok=True attempts=1 fallback=False
[role] 阴阳调和 -> core | ok=True attempts=1 fallback=False
[role] 沉默的螺旋 -> core | ok=True attempts=1 fallback=False
[role] 中医文化议程 -> core | ok=True attempts=1 fallback=False
[role] 非典疫情 -> non-core | ok=True attempts=1 fallback=False
[role] 中医工作者 -> non-core | ok=True attempts=1 fallback=False
[role] 假医假药 -> non-core | ok=True attempts=1 fallback=False
[role] 诺伊曼 -> core | ok=True attempts=1 fallback=False
[role] 多数派 -> non-core | ok=True attempts=1 fallback=False
[role] 群体关系 -> core | ok=True attempts=1 fallback=False
[role] 少数派 -> non-core | ok=True attempts=1 fallback=False
[role] 螺旋式上升的舆论态势 -> non-core | ok=True attempts=1 fallback=False
[role] 意志坚定者 -> non-core | ok=True attempts=1 fallback=False
[role] 反中医观点 -> non-core | ok=True attempts=1 fallback=False
[role] 中医权威 -> non-core | ok=True attempts=1 fallback=False
[role] 社会主流 -> core | ok=True attempts=1 fallback=False
[role] 权威专家 -> non-core | ok=True attempts=1 fallback=False
[role] G.格伯纳 -> non-core | ok=True attempts=1 fallback=False
[role] 话语权 -> non-core | ok=True attempts=1 fallback=False
[role] 培养分析 -> core | ok=True attempts=1 fallback=False
[role] 传播媒介 -> core | ok=True attempts=1 fallback=False
[role] 培养 -> non-core | ok=True attempts=1 fallback=False
[role] 暴力犯罪新闻 -> non-core | ok=True attempts=1 fallback=False
[role] 中医治疗 -> non-core | ok=True attempts=1 fallback=False
[role] 短视频 -> non-core | ok=True attempts=1 fallback=False
[role] 自媒体APP -> non-core | ok=True attempts=1 fallback=False
[role] 传播效果理论 -> core | ok=True attempts=1 fallback=False
[role] 媒体专题专栏 -> core | ok=True attempts=1 fallback=False
[role] 科普书籍 -> non-core | ok=True attempts=1 fallback=False
[role] 影视作品 -> core | ok=True attempts=1 fallback=False
[role] 共识 -> core | ok=True attempts=1 fallback=False
[role] 音视频作品 -> core | ok=True attempts=1 fallback=False
[role] 《刮痧》 -> non-core | ok=True attempts=1 fallback=False
[role] 中医文化主题VR技术 -> non-core | ok=True attempts=1 fallback=False
[role] 卫生健康机构 -> non-core | ok=True attempts=1 fallback=False
[role] 中医文化科普宣传 -> core | ok=True attempts=1 fallback=False
[role] 中医中药中国行 -> non-core | ok=True attempts=1 fallback=False
[role] 《本草中国》 -> non-core | ok=True attempts=1 fallback=False
[role] 义诊 -> core | ok=True attempts=1 fallback=False
[role] 讲座 -> core | ok=True attempts=1 fallback=False
[role] 体验互动 -> core | ok=True attempts=1 fallback=False
[role] 展览 -> core | ok=True attempts=1 fallback=False
[role] 夏令营 -> non-core | ok=True attempts=1 fallback=False
[role] 文化体验活动 -> non-core | ok=True attempts=1 fallback=False
[role] 手提袋 -> non-core | ok=True attempts=1 fallback=False
[role] 中药图案 -> non-core | ok=True attempts=1 fallback=False
[role] 中医文创产品大赛 -> non-core | ok=True attempts=1 fallback=False
[role] 药枕 -> non-core | ok=True attempts=1 fallback=False
[role] 全国中医药健康文化知识大赛 -> non-core | ok=True attempts=1 fallback=False
[role] 中医文化节 -> non-core | ok=True attempts=1 fallback=False
[role] 抢答问答 -> non-core | ok=True attempts=1 fallback=False
[role] 香囊 -> non-core | ok=True attempts=1 fallback=False
[role] 基础理论 -> core | ok=True attempts=1 fallback=False
[role] 经典典故 -> non-core | ok=True attempts=1 fallback=False
[role] 名医互动 -> non-core | ok=True attempts=1 fallback=False
[role] 膏方制作 -> non-core | ok=True attempts=1 fallback=False
[role] 《四库全书》 -> core | ok=True attempts=1 fallback=False
[role] 伏羲制九针 -> non-core | ok=True attempts=1 fallback=False
[role] 知识分子 -> core | ok=True attempts=1 fallback=False
[role] 针刺 -> core | ok=True attempts=1 fallback=False
[role] 灸疗 -> core | ok=True attempts=1 fallback=False
[role] 传统旧学 -> non-core | ok=True attempts=1 fallback=False
[role] 近代中国历史变革 -> core | ok=True attempts=1 fallback=False
[role] 新中国成立 -> non-core | ok=True attempts=1 fallback=False
[role] 传统文化载体 -> core | ok=True attempts=1 fallback=False
[role] 国民政府 -> non-core | ok=True attempts=1 fallback=False
[role] 中国医药学 -> core | ok=True attempts=1 fallback=False
[role] 中西医学术之争 -> core | ok=True attempts=1 fallback=False
[role] 政府管理体制 -> core | ok=True attempts=1 fallback=False
[role] 西医学习中医运动 -> core | ok=True attempts=1 fallback=False
[role] 创造中国的新医学 -> core | ok=True attempts=1 fallback=False
[role] 先秦 -> core | ok=True attempts=1 fallback=False
[role] 两晋 -> non-core | ok=True attempts=1 fallback=False
[role] 《明堂图》 -> non-core | ok=True attempts=1 fallback=False
[role] 印度医学 -> core | ok=True attempts=1 fallback=False
[role] 华佗医术 -> non-core | ok=True attempts=1 fallback=False
[role] 智聪 -> non-core | ok=True attempts=1 fallback=False
[role] 隋唐 -> core | ok=True attempts=1 fallback=False
[role] 神州上药 -> non-core | ok=True attempts=1 fallback=False
[role] 鉴真 -> non-core | ok=True attempts=1 fallback=False
[role] 朝鲜仿唐制 -> non-core | ok=True attempts=1 fallback=False
[role] 遣唐使 -> core | ok=True attempts=1 fallback=False
[role] 日本汉方医学 -> core | ok=True attempts=1 fallback=False
[role] 中朝医药往来 -> core | ok=True attempts=1 fallback=False
[role] 中医脉象 -> core | ok=True attempts=1 fallback=False
[role] 阿拉伯《医典》 -> core | ok=True attempts=1 fallback=False
[role] 《广利方》 -> core | ok=True attempts=1 fallback=False
[role] 宋元 -> non-core | ok=True attempts=1 fallback=False
[role] 《医学疑问》 -> non-core | ok=True attempts=1 fallback=False
[role] 中药 -> core | ok=True attempts=1 fallback=False
[role] 郑和下西洋 -> non-core | ok=True attempts=1 fallback=False
[role] 《马可·波罗游记》 -> core | ok=True attempts=1 fallback=False
[role] 明代 -> non-core | ok=True attempts=1 fallback=False
[role] 接骨术 -> non-core | ok=True attempts=1 fallback=False
[role] 中医文化建设 -> core | ok=True attempts=1 fallback=False
[role] 清代 -> core | ok=True attempts=1 fallback=False
[role] 《中医药法》 -> core | ok=True attempts=1 fallback=False
[role] 俄国留学生 -> non-core | ok=True attempts=1 fallback=False
[role] 种痘 -> core | ok=True attempts=1 fallback=False
[role] 中医药精华 -> core | ok=True attempts=1 fallback=False
[role] 卜弥格 -> non-core | ok=True attempts=1 fallback=False
[role] 世界非物质文化遗产 -> core | ok=True attempts=1 fallback=False
[role] 国家战略 -> core | ok=True attempts=1 fallback=False
[role] 一带一路 -> core | ok=True attempts=1 fallback=False
[role] 现代教育与师承教育结合模式 -> core | ok=True attempts=1 fallback=False
[role] 中医药传承创新发展 -> core | ok=True attempts=1 fallback=False
[role] 传统哲学 -> core | ok=True attempts=1 fallback=False
[role] 经典与疫病防治学科 -> core | ok=True attempts=1 fallback=False
[role] 中医类医院 -> core | ok=True attempts=1 fallback=False
[role] 藏象经络 -> core | ok=True attempts=1 fallback=False
[role] 仁和精诚 -> core | ok=True attempts=1 fallback=False
[role] 诺贝尔奖 -> core | ok=True attempts=1 fallback=False
[role] 中医药跨文化传播 -> core | ok=True attempts=1 fallback=False
[role] 古籍文言文 -> core | ok=True attempts=1 fallback=False
[role] 屠呦呦 -> core | ok=True attempts=1 fallback=False
[role] 传统科学技术 -> core | ok=True attempts=1 fallback=False
[role] 国家文化软实力 -> core | ok=True attempts=1 fallback=False
[role] 民族医药 -> core | ok=True attempts=1 fallback=False
[role] 社会主义核心价值观 -> core | ok=True attempts=1 fallback=False
[role] 现代价值体现 -> non-core | ok=True attempts=1 fallback=False
[role] 新媒体融合应用 -> non-core | ok=True attempts=1 fallback=False
[role] 优秀传统文化传承体系 -> core | ok=True attempts=1 fallback=False
[role] 大健康观念 -> core | ok=True attempts=1 fallback=False
[role] 健康促进 -> core | ok=True attempts=1 fallback=False
[role] 系统工程 -> core | ok=True attempts=1 fallback=False
[role] 政府主导 -> core | ok=True attempts=1 fallback=False
[role] 文化传承 -> core | ok=True attempts=1 fallback=False
[role] 组织者 -> non-core | ok=True attempts=1 fallback=False
[role] 实施者 -> non-core | ok=True attempts=1 fallback=False
[role] 策划者 -> non-core | ok=True attempts=1 fallback=False
[role] 多方合力 -> core | ok=True attempts=1 fallback=False
[role] 社会资源 -> core | ok=True attempts=1 fallback=False
[role] 中医文化人才 -> core | ok=True attempts=1 fallback=False
[role] 中医药传承发展 -> core | ok=True attempts=1 fallback=False
[role] 中医院校 -> core | ok=True attempts=1 fallback=False
[role] 培养目标 -> core | ok=True attempts=1 fallback=False
[role] 课程设置 -> core | ok=True attempts=1 fallback=False
[role] 中医文化学科建设 -> core | ok=True attempts=1 fallback=False
[role] 现代科学思维 -> core | ok=True attempts=1 fallback=False
[role] 中医药教育规律 -> core | ok=True attempts=1 fallback=False
[role] 中国传统文化与中医文化课程 -> non-core | ok=True attempts=1 fallback=False
[role] 新型知识结构 -> non-core | ok=True attempts=1 fallback=False
[role] 院校教育 -> core | ok=True attempts=1 fallback=False
[role] 中医药传统文化教育 -> core | ok=True attempts=1 fallback=False
[role] 研究型人才 -> core | ok=True attempts=1 fallback=False
[role] 办学思想 -> core | ok=True attempts=1 fallback=False
[role] 养生保健功能 -> non-core | ok=True attempts=1 fallback=False
[role] 群众性基础 -> non-core | ok=True attempts=1 fallback=False
[role] 润物无声 -> non-core | ok=True attempts=1 fallback=False
[role] 中医人才队伍 -> core | ok=True attempts=1 fallback=False
[role] 潜移默化 -> non-core | ok=True attempts=1 fallback=False
[role] 人民健康水平 -> non-core | ok=True attempts=1 fallback=False
[role] 渗透与普及教育 -> core | ok=True attempts=1 fallback=False
[role] 大众认同感 -> non-core | ok=True attempts=1 fallback=False
[role] 国家符号 -> non-core | ok=True attempts=1 fallback=False
[role] 价值适应 -> non-core | ok=True attempts=1 fallback=False
[role] 文化语境 -> core | ok=True attempts=1 fallback=False
[role] 西方中心主义 -> core | ok=True attempts=1 fallback=False
[role] 话语垄断 -> core | ok=True attempts=1 fallback=False
[role] 民族性与世界性 -> core | ok=True attempts=1 fallback=False
[role] 普世价值 -> core | ok=True attempts=1 fallback=False
[role] 手术范围 -> non-core | ok=True attempts=1 fallback=False
[role] 自制中药品上市 -> core | ok=True attempts=1 fallback=False
[role] 中医药立法 -> core | ok=True attempts=1 fallback=False
[role] 民间名中医 -> non-core | ok=True attempts=1 fallback=False
[role] 中医药产品 -> core | ok=True attempts=1 fallback=False
[role] 中医医生处方权 -> non-core | ok=True attempts=1 fallback=False
[role] 行医权 -> core | ok=True attempts=1 fallback=False
[role] 专利 -> core | ok=True attempts=1 fallback=False
[role] 传承 -> non-core | ok=True attempts=1 fallback=False
[role] 著作权 -> core | ok=True attempts=1 fallback=False
[role] 知识产权保护 -> core | ok=True attempts=1 fallback=False
[role] 世界级非物质文化遗产 -> core | ok=True attempts=1 fallback=False
[role] 商标 -> core | ok=True attempts=1 fallback=False
[role] 商业秘密 -> core | ok=True attempts=1 fallback=False
[role] 保护制度 -> core | ok=True attempts=1 fallback=False
[role] 中医文化资源 -> core | ok=True attempts=1 fallback=False
[role] 中医药技能 -> core | ok=True attempts=1 fallback=False
[role] 中医药特色 -> non-core | ok=True attempts=1 fallback=False
[role] 活态流变性 -> core | ok=True attempts=1 fallback=False
[role] 国际化标准 -> core | ok=True attempts=1 fallback=False
[role] 中医药优势 -> core | ok=True attempts=1 fallback=False
[role] 中医文化品牌 -> non-core | ok=True attempts=1 fallback=False
[role] 品牌效应 -> core | ok=True attempts=1 fallback=False
[role] 中医文化竞争力 -> core | ok=True attempts=1 fallback=False
[role] 新媒体 -> core | ok=True attempts=1 fallback=False
[role] 中医药老字号 -> core | ok=True attempts=1 fallback=False
[role] 中医药旅游 -> core | ok=True attempts=1 fallback=False
[role] 无形资产 -> non-core | ok=True attempts=1 fallback=False
[role] 中医文化产业 -> core | ok=True attempts=1 fallback=False
[role] 中医药养老与康复 -> core | ok=True attempts=1 fallback=False
[role] 中共中央 国务院关于促进中医药传承创新发展的意见 -> non-core | ok=True attempts=1 fallback=False
[role] 国民教育 -> core | ok=True attempts=1 fallback=False
[role] 传统媒体 -> core | ok=True attempts=1 fallback=False
[role] 中小学 -> non-core | ok=True attempts=1 fallback=False
[role] 中医文化认同 -> core | ok=True attempts=1 fallback=False
[role] 青少年 -> non-core | ok=True attempts=1 fallback=False
[role] 核心价值观 -> core | ok=True attempts=1 fallback=False
[role] 社会民众 -> core | ok=True attempts=1 fallback=False
[role] 传播机制 -> core | ok=True attempts=1 fallback=False
[role] 媒体行业 -> core | ok=True attempts=1 fallback=False
[role] 政府部门 -> core | ok=True attempts=1 fallback=False
[role] 医药企业 -> core | ok=True attempts=1 fallback=False
[role] 高等院校 -> core | ok=True attempts=1 fallback=False
===== [Stage 2] 选择父 core 并保证覆盖所有 non-core =====
non-core 总数=1390，已分配父=1390
===== [Stage 3] 关系类型判定（并发=10）并写边 =====
[edge] 道德 -> 为医要真诚 (example-of) | removed_horizontal=2
[edge] 道德 -> 不为财而救人 (example-of) | removed_horizontal=2
[edge] 道德 -> 严己宽人 (example-of) | removed_horizontal=2
[edge] 道德 -> 为医要规范 (example-of) | removed_horizontal=2
[edge] 广义文化 -> 文 (part-of) | removed_horizontal=2
[edge] 道德 -> 不为名利 (example-of) | removed_horizontal=2
[edge] 道德 -> 圣人之教 (example-of) | removed_horizontal=2
[edge] 道德 -> 去恶从善 (example-of) | removed_horizontal=2
[edge] 广义文化 -> 王阳明 (related) | removed_horizontal=2
[edge] 广义文化 -> 化 (part-of) | removed_horizontal=2
[edge] 道德 -> 大医之风范 (example-of) | removed_horizontal=2
[edge] 道德 -> 帮助他人解脱 (example-of) | removed_horizontal=2
[edge] 道德 -> 教人向善 (example-of) | removed_horizontal=2
[edge] 道德 -> 态度认真 (example-of) | removed_horizontal=2
[edge] 道德 -> 慈 (example-of) | removed_horizontal=2
[edge] 道德 -> 普同一等 (example-of) | removed_horizontal=2
[edge] 道德 -> 悲 (related) | removed_horizontal=2
[edge] 道德 -> 治病要真心 (example-of) | removed_horizontal=2
[edge] 道德 -> 常怀同情 (example-of) | removed_horizontal=2
[edge] 道德 -> 救济之心 (example-of) | removed_horizontal=2
[edge] 道德 -> 精勤学医 (related) | removed_horizontal=2
[edge] 道德 -> 精微用心 (example-of) | removed_horizontal=2
[edge] 道德 -> 视患者如亲人 (example-of) | removed_horizontal=2
[edge] 道德 -> 细心全面 (example-of) | removed_horizontal=2
[edge] 道德 -> 谨言慎行 (example-of) | removed_horizontal=2
[edge] 道德 -> 谦逊养德 (example-of) | removed_horizontal=2
[edge] 文化层次分类 -> 服饰 (example-of) | removed_horizontal=2
[edge] 道德 -> 静心宽宏 (example-of) | removed_horizontal=2
[edge] 精神文化 -> 山顶洞人 (example-of) | removed_horizontal=2
[edge] 文化层次分类 -> 传播文化 (example-of) | removed_horizontal=2
[edge] 精神文化 -> 形而下者谓之器 (related) | removed_horizontal=2
[edge] 精神文化 -> 红色铁矿粉粒 (example-of) | removed_horizontal=2
[edge] 思维方式 -> 传统文化宝库 (related) | removed_horizontal=2
[edge] 物质文化 -> 科普 (related) | removed_horizontal=2
[edge] 思维方式 -> 文化间的契合点 (related) | removed_horizontal=2
[edge] 物质文化 -> 香料药物 (example-of) | removed_horizontal=2
[edge] 物质文化 -> 茶叶 (example-of) | removed_horizontal=2
[edge] 思维方式 -> 废止中医 (related) | removed_horizontal=2
[edge] 物质文化 -> 丝绸 (example-of) | removed_horizontal=2
[edge] 物质文化 -> 瓷器 (example-of) | removed_horizontal=2
[edge] 思维方式 -> 科学化 (related) | removed_horizontal=2
[edge] 政治制度 -> 坐次失序 (example-of) | removed_horizontal=2
[edge] 政治制度 -> 安身立命之本 (related) | removed_horizontal=2
[edge] 政治制度 -> 血气 (related) | removed_horizontal=2
[edge] 政治制度 -> 朱丹溪 (related) | removed_horizontal=2
[edge] 政治制度 -> 志意 (related) | removed_horizontal=2
[edge] 政治制度 -> 调养身心 (related) | removed_horizontal=2
[edge] 政治制度 -> 贼民 (example-of) | removed_horizontal=2
[edge] 政治制度 -> 饮食居处 (related) | removed_horizontal=2
[edge] 中国传统文化 -> 《老》 (example-of) | removed_horizontal=2
[edge] 中国传统文化 -> 六壬 (related) | removed_horizontal=2
[edge] 中国传统文化 -> 大医 (related) | removed_horizontal=2
[edge] 中国传统文化 -> 早期马克思主义者 (related) | removed_horizontal=2
[edge] 中国传统文化 -> 阴阳禄命 (related) | removed_horizontal=2
[edge] 中国传统文化 -> 诸家相法 (part-of) | removed_horizontal=2
[edge] 中国传统文化 -> 贺麟 (related) | removed_horizontal=2
[edge] 中国传统文化 -> 金石入药 (example-of) | removed_horizontal=2
[edge] 中医文化 -> 微博 (applies-to) | removed_horizontal=2
[edge] 中医文化 -> 疾病治疗 (related) | removed_horizontal=2
[edge] 中医文化 -> 方士 (part-of) | removed_horizontal=2
[edge] 中国传统文化 -> 无政府主义者 (related) | removed_horizontal=2
[edge] 中国传统文化 -> 自由主义者 (contrasts-with) | removed_horizontal=2
[edge] 中医文化 -> G.格伯纳 (related) | removed_horizontal=2
[edge] 中医文化 -> 《文子》 (related) | removed_horizontal=2
[edge] 中医文化 -> 《医学疑问》 (example-of) | removed_horizontal=2
[edge] 中医文化 -> 《黄帝四经》 (related) | removed_horizontal=2
[edge] 中医文化 -> 《明堂图》 (example-of) | removed_horizontal=2
[edge] 中医文化 -> 《龙树菩萨方》 (example-of) | removed_horizontal=2
[edge] 中医文化 -> 不死之药 (related) | removed_horizontal=2
[edge] 中医文化 -> 专业人士 (applies-to) | removed_horizontal=2
[edge] 中医文化 -> 上池之水 (related) | removed_horizontal=2
[edge] 中医文化 -> 不治将深 (example-of) | removed_horizontal=2
[edge] 中医文化 -> 上古名医 (related) | removed_horizontal=2
[edge] 中医文化 -> 不可复制 (related) | removed_horizontal=2
[edge] 中医文化 -> 两晋 (related) | removed_horizontal=2
[edge] 中医文化 -> 专业水平 (related) | removed_horizontal=2
[edge] 中医文化 -> 中医工作者 (related) | removed_horizontal=2
[edge] 中医文化 -> 中医形象 (related) | removed_horizontal=2
[edge] 中医文化 -> 中医治疗 (related) | removed_horizontal=2
[edge] 中医文化 -> 中医科普教育基地 (part-of) | removed_horizontal=2
[edge] 中医文化 -> 中医文化公司 (part-of) | removed_horizontal=2
[edge] 中医文化 -> 中医文化韵味 (part-of) | removed_horizontal=2
[edge] 中医文化 -> 中医药博物馆 (example-of) | removed_horizontal=2
[edge] 中医文化 -> 代表性 (related) | removed_horizontal=2
[edge] 中医文化 -> 人民健康水平 (related) | removed_horizontal=2
[edge] 中医文化 -> 主题文化 (related) | removed_horizontal=2
[edge] 中医文化 -> 九尾狐 (example-of) | removed_horizontal=2
[edge] 中医文化 -> 优质作品 (related) | removed_horizontal=2
[edge] 中医文化 -> 传统型传播方式 (applies-to) | removed_horizontal=2
[edge] 中医文化 -> 假冒专家 (contrasts-with) | removed_horizontal=2
[edge] 中医文化 -> 传道仪式 (example-of) | removed_horizontal=2
[edge] 中医文化 -> 伏羲 (related) | removed_horizontal=2
[edge] 中医文化 -> 俄国留学生 (related) | removed_horizontal=2
[edge] 中医文化 -> 中医院校师生 (related) | removed_horizontal=2
[edge] 中医文化 -> 养生保健功能 (applies-to) | removed_horizontal=2
[edge] 中医文化 -> 内向型传播方式 (applies-to) | removed_horizontal=2
[edge] 中医文化 -> 养生节目 (applies-to) | removed_horizontal=2
[edge] 中医文化 -> 养生机构 (related) | removed_horizontal=2
[edge] 中医文化 -> 假医假药 (contrasts-with) | removed_horizontal=2
[edge] 中医文化 -> 内视功能 (part-of) | removed_horizontal=2
[edge] 中医文化 -> 刘禹锡 (related) | removed_horizontal=2
[edge] 中医文化 -> 医史博物馆 (part-of) | removed_horizontal=2
[edge] 中医文化 -> 勤求古训 (related) | removed_horizontal=2
[edge] 中医文化 -> 创新性 (applies-to) | removed_horizontal=2
[edge] 中医文化 -> 医术 (part-of) | removed_horizontal=2
[edge] 中医文化 -> 华佗医术 (example-of) | removed_horizontal=2
[edge] 中医文化 -> 南面之术 (related) | removed_horizontal=2
[edge] 中医文化 -> 史记·扁鹊仓公列传 (example-of) | removed_horizontal=2
[edge] 中医文化 -> 名医 (related) | removed_horizontal=2
[edge] 中医文化 -> 华佗 (example-of) | removed_horizontal=2
[edge] 中医文化 -> 卜弥格 (example-of) | removed_horizontal=2
[edge] 中医文化 -> 名医遗址 (related) | removed_horizontal=2
[edge] 中医文化 -> 哲学内容 (part-of) | removed_horizontal=2
[edge] 中医文化 -> 唯一性 (related) | removed_horizontal=2
[edge] 中医文化 -> 地区性中医院 (part-of) | removed_horizontal=2
[edge] 中医文化 -> 地方政府 (related) | removed_horizontal=2
[edge] 中医文化 -> 女娲 (related) | removed_horizontal=2
[edge] 中医文化 -> 坐堂医 (example-of) | removed_horizontal=2
[edge] 中医文化 -> 回归混沌的理想境界 (example-of) | removed_horizontal=2
[edge] 中医文化 -> 多样性 (related) | removed_horizontal=2
[edge] 中医文化 -> 学生 (related) | removed_horizontal=2
[edge] 中医文化 -> 培养 (related) | removed_horizontal=2
[edge] 中医文化 -> 宋元 (related) | removed_horizontal=2
[edge] 中医文化 -> 帝者臣，名臣，其实师也 (related) | removed_horizontal=2
[edge] 中医文化 -> 官办中医药博物馆 (part-of) | removed_horizontal=2
[edge] 中医文化 -> 宣讲 (applies-to) | removed_horizontal=2
[edge] 中医文化 -> 大众认同感 (related) | removed_horizontal=2
[edge] 中医文化 -> 少数民族医学博物馆 (related) | removed_horizontal=2
[edge] 中医文化 -> 岐伯 (example-of) | removed_horizontal=2
[edge] 中医文化 -> 废止中医案 (related) | removed_horizontal=2
[edge] 中医文化 -> 快手 (related) | removed_horizontal=2
[edge] 中医文化 -> 张从正 (example-of) | removed_horizontal=2
[edge] 中医文化 -> 科学语言 (related) | removed_horizontal=2
[edge] 中医文化 -> 思想文化内容 (part-of) | removed_horizontal=2
[edge] 中医文化 -> 斋戒 (related) | removed_horizontal=2
[edge] 中医文化 -> 悬壶济世 (example-of) | removed_horizontal=2
[edge] 中医文化 -> 悬壶 (example-of) | removed_horizontal=2
[edge] 中医文化 -> 青耕鸟 (example-of) | removed_horizontal=2
[edge] 中医文化 -> 香草 (part-of) | removed_horizontal=2
[edge] 中医文化 -> 蝙蝠 (part-of) | removed_horizontal=2
[edge] 中医文化 -> 杀蛊毒 (part-of) | removed_horizontal=2
[edge] 中医文化 -> 汤液 (part-of) | removed_horizontal=2
[edge] 中医文化 -> 酒 (part-of) | removed_horizontal=2
[edge] 中医文化 -> 治蛊药 (part-of) | removed_horizontal=2
[edge] 中医文化 -> 辟毒疫温鬼 (related) | removed_horizontal=2
[edge] 中医文化 -> 桃符 (part-of) | removed_horizontal=2
[edge] 中医文化 -> 醫 (part-of) | removed_horizontal=2
[edge] 中医文化 -> 艾草 (example-of) | removed_horizontal=2
[edge] 中医文化 -> 长桑君 (related) | removed_horizontal=2
[edge] 中医文化 -> 禁方书 (part-of) | removed_horizontal=2
[edge] 中医文化 -> 淳于意 (example-of) | removed_horizontal=2
[edge] 中医文化 -> 方士文化 (part-of) | removed_horizontal=2
[edge] 中医文化 -> 禁方 (part-of) | removed_horizontal=2
[edge] 中医文化 -> 成都老官山汉墓九部医书 (example-of) | removed_horizontal=2
[edge] 中医文化 -> 甲骨文 (related) | removed_horizontal=2
[edge] 中医文化 -> 某某堂 (example-of) | removed_horizontal=2
[edge] 中医文化 -> 扁鹊学派经典 (part-of) | removed_horizontal=2
[edge] 中医文化 -> 苏轼 (related) | removed_horizontal=2
[edge] 中医文化 -> 择吉日 (related) | removed_horizontal=2
[edge] 中医文化 -> 黄帝 (example-of) | removed_horizontal=2
[edge] 中医文化 -> 歃血盟誓 (related) | removed_horizontal=2
[edge] 中医文化 -> 混沌状态 (related) | removed_horizontal=2
[edge] 中医文化 -> 黄老著作 (part-of) | removed_horizontal=2
[edge] 中医文化 -> 葛洪 (example-of) | removed_horizontal=2
[edge] 中医文化 -> 玄鸟 (related) | removed_horizontal=2
[edge] 中医文化 -> 身份标志 (part-of) | removed_horizontal=2
[edge] 中医文化 -> 行医 (related) | removed_horizontal=2
[edge] 中医文化 -> 费长房 (example-of) | removed_horizontal=2
[edge] 中医文化 -> 老翁 (related) | removed_horizontal=2
[edge] 中医文化 -> 阴阳未分的婴儿 (related) | removed_horizontal=2
[edge] 中医文化 -> 郎中 (example-of) | removed_horizontal=2
[edge] 中医文化 -> 招牌 (example-of) | removed_horizontal=2
[edge] 中医文化 -> 生命崇拜图腾 (part-of) | removed_horizontal=2
[edge] 中医文化 -> 葫芦 (related) | removed_horizontal=2
[edge] 中医文化 -> 自媒体账号 (applies-to) | removed_horizontal=2
[edge] 中医文化 -> 铁盒 (related) | removed_horizontal=2
[edge] 中医文化 -> 木箱 (related) | removed_horizontal=2
[edge] 中医文化 -> 陶罐 (related) | removed_horizontal=2
[edge] 中医文化 -> 短视频直播 (applies-to) | removed_horizontal=2
[edge] 中医文化 -> 机构工作者 (related) | removed_horizontal=2
[edge] 中医文化 -> 非临床专业人员 (applies-to) | removed_horizontal=2
[edge] 中医文化 -> 赵开美 (related) | removed_horizontal=2
[edge] 中医文化 -> 独有性 (related) | removed_horizontal=2
[edge] 中医文化 -> 独特性 (related) | removed_horizontal=2
[edge] 中医文化 -> 最优方案 (related) | removed_horizontal=2
[edge] 中医文化 -> 诊断 (related) | removed_horizontal=2
[edge] 中医文化 -> 文化素养 (related) | removed_horizontal=2
[edge] 中医文化 -> 文字与图画信息 (related) | removed_horizontal=2
[edge] 中医文化 -> 校园文化建设 (applies-to) | removed_horizontal=2
[edge] 中医文化 -> 系统教育 (related) | removed_horizontal=2
[edge] 中医文化 -> 文化辐射传播 (applies-to) | removed_horizontal=2
[edge] 中医文化 -> 教学科研人员 (applies-to) | removed_horizontal=2
[edge] 中医文化 -> 民办中医药博物馆 (example-of) | removed_horizontal=2
[edge] 中医文化 -> 文化糟粕 (contrasts-with) | removed_horizontal=2
[edge] 中医文化 -> 科普工作 (applies-to) | removed_horizontal=2
[edge] 中医文化 -> 网络文章 (applies-to) | removed_horizontal=2
[edge] 中医文化 -> 科普宣传 (applies-to) | removed_horizontal=2
[edge] 中医文化 -> 纪念馆 (related) | removed_horizontal=2
[edge] 中医文化 -> 知识碎片化 (related) | removed_horizontal=2
[edge] 中医文化 -> 法律法规滞后 (related) | removed_horizontal=2
[edge] 中医文化 -> 话语权失落 (related) | removed_horizontal=2
[edge] 中医文化 -> 非典疫情 (example-of) | removed_horizontal=2
[edge] 中医文化 -> 扁鹊为蔡桓公诊治 (example-of) | removed_horizontal=2
[edge] 中医文化 -> 暴力犯罪新闻 (related) | removed_horizontal=2
[edge] 中医文化 -> 神州上药 (example-of) | removed_horizontal=2
[edge] 中医文化 -> 智聪 (related) | removed_horizontal=2
[edge] 中医文化 -> 预防治疗疾病的内容 (part-of) | removed_horizontal=2
[edge] 中医文化 -> 鉴真 (example-of) | removed_horizontal=2
[edge] 中医文化 -> 短视频 (applies-to) | removed_horizontal=2
[edge] 中医文化 -> 朝鲜仿唐制 (related) | removed_horizontal=2
[edge] 中医文化 -> 接骨术 (related) | removed_horizontal=2
[edge] 中医文化 -> 新媒体融合应用 (applies-to) | removed_horizontal=2
[edge] 中医文化 -> 郑和下西洋 (related) | removed_horizontal=2
[edge] 中医文化 -> 润物无声 (related) | removed_horizontal=2
[edge] 中医文化 -> 明代 (related) | removed_horizontal=2
[edge] 中医文化 -> 现代价值体现 (related) | removed_horizontal=2
[edge] 中医文化 -> 潜移默化 (related) | removed_horizontal=2
[edge] 中医养生文化 -> 存思 (example-of) | removed_horizontal=2
[edge] 中医文化 -> 群众性基础 (applies-to) | removed_horizontal=2
[edge] 中医养生文化 -> 养形 (part-of) | removed_horizontal=2
[edge] 中医养生文化 -> 峻补命门 (example-of) | removed_horizontal=2
[edge] 中医养生文化 -> 导引 (part-of) | removed_horizontal=2
[edge] 中医养生文化 -> 服气 (example-of) | removed_horizontal=2
[edge] 中医养生文化 -> 温补派 (part-of) | removed_horizontal=2
[edge] 文化传播 -> 新型知识结构 (related) | removed_horizontal=2
[edge] 文化传播 -> 中国传统文化与中医文化课程 (part-of) | removed_horizontal=2
[edge] 中医养生文化 -> 薄名利 (example-of) | removed_horizontal=2
[edge] 中医养生文化 -> 尚阴主静 (part-of) | removed_horizontal=2
[edge] 中医养生文化 -> 禁声色 (example-of) | removed_horizontal=2
[edge] 本体论 -> 尚无薄有 (example-of) | removed_horizontal=2
[edge] 中西医汇通 -> 废止旧医案 (contrasts-with) | removed_horizontal=2
[edge] 认识论 -> 运动呼吸 (related) | removed_horizontal=2
[edge] 中西医结合 -> 三氧化二砷 (related) | removed_horizontal=2
[edge] 本体论 -> 本末 (part-of) | removed_horizontal=2
[edge] 中西医汇通 -> 中医长于气化、西医长于解剖 (example-of) | removed_horizontal=2
[edge] 中西医汇通 -> 余岩 (contrasts-with) | removed_horizontal=2
[edge] 中西医汇通 -> 医学革命 (contrasts-with) | removed_horizontal=2
[edge] 中西医汇通 -> 唐宗海 (example-of) | removed_horizontal=2
[edge] 中西医汇通 -> 中医条例 (related) | removed_horizontal=2
[edge] 中西医汇通 -> 通其可通，并存互异 (example-of) | removed_horizontal=2
[edge] 中西医汇通 -> 恽铁樵 (example-of) | removed_horizontal=2
[edge] 中西医汇通 -> 朱沛文 (example-of) | removed_horizontal=2
[edge] 中西医汇通 -> 陆渊雷 (example-of) | removed_horizontal=2
[edge] 中西医汇通 -> 解剖 (applies-to) | removed_horizontal=2
[edge] 中西医汇通 -> 张锡纯 (example-of) | removed_horizontal=2
[edge] 典籍 -> 养生园林 (related) | removed_horizontal=2
[edge] 典籍 -> 中医药文化硬件建设 (applies-to) | removed_horizontal=2
[edge] 典籍 -> 主题明确原则 (applies-to) | removed_horizontal=2
[edge] 典籍 -> 器具 (related) | removed_horizontal=2
[edge] 典籍 -> 针灸铜人 (related) | removed_horizontal=2
[edge] 典籍 -> 特色鲜明原则 (applies-to) | removed_horizontal=2
[edge] 典籍 -> 扁鹊 (example-of) | removed_horizontal=2
[edge] 《周易》 -> 三玄 (part-of) | removed_horizontal=2
[edge] 《周易》 -> 井栏 (related) | removed_horizontal=2
[edge] 《周易》 -> 人更三圣，世历三古 (example-of) | removed_horizontal=2
[edge] 《周易》 -> 何晏 (related) | removed_horizontal=2
[edge] 《周易》 -> 井 (related) | removed_horizontal=2
[edge] 《周易》 -> 五季 (related) | removed_horizontal=2
[edge] 《周易》 -> 八不食 (related) | removed_horizontal=2
[edge] 《周易》 -> 刚柔相推 (part-of) | removed_horizontal=2
[edge] 《周易》 -> 凌人 (related) | removed_horizontal=2
[edge] 《周易》 -> 卦爻辞 (part-of) | removed_horizontal=2
[edge] 《周易》 -> 夏禹 (example-of) | removed_horizontal=2
[edge] 《周易》 -> 周公 (related) | removed_horizontal=2
[edge] 《周易》 -> 卦辞 (part-of) | removed_horizontal=2
[edge] 《周易》 -> 形神相依 (related) | removed_horizontal=2
[edge] 《周易》 -> 平为期 (related) | removed_horizontal=2
[edge] 《周易》 -> 嵇康 (related) | removed_horizontal=2
[edge] 《周易》 -> 文王 (example-of) | removed_horizontal=2
[edge] 《周易》 -> 导引调息 (related) | removed_horizontal=2
[edge] 《周易》 -> 欧阳修 (related) | removed_horizontal=2
[edge] 《周易》 -> 烟气 (related) | removed_horizontal=2
[edge] 《周易》 -> 清淤 (related) | removed_horizontal=2
[edge] 《周易》 -> 爻辞 (part-of) | removed_horizontal=2
[edge] 《周易》 -> 甲子纪年 (related) | removed_horizontal=2
[edge] 《周易》 -> 肥肉厚酒 (related) | removed_horizontal=2
[edge] 《周易》 -> 神农 (example-of) | removed_horizontal=2
[edge] 《周易》 -> 爻辰 (part-of) | removed_horizontal=2
[edge] 《周易》 -> 烂肠之食 (related) | removed_horizontal=2
[edge] 《周易》 -> 王弼 (example-of) | removed_horizontal=2
[edge] 《周易》 -> 节制 (related) | removed_horizontal=2
[edge] 《周易》 -> 苦入心 (related) | removed_horizontal=2
[edge] 《周易》 -> 过嗜厚味 (related) | removed_horizontal=2
[edge] 《周易》 -> 风神 (related) | removed_horizontal=2
[edge] 《周易》 -> 阮籍 (related) | removed_horizontal=2
[edge] 医学 -> 京师大学堂 (related) | removed_horizontal=2
[edge] 医学 -> 李四光 (related) | removed_horizontal=2
[edge] 医学 -> 科学名词审查工作 (part-of) | removed_horizontal=2
[edge] 医学 -> 杜亚泉 (related) | removed_horizontal=2
[edge] 医学 -> 梁漱溟 (related) | removed_horizontal=2
[edge] 《周易》 -> 顾炎武 (related) | removed_horizontal=2
[edge] 医学 -> 中国科学社 (related) | removed_horizontal=2
[edge] 医学 -> 竺可桢 (example-of) | removed_horizontal=2
[edge] 医学 -> 《科学》杂志 (related) | removed_horizontal=2
[edge] 医学 -> 邝荣光 (related) | removed_horizontal=2
[edge] 医学 -> 鲁迅 (related) | removed_horizontal=2
[edge] 医学 -> 詹天佑 (related) | removed_horizontal=2
[edge] 医学 -> 侯德榜 (related) | removed_horizontal=2
[edge] 医学 -> 传习所 (related) | removed_horizontal=2
[edge] 医学 -> 《后汉书·华佗传》 (example-of) | removed_horizontal=2
[edge] 医学 -> 傅斯年 (related) | removed_horizontal=2
[edge] 医学 -> 华罗庚 (related) | removed_horizontal=2
[edge] 医学 -> 梁启超手术事件 (related) | removed_horizontal=2
[edge] 哲学 -> 严复 (related) | removed_horizontal=2
[edge] 哲学 -> 改良派 (related) | removed_horizontal=2
[edge] 哲学 -> 军阀混战 (related) | removed_horizontal=2
[edge] 哲学 -> 驱逐鞑虏，恢复中华，建立民国，平均地权 (related) | removed_horizontal=2
[edge] 《黄帝内经》 -> 同出而异名 (example-of) | removed_horizontal=2
[edge] 《黄帝内经》 -> 《淮南子·天文训》 (related) | removed_horizontal=2
[edge] 哲学 -> 袁世凯复辟 (related) | removed_horizontal=2
[edge] 《黄帝内经》 -> 不足 (related) | removed_horizontal=2
[edge] 哲学 -> 黄兴 (related) | removed_horizontal=2
[edge] 《黄帝内经》 -> 割股疗亲 (contrasts-with) | removed_horizontal=2
[edge] 《黄帝内经》 -> 地不满东南 (related) | removed_horizontal=2
[edge] 《黄帝内经》 -> 大气 (related) | removed_horizontal=2
[edge] 《黄帝内经》 -> 天神 (related) | removed_horizontal=2
[edge] 《黄帝内经》 -> 天不足西北 (example-of) | removed_horizontal=2
[edge] 《黄帝内经》 -> 妄 (related) | removed_horizontal=2
[edge] 《黄帝内经》 -> 有余 (related) | removed_horizontal=2
[edge] 《黄帝内经》 -> 朴 (related) | removed_horizontal=2
[edge] 《黄帝内经》 -> 持满 (example-of) | removed_horizontal=2
[edge] 《黄帝内经》 -> 故美其食，任其服，乐其俗 (example-of) | removed_horizontal=2
[edge] 《黄帝内经》 -> 王清任 (related) | removed_horizontal=2
[edge] 《黄帝内经》 -> 智 (related) | removed_horizontal=2
[edge] 《黄帝内经》 -> 恬淡寂寞，虚无无为 (example-of) | removed_horizontal=2
[edge] 《黄帝内经》 -> 九针 (example-of) | removed_horizontal=2
[edge] 《黄帝内经》 -> 《旧唐书》 (related) | removed_horizontal=2
[edge] 《黄帝内经》 -> 爻数 (related) | removed_horizontal=2
[edge] 《黄帝内经》 -> 下丹田 (related) | removed_horizontal=2
[edge] 《黄帝内经》 -> 不及 (example-of) | removed_horizontal=2
[edge] 《黄帝内经》 -> 五味禁忌 (part-of) | removed_horizontal=2
[edge] 《黄帝内经》 -> 伏羲制九针 (example-of) | removed_horizontal=2
[edge] 《黄帝内经》 -> 《南史》 (related) | removed_horizontal=2
[edge] 《黄帝内经》 -> 愚 (related) | removed_horizontal=2
[edge] 《黄帝内经》 -> 元阳真火 (related) | removed_horizontal=2
[edge] 《黄帝内经》 -> 唐赐之妻 (example-of) | removed_horizontal=2
[edge] 《黄帝内经》 -> 全身尽孝 (related) | removed_horizontal=2
[edge] 《黄帝内经》 -> 孙一奎 (example-of) | removed_horizontal=2
[edge] 《黄帝内经》 -> 张介宾 (related) | removed_horizontal=2
[edge] 《黄帝内经》 -> 神农尝百草 (example-of) | removed_horizontal=2
[edge] 《黄帝内经》 -> 客运 (part-of) | removed_horizontal=2
[edge] 《黄帝内经》 -> 草木 (related) | removed_horizontal=2
[edge] 《黄帝内经》 -> 张衡 (related) | removed_horizontal=2
[edge] 《黄帝内经》 -> 日月寒暑 (example-of) | removed_horizontal=2
[edge] 《黄帝内经》 -> 木运太过 (example-of) | removed_horizontal=2
[edge] 《黄帝内经》 -> 米谷 (example-of) | removed_horizontal=2
[edge] 《黄帝内经》 -> 春夏生长 (example-of) | removed_horizontal=2
[edge] 《黄帝内经》 -> 金运太过 (part-of) | removed_horizontal=2
[edge] 《黄帝内经》 -> 筑基 (related) | removed_horizontal=2
[edge] 《黄帝内经》 -> 赵献可 (example-of) | removed_horizontal=2
[edge] 《黄帝内经》 -> 阴中之阴 (part-of) | removed_horizontal=2
[edge] 《黄帝内经》 -> 真脏 (related) | removed_horizontal=2
[edge] 《黄帝内经》 -> 石申 (related) | removed_horizontal=2
[edge] 《黄帝内经》 -> 解剖学 (related) | removed_horizontal=2
[edge] 《黄帝内经》 -> 真息 (related) | removed_horizontal=2
[edge] 《黄帝内经》 -> 身体发肤，受之父母，不敢毁伤 (example-of) | removed_horizontal=2
[edge] 《黄帝内经》 -> 身体发肤，不敢毁伤 (related) | removed_horizontal=2
[edge] 《黄帝内经》 -> 无违 (related) | removed_horizontal=2
[edge] 《黄帝内经》 -> 能养且敬 (related) | removed_horizontal=2
[edge] 历法 -> 寅月 (part-of) | removed_horizontal=2
[edge] 历法 -> 地球自转一周 (part-of) | removed_horizontal=2
[edge] 历法 -> 仲 (part-of) | removed_horizontal=2
[edge] 历法 -> 日月食 (part-of) | removed_horizontal=2
[edge] 历法 -> 地球公转周期 (part-of) | removed_horizontal=2
[edge] 历法 -> 孟 (part-of) | removed_horizontal=2
[edge] 历法 -> 无限太空 (related) | removed_horizontal=2
[edge] 历法 -> 战国时期 (related) | removed_horizontal=2
[edge] 历法 -> 实际测量 (applies-to) | removed_horizontal=2
[edge] 历法 -> 思辨假说 (related) | removed_horizontal=2
[edge] 历法 -> 思想领域 (related) | removed_horizontal=2
[edge] 历法 -> 宇之表无极，宙之端无穷 (related) | removed_horizontal=2
[edge] 历法 -> 无形质实体 (part-of) | removed_horizontal=2
[edge] 历法 -> 日月星辰 (applies-to) | removed_horizontal=2
[edge] 历法 -> 独立轨道 (related) | removed_horizontal=2
[edge] 历法 -> 苍色 (related) | removed_horizontal=2
[edge] 历法 -> 季 (part-of) | removed_horizontal=2
[edge] 历法 -> 行度差异 (related) | removed_horizontal=2
[edge] 历法 -> 目瞀精极 (related) | removed_horizontal=2
[edge] 历法 -> 月的日数分配 (part-of) | removed_horizontal=2
[edge] 历法 -> 郄萌 (related) | removed_horizontal=2
[edge] 历法 -> 闰月安插 (part-of) | removed_horizontal=2
[edge] 历法 -> 顺逆变化 (related) | removed_horizontal=2
[edge] 历法 -> 速度 (related) | removed_horizontal=2
[edge] 阴阳五行 -> 中医药条例 (related) | removed_horizontal=2
[edge] 地理 -> 循环运行不息 (related) | removed_horizontal=2
[edge] 地理 -> 先天地而生 (example-of) | removed_horizontal=2
[edge] 地理 -> 外运化 (related) | removed_horizontal=2
[edge] 阴阳五行 -> 伟大的宝库 (example-of) | removed_horizontal=2
[edge] 阴阳五行 -> 太上老君 (related) | removed_horizontal=2
[edge] 阴阳五行 -> 修道成仙 (related) | removed_horizontal=2
[edge] 地理 -> 浑然一体 (related) | removed_horizontal=2
[edge] 阴阳五行 -> 五色 (part-of) | removed_horizontal=2
[edge] 阴阳五行 -> 心脑 (part-of) | removed_horizontal=2
[edge] 阴阳五行 -> 长生不死 (related) | removed_horizontal=2
[edge] 阴阳五行 -> 子节点摘要 (part-of) | removed_horizontal=2
[edge] 阴阳五行 -> 师承家传 (related) | removed_horizontal=2
[edge] 阴阳五行 -> 怒 (related) | removed_horizontal=2
[edge] 阴阳五行 -> 外八卦 (part-of) | removed_horizontal=2
[edge] 阴阳五行 -> 干支 (part-of) | removed_horizontal=2
[edge] 阴阳五行 -> 失精 (related) | removed_horizontal=2
[edge] 阴阳五行 -> 君主之官 (example-of) | removed_horizontal=2
[edge] 阴阳五行 -> 思 (part-of) | removed_horizontal=2
[edge] 阴阳五行 -> 摩腹 (related) | removed_horizontal=2
[edge] 阴阳五行 -> 推揉膻中 (applies-to) | removed_horizontal=2
[edge] 阴阳五行 -> 暑 (part-of) | removed_horizontal=2
[edge] 阴阳五行 -> 烧山火 (example-of) | removed_horizontal=2
[edge] 阴阳五行 -> 用九阳而三进三退 (applies-to) | removed_horizontal=2
[edge] 阴阳五行 -> 精准局部指标 (contrasts-with) | removed_horizontal=2
[edge] 阴阳五行 -> 能合脉色，可以万全 (related) | removed_horizontal=2
[edge] 阴阳五行 -> 用六阴而三出三入 (related) | removed_horizontal=2
[edge] 阴阳五行 -> 离 (part-of) | removed_horizontal=2
[edge] 阴阳五行 -> 脱营 (applies-to) | removed_horizontal=2
[edge] 阴阳五行 -> 脉色 (part-of) | removed_horizontal=2
[edge] 阴阳五行 -> 运内八卦 (related) | removed_horizontal=2
[edge] 意象思维 -> 以意调之 (applies-to) | removed_horizontal=2
[edge] 意象思维 -> 以意和之 (applies-to) | removed_horizontal=2
[edge] 意象思维 -> 医之为言意也 (example-of) | removed_horizontal=2
[edge] 意象思维 -> 婴儿 (example-of) | removed_horizontal=2
[edge] 意象思维 -> 凡刺之真，必先治神 (example-of) | removed_horizontal=2
[edge] 意象思维 -> 得手应心 (example-of) | removed_horizontal=2
[edge] 意象思维 -> 慧然独悟，口弗能言 (example-of) | removed_horizontal=2
[edge] 意象思维 -> 橐籥 (example-of) | removed_horizontal=2
[edge] 意象思维 -> 牝 (related) | removed_horizontal=2
[edge] 意象思维 -> 门 (related) | removed_horizontal=2
[edge] 意象思维 -> 不出户知天下 (example-of) | removed_horizontal=2
[edge] 意象思维 -> 车 (example-of) | removed_horizontal=2
[edge] 意象思维 -> 口不能言 (related) | removed_horizontal=2
[edge] 意象思维 -> 喻意场 (related) | removed_horizontal=2
[edge] 意象思维 -> 像闪电一样 (related) | removed_horizontal=2
[edge] 意象思维 -> 冥冥莫知其形 (example-of) | removed_horizontal=2
[edge] 意象思维 -> 寒热温凉界限 (example-of) | removed_horizontal=2
[edge] 意象思维 -> 大象 (related) | removed_horizontal=2
[edge] 意象思维 -> 冥冥 (example-of) | removed_horizontal=2
[edge] 意象思维 -> 寒者热之 (applies-to) | removed_horizontal=2
[edge] 意象思维 -> 杏林春暖 (related) | removed_horizontal=2
[edge] 意象思维 -> 整体宏观把握 (applies-to) | removed_horizontal=2
[edge] 意象思维 -> 意且犹不尽 (related) | removed_horizontal=2
[edge] 意象思维 -> 怀怖慑 (related) | removed_horizontal=2
[edge] 意象思维 -> 毫芒即乖 (related) | removed_horizontal=2
[edge] 意象思维 -> 损之又损 (related) | removed_horizontal=2
[edge] 意象思维 -> 自用意而不任臣 (applies-to) | removed_horizontal=2
[edge] 意象思维 -> 腠理至微 (related) | removed_horizontal=2
[edge] 意象思维 -> 肝生于左，肺藏于右 (example-of) | removed_horizontal=2
[edge] 意象思维 -> 西医学免疫认识 (related) | removed_horizontal=2
[edge] 意象思维 -> 豁然贯通 (example-of) | removed_horizontal=2
[edge] 意象思维 -> 象 (example-of) | removed_horizontal=2
[edge] 意象思维 -> 谨察阴阳所在而调之，以平为期 (applies-to) | removed_horizontal=2
[edge] 意象思维 -> 随气用巧 (applies-to) | removed_horizontal=2
[edge] 意象思维 -> 针石 (applies-to) | removed_horizontal=2
[edge] 意象思维 -> 运动性 (related) | removed_horizontal=2
[edge] 阴阳平衡 -> 位不当 (related) | removed_horizontal=2
[edge] 阴阳平衡 -> 四时不忒 (related) | removed_horizontal=2
[edge] 阴阳平衡 -> 大过 (example-of) | removed_horizontal=2
[edge] 阴阳平衡 -> 小过 (example-of) | removed_horizontal=2
[edge] 阴阳平衡 -> 栋隆 (related) | removed_horizontal=2
[edge] 阴阳平衡 -> 栋桡 (related) | removed_horizontal=2
[edge] 道 -> 周行而不殆 (example-of) | removed_horizontal=2
[edge] 阴阳平衡 -> 归妹 (related) | removed_horizontal=2
[edge] 道 -> 不死观念 (related) | removed_horizontal=2
[edge] 道 -> 得道 (example-of) | removed_horizontal=2
[edge] 道 -> 《三洞群仙录》 (example-of) | removed_horizontal=2
[edge] 道 -> 修道积德 (example-of) | removed_horizontal=2
[edge] 道 -> 人为 (contrasts-with) | removed_horizontal=2
[edge] 道 -> 冲气以为和 (example-of) | removed_horizontal=2
[edge] 道 -> 敝而新成 (example-of) | removed_horizontal=2
[edge] 道 -> 物壮则老 (example-of) | removed_horizontal=2
[edge] 道 -> 日月山川诸神 (related) | removed_horizontal=2
[edge] 道 -> 术 (related) | removed_horizontal=2
[edge] 道 -> 后天水谷精气 (related) | removed_horizontal=2
[edge] 道 -> 唐玄宗 (example-of) | removed_horizontal=2
[edge] 道 -> 究天人之际 (related) | removed_horizontal=2
[edge] 道 -> 生，道之别体也 (example-of) | removed_horizontal=2
[edge] 道 -> 脑髓 (related) | removed_horizontal=2
[edge] 道 -> 素 (related) | removed_horizontal=2
[edge] 道 -> 血脉 (related) | removed_horizontal=2
[edge] 道 -> 《老子》第三十九章 (example-of) | removed_horizontal=2
[edge] 道 -> 《抱朴子·内篇·勤求》 (example-of) | removed_horizontal=2
[edge] 道 -> 行气 (related) | removed_horizontal=2
[edge] 道 -> 《天隐子·神解》 (related) | removed_horizontal=2
[edge] 道 -> 骨骼 (related) | removed_horizontal=2
[edge] 道 -> 《老子》第四十二章 (example-of) | removed_horizontal=2
[edge] 道 -> 《老子》第二十五章 (example-of) | removed_horizontal=2
[edge] 道 -> 先天父母之精 (related) | removed_horizontal=2
[edge] 道 -> 丘处机 (example-of) | removed_horizontal=2
[edge] 道 -> 不欲以静，天下将自定 (example-of) | removed_horizontal=2
[edge] 道 -> 为天地立心 (related) | removed_horizontal=2
[edge] 道 -> 与大道合一的自由境界 (example-of) | removed_horizontal=2
[edge] 道 -> 先天父母遗传之精 (related) | removed_horizontal=2
[edge] 道 -> 功成身退 (related) | removed_horizontal=2
[edge] 道 -> 利万物而不争 (example-of) | removed_horizontal=2
[edge] 道 -> 凡人仙化 (related) | removed_horizontal=2
[edge] 道 -> 功遂身退 (example-of) | removed_horizontal=2
[edge] 道 -> 吴筠 (example-of) | removed_horizontal=2
[edge] 道 -> 天地之间其犹橐龠乎 (example-of) | removed_horizontal=2
[edge] 道 -> 祝由 (related) | removed_horizontal=2
[edge] 道 -> 宇宙万物同源融通 (related) | removed_horizontal=2
[edge] 道 -> 静曰复命 (example-of) | removed_horizontal=2
[edge] 道 -> 祸兮福之所倚 (example-of) | removed_horizontal=2
[edge] 道 -> 风水占验杂技 (example-of) | removed_horizontal=2
[edge] 道 -> 道冲而用之或不盈 (example-of) | removed_horizontal=2
[edge] 道 -> 吞雾吐火 (related) | removed_horizontal=2
[edge] 道 -> 谷神不死，是谓玄牝 (example-of) | removed_horizontal=2
[edge] 道 -> 周行不殆 (example-of) | removed_horizontal=2
[edge] 道 -> 归根曰静，静曰复命 (example-of) | removed_horizontal=2
[edge] 道 -> 步罡 (related) | removed_horizontal=2
[edge] 道 -> 真道 (example-of) | removed_horizontal=2
[edge] 道 -> 道的化身 (example-of) | removed_horizontal=2
[edge] 道 -> 有道之君贵静不重变法 (example-of) | removed_horizontal=2
[edge] 道 -> 柔弱胜刚强 (example-of) | removed_horizontal=2
[edge] 道 -> 独立不改 (example-of) | removed_horizontal=2
[edge] 道 -> 恍惚窈冥 (related) | removed_horizontal=2
[edge] 道 -> 治大国而数变法，则民苦之 (related) | removed_horizontal=2
[edge] 道 -> 王弼贵无论 (example-of) | removed_horizontal=2
[edge] 道 -> 阴魄 (part-of) | removed_horizontal=2
[edge] 道 -> 积传为一周 (related) | removed_horizontal=2
[edge] 道 -> 植物层面的精 (related) | removed_horizontal=2
[edge] 道 -> 苛疾不起 (example-of) | removed_horizontal=2
[edge] 道 -> 抱一 (part-of) | removed_horizontal=2
[edge] 道 -> 未出地者 (related) | removed_horizontal=2
[edge] 道 -> 小道 (example-of) | removed_horizontal=2
[edge] 道 -> 朱熹注 (example-of) | removed_horizontal=2
[edge] 儒 -> 韩非 (related) | removed_horizontal=2
[edge] 儒 -> 李斯 (related) | removed_horizontal=2
[edge] 佛 -> 牟子理惑论 (example-of) | removed_horizontal=2
[edge] 儒 -> 人定胜天 (related) | removed_horizontal=2
[edge] 天人合一 -> 上下相遘 (related) | removed_horizontal=2
[edge] 佛 -> 首陀罗 (related) | removed_horizontal=2
[edge] 佛 -> 恒河流域 (related) | removed_horizontal=2
[edge] 天人合一 -> 不相得则病 (related) | removed_horizontal=2
[edge] 天人合一 -> 人神之通应 (example-of) | removed_horizontal=2
[edge] 天人合一 -> 太阳证 (related) | removed_horizontal=2
[edge] 天人合一 -> 天地之大纪 (related) | removed_horizontal=2
[edge] 天人合一 -> 寒暑相临 (related) | removed_horizontal=2
[edge] 天人合一 -> 气分证 (related) | removed_horizontal=2
[edge] 天人合一 -> 两肾总号命门 (related) | removed_horizontal=2
[edge] 天人合一 -> 一日四时 (example-of) | removed_horizontal=2
[edge] 天人合一 -> 十年周期 (related) | removed_horizontal=2
[edge] 天人合一 -> 七年周期 (related) | removed_horizontal=2
[edge] 天人合一 -> 坎水 (related) | removed_horizontal=2
[edge] 天人合一 -> 阳明证 (related) | removed_horizontal=2
[edge] 天人合一 -> 中和集 (related) | removed_horizontal=2
[edge] 天人合一 -> 夏时痒疥 (related) | removed_horizontal=2
[edge] 天人合一 -> 金丹大药 (related) | removed_horizontal=2
[edge] 天人合一 -> 春日浮脉 (related) | removed_horizontal=2
[edge] 天人合一 -> 大学 (related) | removed_horizontal=2
[edge] 天人合一 -> 宜 (related) | removed_horizontal=2
[edge] 天人合一 -> 郑瑄 (related) | removed_horizontal=2
[edge] 天人合一 -> 神形兼备 (related) | removed_horizontal=2
[edge] 医经 -> 清乾隆铜人 (example-of) | removed_horizontal=2
[edge] 医经 -> 明嘉靖铜人 (example-of) | removed_horizontal=2
[edge] 医经 -> 嘉靖铜人 (example-of) | removed_horizontal=2
[edge] 医经 -> 王惟一 (related) | removed_horizontal=2
[edge] 医经 -> 北宋天圣年间 (related) | removed_horizontal=2
[edge] 医经 -> 蒙医铜人 (related) | removed_horizontal=2
[edge] 医经 -> 民国铜人 (example-of) | removed_horizontal=2
[edge] 医经 -> 实习用具 (part-of) | removed_horizontal=2
[edge] 医经 -> 明正统铜人 (example-of) | removed_horizontal=2
[edge] 医经 -> 腧穴准则 (part-of) | removed_horizontal=2
[edge] 医经 -> 经络穴位 (part-of) | removed_horizontal=2
[edge] 医经 -> 蒙医特色 (related) | removed_horizontal=2
[edge] 医经 -> 腧穴经络准则 (related) | removed_horizontal=2
[edge] 中医学 -> 万物悉备，莫贵于人 (example-of) | removed_horizontal=2
[edge] 中医学 -> 不为良相，即为良医 (example-of) | removed_horizontal=2
[edge] 医经 -> 蒙古族艺术风格 (related) | removed_horizontal=2
[edge] 中医学 -> 人命至重，有贵千金 (example-of) | removed_horizontal=2
[edge] 中医学 -> 事实 (related) | removed_horizontal=2
[edge] 中医学 -> 两臂重于天下 (example-of) | removed_horizontal=2
[edge] 中医学 -> 人有两目 (example-of) | removed_horizontal=2
[edge] 中医学 -> 人头圆足方 (example-of) | removed_horizontal=2
[edge] 中医学 -> 口耳相传 (related) | removed_horizontal=2
[edge] 中医学 -> 土克水 (part-of) | removed_horizontal=2
[edge] 中医学 -> 宽厚谦和 (related) | removed_horizontal=2
[edge] 中医学 -> 传统旧学 (related) | removed_horizontal=2
[edge] 中医学 -> 以随侯之珠弹千仞之雀 (related) | removed_horizontal=2
[edge] 中医学 -> 广泛性 (related) | removed_horizontal=2
[edge] 中医学 -> 以医谋利 (contrasts-with) | removed_horizontal=2
[edge] 中医学 -> 天有日月 (example-of) | removed_horizontal=2
[edge] 中医学 -> 国民政府 (related) | removed_horizontal=2
[edge] 中医学 -> 土生金 (part-of) | removed_horizontal=2
[edge] 中医学 -> 扶土抑木 (example-of) | removed_horizontal=2
[edge] 中医学 -> 报刊印刷 (related) | removed_horizontal=2
[edge] 中医学 -> 愈疾 (related) | removed_horizontal=2
[edge] 中医学 -> 木克土 (part-of) | removed_horizontal=2
[edge] 中医学 -> 木乘土 (example-of) | removed_horizontal=2
[edge] 中医学 -> 相克之序 (part-of) | removed_horizontal=2
[edge] 中医学 -> 火生土 (part-of) | removed_horizontal=2
[edge] 中医学 -> 水克火 (part-of) | removed_horizontal=2
[edge] 中医学 -> 木生火 (part-of) | removed_horizontal=2
[edge] 中医学 -> 火克金 (part-of) | removed_horizontal=2
[edge] 中医学 -> 新中国成立 (related) | removed_horizontal=2
[edge] 中医学 -> 新闻影响力 (related) | removed_horizontal=2
[edge] 中医学 -> 新闻报道 (applies-to) | removed_horizontal=2
[edge] 中医学 -> 随侯之珠弹千仞之雀 (related) | removed_horizontal=2
[edge] 中医学 -> 肝病传脾 (example-of) | removed_horizontal=2
[edge] 中医学 -> 能尊生者 (related) | removed_horizontal=2
[edge] 中医学 -> 肺金 (part-of) | removed_horizontal=2
[edge] 中医学 -> 金克木 (part-of) | removed_horizontal=2
[edge] 中医学 -> 金生水 (example-of) | removed_horizontal=2
[edge] 中医学 -> 针对性 (related) | removed_horizontal=2
[edge] 比喻 -> 《公孙龙子》 (example-of) | removed_horizontal=2
[edge] 比喻 -> 盲人摸象 (example-of) | removed_horizontal=2
[edge] 比喻 -> 类推 (related) | removed_horizontal=2
[edge] 比喻 -> 象征 (related) | removed_horizontal=2
[edge] 比喻 -> 目 (example-of) | removed_horizontal=2
[edge] 万物有灵论 -> 人面鱼纹 (example-of) | removed_horizontal=2
[edge] 比喻 -> 坚白石 (example-of) | removed_horizontal=2
[edge] 万物有灵论 -> 图腾崇拜 (related) | removed_horizontal=2
[edge] 万物有灵论 -> 蛙纹 (example-of) | removed_horizontal=2
[edge] 万物有灵论 -> 白虎 (related) | removed_horizontal=2
[edge] 万物有灵论 -> 周公旦 (related) | removed_horizontal=2
[edge] 万物有灵论 -> 山东汉画像石 (related) | removed_horizontal=2
[edge] 万物有灵论 -> 星宿 (related) | removed_horizontal=2
[edge] 《伤寒论》 -> 学而不思则罔 (related) | removed_horizontal=2
[edge] 巫术 -> 六巫 (example-of) | removed_horizontal=2
[edge] 万物有灵论 -> 青龙 (example-of) | removed_horizontal=2
[edge] 《伤寒论》 -> 学至于行而止 (related) | removed_horizontal=2
[edge] 巫术思维 -> 祝禁术 (example-of) | removed_horizontal=2
[edge] 巫术 -> 北方巫医 (part-of) | removed_horizontal=2
[edge] 万物有灵论 -> 鸟图腾 (example-of) | removed_horizontal=2
[edge] 巫术 -> 南方巫医 (part-of) | removed_horizontal=2
[edge] 巫术 -> 天官冢宰 (related) | removed_horizontal=2
[edge] 巫术 -> 小疒臣 (example-of) | removed_horizontal=2
[edge] 巫术 -> 巫祝 (part-of) | removed_horizontal=2
[edge] 巫术 -> 换心术 (example-of) | removed_horizontal=2
[edge] 巫术 -> 巫咸 (example-of) | removed_horizontal=2
[edge] 巫术 -> 毉 (related) | removed_horizontal=2
[edge] 巫术 -> 范行准 (related) | removed_horizontal=2
[edge] 巫术 -> 汉画像石 (example-of) | removed_horizontal=2
[edge] 巫术 -> 疡医 (related) | removed_horizontal=2
[edge] 巫术 -> 鸟医 (example-of) | removed_horizontal=2
[edge] 巫术 -> 长江流域 (related) | removed_horizontal=2
[edge] 巫术 -> 针砭 (related) | removed_horizontal=2
[edge] 消极巫术 -> 崇拜 (part-of) | removed_horizontal=2
[edge] 消极巫术 -> 出血恐惧 (part-of) | removed_horizontal=2
[edge] 消极巫术 -> 禳除 (related) | removed_horizontal=2
[edge] 消极巫术 -> 禁忌 (part-of) | removed_horizontal=2
[edge] 消极巫术 -> 方相氏 (related) | removed_horizontal=2
[edge] 消极巫术 -> 厌胜 (example-of) | removed_horizontal=2
[edge] 消极巫术 -> 祓除熏浴 (example-of) | removed_horizontal=2
[edge] 消极巫术 -> 解除 (related) | removed_horizontal=2
[edge] 消极巫术 -> 禳除巫术 (contrasts-with) | removed_horizontal=2
[edge] 阴阳 -> 不内外因 (related) | removed_horizontal=2
[edge] 阴阳 -> 创伤 (related) | removed_horizontal=2
[edge] 阴阳 -> 惊 (related) | removed_horizontal=2
[edge] 阴阳 -> 虫兽伤 (related) | removed_horizontal=2
[edge] 阴阳 -> 恐 (related) | removed_horizontal=2
[edge] 阴阳 -> 攻补兼施 (applies-to) | removed_horizontal=2
[edge] 阴阳 -> 三因 (related) | removed_horizontal=2
[edge] 阴阳 -> 表里双解 (related) | removed_horizontal=2
[edge] 阴阳 -> 补泻先后 (related) | removed_horizontal=2
[edge] 阴阳 -> 起居无常 (related) | removed_horizontal=2
[edge] 阴阳 -> 阴盛则寒 (example-of) | removed_horizontal=2
[edge] 阴阳 -> 阳虚生外寒 (example-of) | removed_horizontal=2
[edge] 阴阳 -> 阳盛则热 (example-of) | removed_horizontal=2
[edge] 阴阳 -> 阴阳离决，精气乃绝 (example-of) | removed_horizontal=2
[edge] 阴阳 -> 张弓 (example-of) | removed_horizontal=2
[edge] 阴阳 -> 平人者，不病也 (example-of) | removed_horizontal=2
[edge] 阴阳 -> 阴虚生内热 (example-of) | removed_horizontal=2
[edge] 阴阳 -> 表里上下 (part-of) | removed_horizontal=2
[edge] 阴阳 -> 五时 (related) | removed_horizontal=2
[edge] 阴阳 -> 阴阳之气多少 (part-of) | removed_horizontal=2
[edge] 阴阳 -> 损有余而补不足 (example-of) | removed_horizontal=2
[edge] 阴阳 -> 五星 (related) | removed_horizontal=2
[edge] 阴阳 -> 违逆自然规律 (related) | removed_horizontal=2
[edge] 五行 -> 四百四病 (related) | removed_horizontal=2
[edge] 五行 -> 杂 (related) | removed_horizontal=2
[edge] 五行 -> 水大 (related) | removed_horizontal=2
[edge] 五行 -> 火大 (related) | removed_horizontal=2
[edge] 五行 -> 地大 (related) | removed_horizontal=2
[edge] 五行 -> 痰 (related) | removed_horizontal=2
[edge] 五行 -> 五风 (example-of) | removed_horizontal=2
[edge] 五行 -> 热病 (related) | removed_horizontal=2
[edge] 五行 -> 寒病 (related) | removed_horizontal=2
[edge] 五行 -> 土大增 (example-of) | removed_horizontal=2
[edge] 五行 -> 风大 (related) | removed_horizontal=2
[edge] 五行 -> 相火以位 (related) | removed_horizontal=2
[edge] 五行 -> 水大积 (example-of) | removed_horizontal=2
[edge] 五行 -> 巢元方 (related) | removed_horizontal=2
[edge] 五行 -> 金水相生 (example-of) | removed_horizontal=2
[edge] 五行 -> 陶弘景 (related) | removed_horizontal=2
[edge] 五脏 -> 灸焫 (related) | removed_horizontal=2
[edge] 五脏 -> 毒药 (related) | removed_horizontal=2
[edge] 五脏 -> 衰其大半而止 (related) | removed_horizontal=2
[edge] 五脏 -> 女七男八 (related) | removed_horizontal=2
[edge] 五脏 -> 年长求腑 (related) | removed_horizontal=2
[edge] 五脏 -> 年少求经 (related) | removed_horizontal=2
[edge] 五脏 -> 年壮求脏 (applies-to) | removed_horizontal=2
[edge] 五脏 -> 得神者昌，失神者亡 (example-of) | removed_horizontal=2
[edge] 五脏 -> 旦慧昼安 (related) | removed_horizontal=2
[edge] 五味 -> 子能明目 (example-of) | removed_horizontal=2
[edge] 五脏 -> 魄 (part-of) | removed_horizontal=2
[edge] 药类法象 -> 交泰丸 (example-of) | removed_horizontal=2
[edge] 五味 -> 素问·宝命全形论 (example-of) | removed_horizontal=2
[edge] 五味 -> 皮以治皮 (applies-to) | removed_horizontal=2
[edge] 五味 -> 素问·六节藏象论 (example-of) | removed_horizontal=2
[edge] 五味 -> 神气 (related) | removed_horizontal=2
[edge] 药类法象 -> 右归丸 (example-of) | removed_horizontal=2
[edge] 药类法象 -> 六一散 (example-of) | removed_horizontal=2
[edge] 药类法象 -> 天一生水 (example-of) | removed_horizontal=2
[edge] 药类法象 -> 左归丸 (example-of) | removed_horizontal=2
[edge] 五脏 -> 形气有余不足 (related) | removed_horizontal=2
[edge] 药类法象 -> 见几而作 (related) | removed_horizontal=2
[edge] 药类法象 -> 泰卦 (related) | removed_horizontal=2
[edge] 药类法象 -> 左肝右肺 (example-of) | removed_horizontal=2
[edge] 药类法象 -> 运八卦 (related) | removed_horizontal=2
[edge] 药类法象 -> 面部八卦 (related) | removed_horizontal=2
[edge] 药类法象 -> 震兑 (related) | removed_horizontal=2
[edge] 《周礼》 -> 医疗考核 (part-of) | removed_horizontal=2
[edge] 《周礼》 -> 回回药物院 (related) | removed_horizontal=2
[edge] 《周礼》 -> 地方医职 (part-of) | removed_horizontal=2
[edge] 《周礼》 -> 少府太医令 (part-of) | removed_horizontal=2
[edge] 《周礼》 -> 丞 (part-of) | removed_horizontal=2
[edge] 《周礼》 -> 广惠司 (related) | removed_horizontal=2
[edge] 《周礼》 -> 侍医 (part-of) | removed_horizontal=2
[edge] 《周礼》 -> 御药房值班制度 (part-of) | removed_horizontal=2
[edge] 《周礼》 -> 巫与医职能分化 (example-of) | removed_horizontal=2
[edge] 《周礼》 -> 禁咒 (related) | removed_horizontal=2
[edge] 砭石 -> 不锈钢毫针 (example-of) | removed_horizontal=2
[edge] 《周礼》 -> 管院事王大臣 (related) | removed_horizontal=2
[edge] 《周礼》 -> 针科博士 (part-of) | removed_horizontal=2
[edge] 《周礼》 -> 翰林医官院 (part-of) | removed_horizontal=2
[edge] 砭石 -> 脉枕 (related) | removed_horizontal=2
[edge] 砭石 -> 灸盏 (part-of) | removed_horizontal=2
[edge] 砭石 -> 青铜针 (related) | removed_horizontal=2
[edge] 砭石 -> 艾炷灸 (related) | removed_horizontal=2
[edge] 砭石 -> 灸板 (part-of) | removed_horizontal=2
[edge] 砭石 -> 铍针 (part-of) | removed_horizontal=2
[edge] 砭石 -> 锋针 (part-of) | removed_horizontal=2
[edge] 砭石 -> 艾斗 (related) | removed_horizontal=2
[edge] 砭石 -> 阳燧 (related) | removed_horizontal=2
[edge] 砭石 -> 串铃 (related) | removed_horizontal=2
[edge] 砭石 -> 周礼 (related) | removed_horizontal=2
[edge] 砭石 -> 镵针 (example-of) | removed_horizontal=2
[edge] 砭石 -> 养济院 (related) | removed_horizontal=2
[edge] 砭石 -> 圆利针 (example-of) | removed_horizontal=2
[edge] 砭石 -> 铜罐 (related) | removed_horizontal=2
[edge] 砭石 -> 占梦 (related) | removed_horizontal=2
[edge] 砭石 -> 圆针 (example-of) | removed_horizontal=2
[edge] 砭石 -> 大针 (example-of) | removed_horizontal=2
[edge] 砭石 -> 殷 (example-of) | removed_horizontal=2
[edge] 砭石 -> 温灸器 (part-of) | removed_horizontal=2
[edge] 砭石 -> 药条灸 (related) | removed_horizontal=2
[edge] 砭石 -> 灸罩 (part-of) | removed_horizontal=2
[edge] 砭石 -> 灯火灸 (example-of) | removed_horizontal=2
[edge] 砭石 -> 相法 (related) | removed_horizontal=2
[edge] 砭石 -> 胡庆余堂 (related) | removed_horizontal=2
[edge] 砭石 -> 禹步 (related) | removed_horizontal=2
[edge] 砭石 -> 药线灸 (related) | removed_horizontal=2
[edge] 砭石 -> 苗父 (related) | removed_horizontal=2
[edge] 砭石 -> 鍉针 (example-of) | removed_horizontal=2
[edge] 砭石 -> 长针 (example-of) | removed_horizontal=2
[edge] 砭石 -> 陈李济 (related) | removed_horizontal=2
[edge] 砭石 -> 隔物灸 (example-of) | removed_horizontal=2
[edge] 砭石 -> 骨针 (example-of) | removed_horizontal=2
[edge] 气功 -> 大宝令 (related) | removed_horizontal=2
[edge] 神农本草经 -> 同 (related) | removed_horizontal=2
[edge] 山海经 -> 枸杞 (example-of) | removed_horizontal=2
[edge] 神农本草经 -> 下品 (part-of) | removed_horizontal=2
[edge] 神农本草经 -> 中品 (part-of) | removed_horizontal=2
[edge] 山海经 -> 紫苏 (related) | removed_horizontal=2
[edge] 神农本草经 -> 君臣有序 (part-of) | removed_horizontal=2
[edge] 神农本草经 -> 和羹 (related) | removed_horizontal=2
[edge] 神农本草经 -> 相互宣摄 (related) | removed_horizontal=2
[edge] 神农本草经 -> 方剂源于和羹 (related) | removed_horizontal=2
[edge] 神农本草经 -> 药物源于食材 (related) | removed_horizontal=2
[edge] 地理环境 -> 东南季风气候 (part-of) | removed_horizontal=2
[edge] 地理环境 -> 神农氏 (related) | removed_horizontal=2
[edge] 地理环境 -> 河姆渡遗址 (example-of) | removed_horizontal=2
[edge] 地理环境 -> 粟 (related) | removed_horizontal=2
[edge] 地理环境 -> 耒 (related) | removed_horizontal=2
[edge] 地理环境 -> 稻谷 (related) | removed_horizontal=2
[edge] 地理环境 -> 半坡遗址 (example-of) | removed_horizontal=2
[edge] 地理环境 -> 耜 (related) | removed_horizontal=2
[edge] 地理环境 -> 三级阶梯 (part-of) | removed_horizontal=2
[edge] 地理环境 -> 长江 (part-of) | removed_horizontal=2
[edge] 地理环境 -> 太平洋 (related) | removed_horizontal=2
[edge] 地理环境 -> 列宁 (related) | removed_horizontal=2
[edge] 地理环境 -> 黄河 (part-of) | removed_horizontal=2
[edge] 地理环境 -> 石锄 (related) | removed_horizontal=2
[edge] 地理环境 -> 欧亚大陆 (related) | removed_horizontal=2
[edge] 地理环境 -> 石铲 (related) | removed_horizontal=2
[edge] 地理环境 -> 太平洋西部 (related) | removed_horizontal=2
[edge] 地理环境 -> 欧亚大陆东部 (part-of) | removed_horizontal=2
[edge] 地理环境 -> 海洋湿润气流 (related) | removed_horizontal=2
[edge] 地理环境 -> 耒耜 (related) | removed_horizontal=2
[edge] 地理环境 -> 锄 (applies-to) | removed_horizontal=2
[edge] 地理环境 -> 菜籽 (related) | removed_horizontal=2
[edge] 气 -> 大地 (related) | removed_horizontal=2
[edge] 天 -> 宇之表无极 (example-of) | removed_horizontal=2
[edge] 天 -> 进退 (related) | removed_horizontal=2
[edge] 天 -> 宙之端无穷 (related) | removed_horizontal=2
[edge] 气 -> 地球中心 (related) | removed_horizontal=2
[edge] 气 -> 天体 (related) | removed_horizontal=2
[edge] 气 -> 南北极出地角度 (related) | removed_horizontal=2
[edge] 天 -> 顺逆 (related) | removed_horizontal=2
[edge] 气 -> 耿中丞 (related) | removed_horizontal=2
[edge] 气 -> 宇宙界限 (related) | removed_horizontal=2
[edge] 气 -> 浑天体 (related) | removed_horizontal=2
[edge] 气 -> 鸡卵喻 (example-of) | removed_horizontal=2
[edge] 脉象 -> 感觉 (related) | removed_horizontal=2
[edge] 气 -> 落下闳 (related) | removed_horizontal=2
[edge] 脉象 -> 捪 (related) | removed_horizontal=2
[edge] 脉象 -> 声音 (related) | removed_horizontal=2
[edge] 气 -> 鲜于妄人 (related) | removed_horizontal=2
[edge] 脉象 -> 气味 (related) | removed_horizontal=2
[edge] 脉象 -> 用寒远寒 (applies-to) | removed_horizontal=2
[edge] 脉象 -> 春善病鼽衄 (example-of) | removed_horizontal=2
[edge] 因时制宜 -> 内涵建设 (related) | removed_horizontal=2
[edge] 因时制宜 -> 实际疗效 (related) | removed_horizontal=2
[edge] 因时制宜 -> 合作科研 (related) | removed_horizontal=2
[edge] 因时制宜 -> 中医教育机构 (related) | removed_horizontal=2
[edge] 因时制宜 -> 引进来 (related) | removed_horizontal=2
[edge] 因时制宜 -> 社会传播层 (related) | removed_horizontal=2
[edge] 因时制宜 -> 短期体验生 (related) | removed_horizontal=2
[edge] 因时制宜 -> 跨文化传播的典型平台 (related) | removed_horizontal=2
[edge] 因时制宜 -> 长期学位留学生 (related) | removed_horizontal=2
[edge] 因时制宜 -> 走出去 (related) | removed_horizontal=2
[edge] 因时制宜 -> 职业进修生 (related) | removed_horizontal=2
[edge] 四时 -> 二篇总策 (related) | removed_horizontal=2
[edge] 四时 -> 乾策 (related) | removed_horizontal=2
[edge] 四时 -> 万物之数 (related) | removed_horizontal=2
[edge] 三因制宜 -> 人之血气精神者，所以奉生而周于性命者也 (related) | removed_horizontal=2
[edge] 四时 -> 坤策 (related) | removed_horizontal=2
[edge] 三因制宜 -> 君子三戒 (related) | removed_horizontal=2
[edge] 四时 -> 大衍之数五十 (related) | removed_horizontal=2
[edge] 三因制宜 -> 壮年戒斗 (example-of) | removed_horizontal=2
[edge] 春生 -> 春温 (example-of) | removed_horizontal=2
[edge] 春生 -> 夏热 (example-of) | removed_horizontal=2
[edge] 三因制宜 -> 灵枢·本脏 (related) | removed_horizontal=2
[edge] 三因制宜 -> 少年戒色 (related) | removed_horizontal=2
[edge] 春生 -> 冬寒 (example-of) | removed_horizontal=2
[edge] 春生 -> 顺物自然而无容私焉 (related) | removed_horizontal=2
[edge] 春生 -> 秋凉 (example-of) | removed_horizontal=2
[edge] 阴胜则阳病 -> 阴偏衰 (contrasts-with) | removed_horizontal=2
[edge] 阴胜则阳病 -> 阳偏衰 (contrasts-with) | removed_horizontal=2
[edge] 阴胜则阳病 -> 阳热偏盛 (contrasts-with) | removed_horizontal=2
[edge] 《灵枢》 -> 《古今医统·庸医速报》 (related) | removed_horizontal=2
[edge] 生克制化 -> 血为气之母 (related) | removed_horizontal=2
[edge] 《灵枢》 -> 《针灸甲乙经·序》 (related) | removed_horizontal=2
[edge] 生克制化 -> 失和 (related) | removed_horizontal=2
[edge] 《灵枢》 -> 博极医源，精勤不倦 (related) | removed_horizontal=2
[edge] 《灵枢》 -> 医术水平 (related) | removed_horizontal=2
[edge] 《灵枢》 -> 同道之间应谦和谨慎 (related) | removed_horizontal=2
[edge] 《灵枢》 -> 医不贪色 (related) | removed_horizontal=2
[edge] 阴胜则阳病 -> 阴寒偏盛 (example-of) | removed_horizontal=2
[edge] 《灵枢》 -> 太极之数 (related) | removed_horizontal=2
[edge] 《灵枢》 -> 洛书九宫数 (related) | removed_horizontal=2
[edge] 《灵枢》 -> 缪希雍 (related) | removed_horizontal=2
[edge] 《灵枢》 -> 安神定志 (related) | removed_horizontal=2
[edge] 《灵枢》 -> 陈实功 (related) | removed_horizontal=2
[edge] 《灵枢》 -> 精通医道 (prerequisite) | removed_horizontal=2
[edge] 《灵枢》 -> 龚廷贤 (related) | removed_horizontal=2
[edge] 《素问》 -> 世医 (related) | removed_horizontal=2
[edge] 《素问》 -> 三舍法 (related) | removed_horizontal=2
[edge] 《灵枢》 -> 尊师重道 (related) | removed_horizontal=2
[edge] 《素问》 -> 五脏之数 (part-of) | removed_horizontal=2
[edge] 《素问》 -> 兑卦 (related) | removed_horizontal=2
[edge] 《素问》 -> 河图成数 (example-of) | removed_horizontal=2
[edge] 《素问》 -> 父子相传 (related) | removed_horizontal=2
[edge] 宇宙 -> 黑洞 (part-of) | removed_horizontal=2
[edge] 《素问》 -> 药园 (related) | removed_horizontal=2
[edge] 《素问》 -> 地方医学校 (related) | removed_horizontal=2
[edge] 《素问》 -> 阴胜阳病 (related) | removed_horizontal=2
[edge] 太极 -> 《说卦传》 (related) | removed_horizontal=2
[edge] 宇宙 -> 无序 (related) | removed_horizontal=2
[edge] 宇宙 -> 量子 (related) | removed_horizontal=2
[edge] 太极 -> 乾金 (related) | removed_horizontal=2
[edge] 太极 -> 动气命门 (related) | removed_horizontal=2
[edge] 太极 -> 坤土 (related) | removed_horizontal=2
[edge] 四象 -> 分野 (related) | removed_horizontal=2
[edge] 太极 -> 否卦 (related) | removed_horizontal=2
[edge] 太极 -> 补中益气汤 (related) | removed_horizontal=2
[edge] 太极 -> 水火命门 (related) | removed_horizontal=2
[edge] 四象 -> 北极星 (related) | removed_horizontal=2
[edge] 四象 -> 天璇 (related) | removed_horizontal=2
[edge] 四象 -> 北斗七星 (related) | removed_horizontal=2
[edge] 四象 -> 太白 (related) | removed_horizontal=2
[edge] 四象 -> 摇光 (related) | removed_horizontal=2
[edge] 四象 -> 天枢 (related) | removed_horizontal=2
[edge] 四象 -> 指极星 (related) | removed_horizontal=2
[edge] 四象 -> 辰星 (related) | removed_horizontal=2
[edge] 四象 -> 斗柄 (related) | removed_horizontal=2
[edge] 四象 -> 斗魁 (related) | removed_horizontal=2
[edge] 四象 -> 镇星 (example-of) | removed_horizontal=2
[edge] 八卦 -> 乾坤策数 (related) | removed_horizontal=2
[edge] 八卦 -> 卦数 (related) | removed_horizontal=2
[edge] 八卦 -> 张行成 (related) | removed_horizontal=2
[edge] 八卦 -> 亢龙 (example-of) | removed_horizontal=2
[edge] 八卦 -> 剥复 (part-of) | removed_horizontal=2
[edge] 八卦 -> 潜龙 (example-of) | removed_horizontal=2
[edge] 八卦 -> 爻性 (part-of) | removed_horizontal=2
[edge] 八卦 -> 左阴右阳 (related) | removed_horizontal=2
[edge] 八卦 -> 天地自然河图 (example-of) | removed_horizontal=2
[edge] 八卦 -> 赵仲全 (example-of) | removed_horizontal=2
[edge] 八卦 -> 赵㧑谦 (related) | removed_horizontal=2
[edge] 八卦 -> 章潢 (related) | removed_horizontal=2
[edge] 八卦 -> 阴阳鱼 (example-of) | removed_horizontal=2
[edge] 太虚 -> 北斗 (part-of) | removed_horizontal=2
[edge] 八卦 -> 易先天图 (example-of) | removed_horizontal=2
[edge] 太虚 -> 日行一度 (related) | removed_horizontal=2
[edge] 太虚 -> 八节 (related) | removed_horizontal=2
[edge] 浑天说 -> 南北两极 (part-of) | removed_horizontal=2
[edge] 太虚 -> 月生无泻 (related) | removed_horizontal=2
[edge] 浑天说 -> 弹丸 (example-of) | removed_horizontal=2
[edge] 浑天说 -> 鸡卵 (example-of) | removed_horizontal=2
[edge] 太虚 -> 月满无补 (related) | removed_horizontal=2
[edge] 日月五星 -> 哈雷彗星 (example-of) | removed_horizontal=2
[edge] 太虚 -> 月行十三度而有奇 (example-of) | removed_horizontal=2
[edge] 日月五星 -> 恒星位移 (applies-to) | removed_horizontal=2
[edge] 日月五星 -> 新星 (related) | removed_horizontal=2
[edge] 日月五星 -> 太阳黑子 (example-of) | removed_horizontal=2
[edge] 浑天说 -> 蛋黄 (example-of) | removed_horizontal=2
[edge] 日月五星 -> 星孛入于北斗 (example-of) | removed_horizontal=2
[edge] 日月五星 -> 汉书·五行志 (related) | removed_horizontal=2
[edge] 日月五星 -> 简仪 (applies-to) | removed_horizontal=2
[edge] 日月五星 -> 黄道游仪 (applies-to) | removed_horizontal=2
[edge] 日月五星 -> 黑气大如钱，居日中央 (example-of) | removed_horizontal=2
[edge] 朔望月 -> 上元积年 (part-of) | removed_horizontal=2
[edge] 朔望月 -> 交应 (part-of) | removed_horizontal=2
[edge] 朔望月 -> 气应 (part-of) | removed_horizontal=2
[edge] 朔望月 -> 天正冬至 (related) | removed_horizontal=2
[edge] 朔望月 -> 夏正寅月 (part-of) | removed_horizontal=2
[edge] 朔望月 -> 交点月 (part-of) | removed_horizontal=2
[edge] 朔望月 -> 无中气之月为闰月 (part-of) | removed_horizontal=2
[edge] 朔望月 -> 闰周 (part-of) | removed_horizontal=2
[edge] 朔望月 -> 转应 (part-of) | removed_horizontal=2
[edge] 朔望月 -> 闰应 (part-of) | removed_horizontal=2
[edge] 朔望月 -> 黄赤道度数换算公式 (related) | removed_horizontal=2
[edge] 五音 -> 六吕 (contrasts-with) | removed_horizontal=2
[edge] 五音 -> 变徵 (example-of) | removed_horizontal=2
[edge] 五音 -> 徵 (example-of) | removed_horizontal=2
[edge] 五音 -> 大吕 (part-of) | removed_horizontal=2
[edge] 五音 -> 黄钟 (part-of) | removed_horizontal=2
[edge] 五音 -> 太簇 (part-of) | removed_horizontal=2
[edge] 五音 -> 清角 (example-of) | removed_horizontal=2
[edge] 五音 -> 应钟 (part-of) | removed_horizontal=2
[edge] 五音 -> 夹钟 (part-of) | removed_horizontal=2
[edge] 五音 -> 黄钟大吕 (example-of) | removed_horizontal=2
[edge] 五音 -> 变宫 (example-of) | removed_horizontal=2
[edge] 五音 -> 清羽 (example-of) | removed_horizontal=2
[edge] 六气 -> 劳逸过度 (related) | removed_horizontal=2
[edge] 意象 -> 象也者，像此者也 (example-of) | removed_horizontal=2
[edge] 六气 -> 脱营失精 (related) | removed_horizontal=2
[edge] 顺势思维 -> 顺天之时，而病可与期 (example-of) | removed_horizontal=2
[edge] 六气 -> 阴阳乖戾 (related) | removed_horizontal=2
[edge] 感性认识 -> 中共中央 国务院关于促进中医药传承创新发展的意见 (related) | removed_horizontal=2
[edge] 感性认识 -> 中小学 (related) | removed_horizontal=2
[edge] 意象 -> 龟，象也 (example-of) | removed_horizontal=2
[edge] 意象 -> 骨骼图像 (example-of) | removed_horizontal=2
[edge] 感性认识 -> 青少年 (related) | removed_horizontal=2
[edge] 取象 -> 四隅卦 (example-of) | removed_horizontal=2
[edge] 取象 -> 坎卦 (example-of) | removed_horizontal=2
[edge] 取象 -> 天廓 (example-of) | removed_horizontal=2
[edge] 心 -> 嗔 (related) | removed_horizontal=2
[edge] 取象 -> 风象 (example-of) | removed_horizontal=2
[edge] 心 -> 能缘 (part-of) | removed_horizontal=2
[edge] 取象 -> 水廓 (example-of) | removed_horizontal=2
[edge] 心 -> 性 (related) | removed_horizontal=2
[edge] 取象 -> 面部八卦图 (example-of) | removed_horizontal=2
[edge] 取象 -> 面部形色八卦图 (example-of) | removed_horizontal=2
[edge] 心 -> 极乐世界 (related) | removed_horizontal=2
[edge] 心 -> 外在四大不调 (related) | removed_horizontal=2
[edge] 心 -> 妄念 (related) | removed_horizontal=2
[edge] 心 -> 心脏病 (related) | removed_horizontal=2
[edge] 心 -> 香 (related) | removed_horizontal=2
[edge] 象者，所以存意 -> 取是方而圆用之 (example-of) | removed_horizontal=2
[edge] 心 -> 本自清净 (example-of) | removed_horizontal=2
[edge] 象者，所以存意 -> 言不尽意 (related) | removed_horizontal=2
[edge] 象者，所以存意 -> 意之所随者，不可言传 (related) | removed_horizontal=2
[edge] 心 -> 高血压 (related) | removed_horizontal=2
[edge] 情志 -> 志闲少欲 (example-of) | removed_horizontal=2
[edge] 情志 -> 心安不惧 (example-of) | removed_horizontal=2
[edge] 情志 -> 神清意平 (related) | removed_horizontal=2
[edge] 情志 -> 气从以顺 (related) | removed_horizontal=2
[edge] 形神合一 -> 仙授理伤续断秘方 (related) | removed_horizontal=2
[edge] 望闻问切 -> 《本草中国》 (example-of) | removed_horizontal=2
[edge] 望闻问切 -> 中医文化主题VR技术 (applies-to) | removed_horizontal=2
[edge] 望闻问切 -> 《刮痧》 (example-of) | removed_horizontal=2
[edge] 形神合一 -> 功能锻炼 (related) | removed_horizontal=2
[edge] 形神合一 -> 乳香 (related) | removed_horizontal=2
[edge] 望闻问切 -> 自媒体APP (related) | removed_horizontal=2
[edge] 精 -> 源文化 (related) | removed_horizontal=2
[edge] 望闻问切 -> 科普书籍 (related) | removed_horizontal=2
[edge] 形神合一 -> 小夹板固定 (related) | removed_horizontal=2
[edge] 形神合一 -> 揩齿 (related) | removed_horizontal=2
[edge] 形神合一 -> 蔺道人 (related) | removed_horizontal=2
[edge] 形神合一 -> 支法存 (related) | removed_horizontal=2
[edge] 形神合一 -> 耆婆百病丸 (related) | removed_horizontal=2
[edge] 形神合一 -> 经行 (related) | removed_horizontal=2
[edge] 反常即病 -> 五气更立 (example-of) | removed_horizontal=2
[edge] 形神合一 -> 沉香 (related) | removed_horizontal=2
[edge] 阴阳失调 -> 先传而治 (prerequisite) | removed_horizontal=2
[edge] 反常即病 -> 气虚形虚 (example-of) | removed_horizontal=2
[edge] 阴阳失调 -> 有病早治 (related) | removed_horizontal=2
[edge] 形神合一 -> 过午不食 (related) | removed_horizontal=2
[edge] 治未病 -> 上工刺其未生 (example-of) | removed_horizontal=2
[edge] 治未病 -> 上工救其萌芽 (example-of) | removed_horizontal=2
[edge] 阴阳失调 -> 气血治疗 (related) | removed_horizontal=2
[edge] 治未病 -> 下工救其已成 (example-of) | removed_horizontal=2
[edge] 反常即病 -> 盛虚之变 (part-of) | removed_horizontal=2
[edge] 治未病 -> 半死半生 (related) | removed_horizontal=2
[edge] 阴阳失调 -> 血病治血 (related) | removed_horizontal=2
[edge] 治未病 -> 萌芽 (example-of) | removed_horizontal=2
[edge] 医官制度 -> 别坊 (part-of) | removed_horizontal=2
[edge] 医官制度 -> 上海广益中医院 (example-of) | removed_horizontal=2
[edge] 医官制度 -> 广州方便医院 (example-of) | removed_horizontal=2
[edge] 治未病 -> 未盛 (example-of) | removed_horizontal=2
[edge] 医官制度 -> 民间慈善机构 (related) | removed_horizontal=2
[edge] 医官制度 -> 卫生司 (part-of) | removed_horizontal=2
[edge] 医官制度 -> 病人坊 (part-of) | removed_horizontal=2
[edge] 医官制度 -> 生药库 (part-of) | removed_horizontal=2
[edge] 医官制度 -> 福田院 (part-of) | removed_horizontal=2
[edge] 医官制度 -> 普救病坊 (part-of) | removed_horizontal=2
[edge] 太医院 -> 医官选派考核 (applies-to) | removed_horizontal=2
[edge] 太医院 -> 上海各中医院 (example-of) | removed_horizontal=2
[edge] 太医院 -> 九科 (part-of) | removed_horizontal=2
[edge] 太医院 -> 南北朝佛教道教的医疗慈善 (related) | removed_horizontal=2
[edge] 太医院 -> 太医大使 (part-of) | removed_horizontal=2
[edge] 太医院 -> 十三科 (part-of) | removed_horizontal=2
[edge] 太医院 -> 太平惠民局 (part-of) | removed_horizontal=2
[edge] 太医院 -> 汉代疫情救济 (related) | removed_horizontal=2
[edge] 太医院 -> 生药库管理 (part-of) | removed_horizontal=2
[edge] 中国古代医事法律 -> 上工 (part-of) | removed_horizontal=2
[edge] 太医院 -> 熟药所 (part-of) | removed_horizontal=2
[edge] 中国古代医事法律 -> 下工 (part-of) | removed_horizontal=2
[edge] 太医署 -> 父子家传 (related) | removed_horizontal=2
[edge] 中国古代医事法律 -> 中工 (part-of) | removed_horizontal=2
[edge] 中国古代医事法律 -> 医违方诈疗 (part-of) | removed_horizontal=2
[edge] 中国古代医事法律 -> 以毒药毒人 (example-of) | removed_horizontal=2
[edge] 中国古代医事法律 -> 医不得兼方，不验辄死 (example-of) | removed_horizontal=2
[edge] 孙思邈 -> 李次口 (related) | removed_horizontal=2
[edge] 中国古代医事法律 -> 合和御药 (example-of) | removed_horizontal=2
[edge] 中国古代医事法律 -> 合药误不如本方 (example-of) | removed_horizontal=2
[edge] 中国古代医事法律 -> 方术之最 (part-of) | removed_horizontal=2
[edge] 刘完素 -> 乾金之象 (related) | removed_horizontal=2
[edge] 刘完素 -> 伤寒内热病理 (applies-to) | removed_horizontal=2
[edge] 刘完素 -> 太极动而生阳 (related) | removed_horizontal=2
[edge] 刘完素 -> 胆气升发 (related) | removed_horizontal=2
[edge] 中国古代医事法律 -> 圣人 (example-of) | removed_horizontal=2
[edge] 朱震亨 -> 宋清 (related) | removed_horizontal=2
[edge] 朱震亨 -> 杏林高手 (related) | removed_horizontal=2
[edge] 朱震亨 -> 虎守杏林 (related) | removed_horizontal=2
[edge] 刘完素 -> 水善火恶 (example-of) | removed_horizontal=2
[edge] 朱震亨 -> 董奉 (related) | removed_horizontal=2
[edge] 张仲景 -> 六神丸 (related) | removed_horizontal=2
[edge] 张仲景 -> 北同仁堂、南雷允上 (related) | removed_horizontal=2
[edge] 张仲景 -> 山西广盛号 (related) | removed_horizontal=2
[edge] 张仲景 -> 乐显扬 (related) | removed_horizontal=2
[edge] 张仲景 -> 医药堂 (related) | removed_horizontal=2
[edge] 张仲景 -> 太医局熟药所 (related) | removed_horizontal=2
[edge] 张仲景 -> 杭州胡庆余堂 (related) | removed_horizontal=2
[edge] 张仲景 -> 上海雷允上药堂 (related) | removed_horizontal=2
[edge] 张仲景 -> 广州陈李济杏和堂 (related) | removed_horizontal=2
[edge] 张仲景 -> 胡雪岩 (related) | removed_horizontal=2
[edge] 张仲景 -> 汉中时济堂 (related) | removed_horizontal=2
[edge] 张仲景 -> 李升佐 (related) | removed_horizontal=2
[edge] 张仲景 -> 龟龄集 (related) | removed_horizontal=2
[edge] 张仲景 -> 陈体全 (related) | removed_horizontal=2
[edge] 张仲景 -> 雷大升 (related) | removed_horizontal=2
[edge] 张仲景 -> 蜡丸 (related) | removed_horizontal=2
[edge] 《备急千金要方》 -> 于法开 (related) | removed_horizontal=2
[edge] 杏林 -> 橘井泉香 (example-of) | removed_horizontal=2
[edge] 杏林 -> 杏雨书屋 (example-of) | removed_horizontal=2
[edge] 杏林 -> 壶公 (related) | removed_horizontal=2
[edge] 《备急千金要方》 -> 仰道人 (related) | removed_horizontal=2
[edge] 《备急千金要方》 -> 《天竺经眼论》 (related) | removed_horizontal=2
[edge] 《备急千金要方》 -> 《申苏方》 (related) | removed_horizontal=2
[edge] 杏林 -> 苏耽 (related) | removed_horizontal=2
[edge] 《备急千金要方》 -> 《目经大成》 (related) | removed_horizontal=2
[edge] 《备急千金要方》 -> 《僧深药方》 (part-of) | removed_horizontal=2
[edge] 《备急千金要方》 -> 四物汤 (part-of) | removed_horizontal=2
[edge] 《备急千金要方》 -> 深师 (related) | removed_horizontal=2
[edge] 《备急千金要方》 -> 《不空绢索咒经》 (related) | removed_horizontal=2
[edge] 《备急千金要方》 -> 《温室洗浴众僧经》 (related) | removed_horizontal=2
[edge] 《备急千金要方》 -> 《曼殊室利菩萨咒藏中一字咒王经》 (related) | removed_horizontal=2
[edge] 《备急千金要方》 -> 《观世间菩萨如意摩尼陀罗经》 (related) | removed_horizontal=2
[edge] 《备急千金要方》 -> 《肘后方》 (related) | removed_horizontal=2
[edge] 《备急千金要方》 -> 奢弥草 (related) | removed_horizontal=2
[edge] 《备急千金要方》 -> 七十二眼方 (part-of) | removed_horizontal=2
[edge] 《备急千金要方》 -> 安息香 (part-of) | removed_horizontal=2
[edge] 《备急千金要方》 -> 番红花 (part-of) | removed_horizontal=2
[edge] 《备急千金要方》 -> 揩齿法 (part-of) | removed_horizontal=2
[edge] 《备急千金要方》 -> 毗醯勒 (part-of) | removed_horizontal=2
[edge] 《备急千金要方》 -> 羊膜 (example-of) | removed_horizontal=2
[edge] 《备急千金要方》 -> 小夹板固定技术 (related) | removed_horizontal=2
[edge] 《备急千金要方》 -> 杨枝洁齿 (related) | removed_horizontal=2
[edge] 《备急千金要方》 -> 溪毒蒸气疗法 (example-of) | removed_horizontal=2
[edge] 《备急千金要方》 -> 白内障手术 (example-of) | removed_horizontal=2
[edge] 《备急千金要方》 -> 胡椒 (related) | removed_horizontal=2
[edge] 《备急千金要方》 -> 羊膜记录 (example-of) | removed_horizontal=2
[edge] 《备急千金要方》 -> 船椒树子 (related) | removed_horizontal=2
[edge] 《备急千金要方》 -> 蒸气疗法 (applies-to) | removed_horizontal=2
[edge] 《备急千金要方》 -> 脚气病防治先驱 (example-of) | removed_horizontal=2
[edge] 《备急千金要方》 -> 郁金 (part-of) | removed_horizontal=2
[edge] 《备急千金要方》 -> 识含宗 (related) | removed_horizontal=2
[edge] 《备急千金要方》 -> 金针拔障术 (applies-to) | removed_horizontal=2
[edge] 《备急千金要方》 -> 藿香 (part-of) | removed_horizontal=2
[edge] 《备急千金要方》 -> 诃梨勒 (part-of) | removed_horizontal=2
[edge] 《备急千金要方》 -> 谢道人 (related) | removed_horizontal=2
[edge] 《备急千金要方》 -> 龙脑香 (part-of) | removed_horizontal=2
[edge] 《备急千金要方》 -> 阿伽陀圆 (part-of) | removed_horizontal=2
[edge] 《备急千金要方》 -> 脚气病防治学先驱 (example-of) | removed_horizontal=2
[edge] 《备急千金要方》 -> 阿波末利迦 (part-of) | removed_horizontal=2
[edge] 大医精诚 -> 习医动机 (related) | removed_horizontal=2
[edge] 大医精诚 -> 听音 (related) | removed_horizontal=2
[edge] 大医精诚 -> 传论 (part-of) | removed_horizontal=2
[edge] 大医精诚 -> 行针艾 (related) | removed_horizontal=2
[edge] 大医精诚 -> 导引行气 (related) | removed_horizontal=2
[edge] 大医精诚 -> 智力条件 (related) | removed_horizontal=2
[edge] 大医精诚 -> 视色 (related) | removed_horizontal=2
[edge] 北京同仁堂 -> 三大中成药基地 (example-of) | removed_horizontal=2
[edge] 北京同仁堂 -> 张仲景坐堂行医 (example-of) | removed_horizontal=2
[edge] 北京同仁堂 -> 允执其信，上品为宗 (applies-to) | removed_horizontal=2
[edge] 北京同仁堂 -> 戒欺 (related) | removed_horizontal=2
[edge] 北京同仁堂 -> 广州陈李济 (related) | removed_horizontal=2
[edge] 古籍 -> 医疗咨询 (related) | removed_horizontal=2
[edge] 北京同仁堂 -> 采办务真，修制务精 (example-of) | removed_horizontal=2
[edge] 大医精诚 -> 非其人勿教，非其真勿授 (related) | removed_horizontal=2
[edge] 北京同仁堂 -> 炮制虽繁必不敢省人工，品味虽贵必不敢减物力 (example-of) | removed_horizontal=2
[edge] 古籍 -> QQ (related) | removed_horizontal=2
[edge] 古籍 -> 微课 (applies-to) | removed_horizontal=2
[edge] 古籍 -> 微信 (related) | removed_horizontal=2
[edge] 古籍 -> 智能手机 (related) | removed_horizontal=2
[edge] 古籍 -> 面对面教学 (related) | removed_horizontal=2
[edge] 同仁堂 -> 中医药特色 (example-of) | removed_horizontal=2
[edge] 古籍 -> 网络查询 (related) | removed_horizontal=2
[edge] 古籍 -> 电脑 (related) | removed_horizontal=2
[edge] 孔子 -> 一箪食，一瓢饮，在陋巷 (example-of) | removed_horizontal=2
[edge] 孔子 -> 三月不知肉味 (example-of) | removed_horizontal=2
[edge] 孔子 -> 仁者乐山，智者乐水 (example-of) | removed_horizontal=2
[edge] 同仁堂 -> 无形资产 (example-of) | removed_horizontal=2
[edge] 孔子 -> 不义之富贵如浮云 (example-of) | removed_horizontal=2
[edge] 同仁堂 -> 中医文化品牌 (example-of) | removed_horizontal=2
[edge] 孔子 -> 曾点 (related) | removed_horizontal=2
[edge] 孔子 -> 发愤忘食，乐以忘忧，不知老之将至 (example-of) | removed_horizontal=2
[edge] 孔子 -> 古稀之年 (related) | removed_horizontal=2
[edge] 孔子 -> 颜回 (example-of) | removed_horizontal=2
[edge] 孔子 -> 君子食无求饱，居无求安，敏于事而慎于言，就有道而正焉 (example-of) | removed_horizontal=2
[edge] 孔子 -> 韶乐 (example-of) | removed_horizontal=2
[edge] 孔子 -> 饭疏食饮水，曲肱而枕之，乐亦在其中矣 (example-of) | removed_horizontal=2
[edge] 《易传》 -> 尚刚 (contrasts-with) | removed_horizontal=2
[edge] 孔子 -> 浴乎沂，风乎舞雩，咏而归 (example-of) | removed_horizontal=2
[edge] 河图洛书 -> 五行生成数之十数图 (example-of) | removed_horizontal=2
[edge] 《易经》占筮 -> 《小过》九三 (example-of) | removed_horizontal=2
[edge] 河图洛书 -> 天地之数五十有五 (part-of) | removed_horizontal=2
[edge] 气一元论 -> 存天理，灭人欲 (related) | removed_horizontal=2
[edge] 《易经》占筮 -> 《乾》九三 (example-of) | removed_horizontal=2
[edge] 《易经》占筮 -> 与天地合其德 (related) | removed_horizontal=2
[edge] 河图洛书 -> 成数 (part-of) | removed_horizontal=2
[edge] 《易经》占筮 -> 利 (part-of) | removed_horizontal=2
[edge] 《易经》占筮 -> 厉 (example-of) | removed_horizontal=2
[edge] 河图洛书 -> 生数 (part-of) | removed_horizontal=2
[edge] 《易经》占筮 -> 凶 (example-of) | removed_horizontal=2
[edge] 《易经》占筮 -> 有孚 (example-of) | removed_horizontal=2
[edge] 《易经》占筮 -> 无妄 (related) | removed_horizontal=2
[edge] 《易经》占筮 -> 吝 (example-of) | removed_horizontal=2
[edge] 《易经》占筮 -> 吉 (example-of) | removed_horizontal=2
[edge] 《易经》占筮 -> 过防 (example-of) | removed_horizontal=2
[edge] 《易经》占筮 -> 终日乾乾，夕惕若 (example-of) | removed_horizontal=2
[edge] 《易经》占筮 -> 无咎 (example-of) | removed_horizontal=2
[edge] 德义 -> 《复》 (example-of) | removed_horizontal=2
[edge] 德义 -> 《节》卦初九爻辞 (example-of) | removed_horizontal=2
[edge] 德义 -> 作事谋始 (related) | removed_horizontal=2
[edge] 《易经》占筮 -> 设卦观象系辞 (applies-to) | removed_horizontal=2
[edge] 德义 -> 嘉之会 (part-of) | removed_horizontal=2
[edge] 德义 -> 善之长 (part-of) | removed_horizontal=2
[edge] 德义 -> 天行健，君子以自强不息 (example-of) | removed_horizontal=2
[edge] 德义 -> 元亨利贞 (related) | removed_horizontal=2
[edge] 德义 -> 义之和 (related) | removed_horizontal=2
[edge] 德义 -> 事之干 (part-of) | removed_horizontal=2
[edge] 德义 -> 地势坤，君子以厚德载物 (example-of) | removed_horizontal=2
[edge] 德义 -> 慎密 (related) | removed_horizontal=2
[edge] 德义 -> 德之柄 (part-of) | removed_horizontal=2
[edge] 德义 -> 果行育德 (related) | removed_horizontal=2
[edge] 六经 -> 论衡 (related) | removed_horizontal=2
[edge] 德义 -> 自天子以至于庶人，壹是皆以修身为本 (example-of) | removed_horizontal=2
[edge] 宋明理学 -> 唐武宗废佛 (related) | removed_horizontal=2
[edge] 六经 -> 王充 (related) | removed_horizontal=2
[edge] 儒家 -> 不学礼，无以立 (example-of) | removed_horizontal=2
[edge] 德义 -> 祝卜 (contrasts-with) | removed_horizontal=2
[edge] 儒家 -> 曲 (related) | removed_horizontal=2
[edge] 儒家 -> 豆 (related) | removed_horizontal=2
[edge] 儒家 -> 礻 (related) | removed_horizontal=2
[edge] 儒家 -> 入太庙每事问 (example-of) | removed_horizontal=2
[edge] 儒家 -> 约我以礼 (example-of) | removed_horizontal=2
[edge] 儒家 -> 事神致福 (related) | removed_horizontal=2
[edge] 上清派 -> 上供 (part-of) | removed_horizontal=2
[edge] 上清派 -> 三箓七品 (part-of) | removed_horizontal=2
[edge] 上清派 -> 三法师 (part-of) | removed_horizontal=2
[edge] 上清派 -> 坛场 (related) | removed_horizontal=2
[edge] 上清派 -> 外斋 (related) | removed_horizontal=2
[edge] 上清派 -> 寇谦之 (related) | removed_horizontal=2
[edge] 上清派 -> 祝香 (related) | removed_horizontal=2
[edge] 上清派 -> 斋 (related) | removed_horizontal=2
[edge] 上清派 -> 幡 (related) | removed_horizontal=2
[edge] 上清派 -> 法剑 (related) | removed_horizontal=2
[edge] 上清派 -> 送神 (related) | removed_horizontal=2
[edge] 上清派 -> 杜光庭 (related) | removed_horizontal=2
[edge] 上清派 -> 醮 (related) | removed_horizontal=2
[edge] 上清派 -> 花 (related) | removed_horizontal=2
[edge] 上清派 -> 都讲 (related) | removed_horizontal=2
[edge] 上清派 -> 降神 (related) | removed_horizontal=2
[edge] 上清派 -> 醮坛清规 (related) | removed_horizontal=2
[edge] 戒律 -> 《毗尼母论》 (part-of) | removed_horizontal=2
[edge] 上清派 -> 陆修静 (related) | removed_horizontal=2
[edge] 戒律 -> 《明了论》 (part-of) | removed_horizontal=2
[edge] 戒律 -> 悲拔苦 (related) | removed_horizontal=2
[edge] 戒律 -> 慈予乐 (related) | removed_horizontal=2
[edge] 戒律 -> 仁心仁术 (related) | removed_horizontal=2
[edge] 心性 -> 神秀 (related) | removed_horizontal=2
[edge] 心性 -> 万法皆空 (related) | removed_horizontal=2
[edge] 无为而治 -> 人尽其才 (example-of) | removed_horizontal=2
[edge] 戒律 -> 鉴真大师 (example-of) | removed_horizontal=2
[edge] 无为而治 -> 庖丁解牛 (example-of) | removed_horizontal=2
[edge] 无为而治 -> 民者国之本 (related) | removed_horizontal=2
[edge] 无为而治 -> 听其自流 (contrasts-with) | removed_horizontal=2
[edge] 无为而治 -> 禾稼春生 (example-of) | removed_horizontal=2
[edge] 无为而治 -> 水东流 (example-of) | removed_horizontal=2
[edge] 科仪 -> 步虚 (part-of) | removed_horizontal=2
[edge] 仁政 -> 兄—弟 (related) | removed_horizontal=2
[edge] 科仪 -> 冠服 (part-of) | removed_horizontal=2
[edge] 中医 -> 生命科学真理 (related) | removed_horizontal=2
[edge] 中医 -> 形而下技术验证 (applies-to) | removed_horizontal=2
[edge] 仁政 -> 兄友弟恭 (related) | removed_horizontal=2
[edge] 仁政 -> 臣子之孝 (related) | removed_horizontal=2
[edge] 洋务运动 -> 军事学校 (part-of) | removed_horizontal=2
[edge] 中医 -> 中西医并存 (related) | removed_horizontal=2
[edge] 洋务运动 -> 欧洲强国 (related) | removed_horizontal=2
[edge] 洋务运动 -> 译馆 (part-of) | removed_horizontal=2
[edge] 洋务运动 -> 书局 (related) | removed_horizontal=2
[edge] 洋务运动 -> 留学生 (related) | removed_horizontal=2
[edge] 洋务运动 -> 声光化电 (example-of) | removed_horizontal=2
[edge] 端正学习态度 -> 严谨求实 (part-of) | removed_horizontal=2
[edge] 端正学习态度 -> 敏而好学，不耻下问 (example-of) | removed_horizontal=2
[edge] 端正学习态度 -> 主观臆断 (contrasts-with) | removed_horizontal=2
[edge] 端正学习态度 -> 朝闻道，夕死可矣 (example-of) | removed_horizontal=2
[edge] 端正学习态度 -> 解剖尸体 (example-of) | removed_horizontal=2
[edge] 端正学习态度 -> 野外考察 (related) | removed_horizontal=2
[edge] 端正学习态度 -> 知之为知之，不知为不知 (example-of) | removed_horizontal=2
[edge] 端正学习态度 -> 谦虚好学 (example-of) | removed_horizontal=2
[edge] 养生 -> 中医文化节 (example-of) | removed_horizontal=2
[edge] 养生 -> 中医中药中国行 (example-of) | removed_horizontal=2
[edge] 养生 -> 中药图案 (related) | removed_horizontal=2
[edge] 养生 -> 全国中医药健康文化知识大赛 (example-of) | removed_horizontal=2
[edge] 养生 -> 卫生健康机构 (related) | removed_horizontal=2
[edge] 养生 -> 名医互动 (applies-to) | removed_horizontal=2
[edge] 养生 -> 手提袋 (related) | removed_horizontal=2
[edge] 养生 -> 抢答问答 (related) | removed_horizontal=2
[edge] 养生 -> 中医文创产品大赛 (example-of) | removed_horizontal=2
[edge] 养生 -> 夏令营 (applies-to) | removed_horizontal=2
[edge] 养生 -> 膏方制作 (applies-to) | removed_horizontal=2
[edge] 养生 -> 经典典故 (part-of) | removed_horizontal=2
[edge] 养生 -> 文化体验活动 (related) | removed_horizontal=2
[edge] 养生 -> 香囊 (example-of) | removed_horizontal=2
[edge] 养生 -> 药枕 (example-of) | removed_horizontal=2
[edge] 佛教 -> 中国云南 (related) | removed_horizontal=2
[edge] 佛教 -> 中国第一座佛教寺院 (example-of) | removed_horizontal=2
[edge] 佛教 -> 印度 (related) | removed_horizontal=2
[edge] 佛教 -> 斯里兰卡 (related) | removed_horizontal=2
[edge] 佛教 -> 永平七年 (example-of) | removed_horizontal=2
[edge] 佛教 -> 佛像 (example-of) | removed_horizontal=2
[edge] 佛教 -> 使者 (related) | removed_horizontal=2
[edge] 佛教 -> 汉明帝 (example-of) | removed_horizontal=2
[edge] 佛教 -> 洛阳 (related) | removed_horizontal=2
[edge] 佛教 -> 经书 (part-of) | removed_horizontal=2
[edge] 佛教 -> 东南亚 (related) | removed_horizontal=2
[edge] 佛教 -> 西域 (related) | removed_horizontal=2
[edge] 净土宗 -> 道绰 (example-of) | removed_horizontal=2
[edge] 天台宗 -> 慧文 (part-of) | removed_horizontal=2
[edge] 净土宗 -> 三经一论 (part-of) | removed_horizontal=2
[edge] 净土宗 -> 庐山慧远 (example-of) | removed_horizontal=2
[edge] 净土宗 -> 慈愍 (example-of) | removed_horizontal=2
[edge] 禅定 -> 俗智 (related) | removed_horizontal=2
[edge] 净土宗 -> 昙鸾 (example-of) | removed_horizontal=2
[edge] 天台宗 -> 龙树 (related) | removed_horizontal=2
[edge] 禅定 -> 止恶 (related) | removed_horizontal=2
[edge] 禅定 -> 生死此岸 (related) | removed_horizontal=2
[edge] 禅定 -> 财施 (related) | removed_horizontal=2
[edge] 禅定 -> 修善 (related) | removed_horizontal=2
[edge] 禅定 -> 跑香 (example-of) | removed_horizontal=2
[edge] 华严宗 -> 《初发心菩萨功德品》 (part-of) | removed_horizontal=2
[edge] 华严宗 -> 一世界 (part-of) | removed_horizontal=2
[edge] 禅定 -> 元气调息 (part-of) | removed_horizontal=2
[edge] 禅定 -> 外修 (related) | removed_horizontal=2
[edge] 顿悟成佛 -> 渐悟 (contrasts-with) | removed_horizontal=2
[edge] 华严宗 -> 无量无边世界 (part-of) | removed_horizontal=2
[edge] 三论宗 -> 不来不出 (part-of) | removed_horizontal=2
[edge] 华严宗 -> 武则天 (related) | removed_horizontal=2
[edge] 华严宗 -> 贤首 (example-of) | removed_horizontal=2
[edge] 华严宗 -> 龙树菩萨 (example-of) | removed_horizontal=2
[edge] 三论宗 -> 印度初祖 (example-of) | removed_horizontal=2
[edge] 三论宗 -> 八不偈 (example-of) | removed_horizontal=2
[edge] 三论宗 -> 中国初祖 (part-of) | removed_horizontal=2
[edge] 三论宗 -> 吉藏 (example-of) | removed_horizontal=2
[edge] 三论宗 -> 真空 (related) | removed_horizontal=2
[edge] 法相宗 -> 玄奘 (example-of) | removed_horizontal=2
[edge] 法相宗 -> 相 (part-of) | removed_horizontal=2
[edge] 三论宗 -> 提婆 (example-of) | removed_horizontal=2
[edge] 灭谛 -> 涅槃寂灭 (example-of) | removed_horizontal=2
[edge] 灭谛 -> 修学体证 (related) | removed_horizontal=2
[edge] 法相宗 -> 窥基 (example-of) | removed_horizontal=2
[edge] 灭谛 -> 涅槃寂灭之乐 (example-of) | removed_horizontal=2
[edge] 灭谛 -> 颠倒邪见 (related) | removed_horizontal=2
[edge] 三论宗 -> 妙有 (related) | removed_horizontal=2
[edge] 三毒 -> 血脉贲张 (related) | removed_horizontal=2
[edge] 三毒 -> 消化性溃疡 (related) | removed_horizontal=2
[edge] 三毒 -> 我相 (related) | removed_horizontal=2
[edge] 三毒 -> 妄想 (related) | removed_horizontal=2
[edge] 佛法 -> 《唐本草》 (related) | removed_horizontal=2
[edge] 城邦国家 -> 个人自由 (related) | removed_horizontal=2
[edge] 佛法 -> 《名医别录》 (related) | removed_horizontal=2
[edge] 城邦国家 -> 实用知识 (contrasts-with) | removed_horizontal=2
[edge] 古希腊文化 -> 4世纪 (related) | removed_horizontal=2
[edge] 城邦国家 -> 贵族 (part-of) | removed_horizontal=2
[edge] 城邦国家 -> 平民 (part-of) | removed_horizontal=2
[edge] 城邦国家 -> 牛顿 (related) | removed_horizontal=2
[edge] 古希腊文化 -> 公元1世纪 (related) | removed_horizontal=2
[edge] 古希腊文化 -> 先知教导 (related) | removed_horizontal=2
[edge] 古希腊文化 -> 义人 (related) | removed_horizontal=2
[edge] 古希腊文化 -> 偶像崇拜 (contrasts-with) | removed_horizontal=2
[edge] 古希腊文化 -> 上帝 (related) | removed_horizontal=2
[edge] 古希腊文化 -> 历代先知 (related) | removed_horizontal=2
[edge] 理性主义 -> 两次世界大战 (related) | removed_horizontal=2
[edge] 古希腊文化 -> 美化灵魂 (related) | removed_horizontal=2
[edge] 启蒙运动 -> 全人格的觉悟 (related) | removed_horizontal=2
[edge] 古希腊文化 -> 巴勒斯坦 (related) | removed_horizontal=2
[edge] 古希腊文化 -> 天国 (related) | removed_horizontal=2
[edge] 启蒙运动 -> 矿山 (related) | removed_horizontal=2
[edge] 启蒙运动 -> 理性武器 (applies-to) | removed_horizontal=2
[edge] 启蒙运动 -> 新制度 (prerequisite) | removed_horizontal=2
[edge] 启蒙运动 -> 船炮 (related) | removed_horizontal=2
[edge] 启蒙运动 -> 旧心理 (contrasts-with) | removed_horizontal=2
[edge] 启蒙运动 -> 议会 (related) | removed_horizontal=2
[edge] 商品经济 -> 吸引或排斥力 (related) | removed_horizontal=2
[edge] 启蒙运动 -> 邮局 (related) | removed_horizontal=2
[edge] 商品经济 -> 我思故我在 (related) | removed_horizontal=2
[edge] 商品经济 -> 航海 (related) | removed_horizontal=2
[edge] 中医药 -> 医护人员的行为方式 (related) | removed_horizontal=2
[edge] 中医药 -> 专家资源 (part-of) | removed_horizontal=2
[edge] 商品经济 -> 机械规律 (related) | removed_horizontal=2
[edge] 中医药 -> 医院的文化氛围 (related) | removed_horizontal=2
[edge] 中医药 -> 就医体验 (related) | removed_horizontal=2
[edge] 中医药 -> 权威性 (related) | removed_horizontal=2
[edge] 政府 -> 实施者 (related) | removed_horizontal=2
[edge] 中医药 -> 宣传 (applies-to) | removed_horizontal=2
[edge] 政府 -> 组织者 (applies-to) | removed_horizontal=2
[edge] 政府 -> 策划者 (applies-to) | removed_horizontal=2
[edge] 商品经济 -> 实验观察 (related) | removed_horizontal=2
[edge] 中医文化传播 -> 中医权威 (related) | removed_horizontal=2
[edge] 中医文化传播 -> 中医大讲堂 (example-of) | removed_horizontal=2
[edge] 中医文化传播 -> 个人信息泄露 (related) | removed_horizontal=2
[edge] 中医文化传播 -> 信息甄别困难 (related) | removed_horizontal=2
[edge] 中医文化传播 -> 中药产品 (related) | removed_horizontal=2
[edge] 中医文化传播 -> 中医黑 (contrasts-with) | removed_horizontal=2
[edge] 中医文化传播 -> 传承 (part-of) | removed_horizontal=2
[edge] 中医文化传播 -> 信息储存量大 (applies-to) | removed_horizontal=2
[edge] 中医文化传播 -> 反中医观点 (contrasts-with) | removed_horizontal=2
[edge] 中医文化传播 -> 多数派 (related) | removed_horizontal=2
[edge] 中医文化传播 -> 单向传播 (applies-to) | removed_horizontal=2
[edge] 中医文化传播 -> 名家轶事 (example-of) | removed_horizontal=2
[edge] 中医文化传播 -> 形式丰富 (applies-to) | removed_horizontal=2
[edge] 中医文化传播 -> 合作研究 (related) | removed_horizontal=2
[edge] 中医文化传播 -> 螺旋式上升的舆论态势 (related) | removed_horizontal=2
[edge] 中医文化传播 -> 权威机构 (part-of) | removed_horizontal=2
[edge] 中医文化传播 -> 少数派 (contrasts-with) | removed_horizontal=2
[edge] 中医文化传播 -> 意志坚定者 (related) | removed_horizontal=2
[edge] 中医文化传播 -> 权威专家 (related) | removed_horizontal=2
[edge] 中医文化传播 -> 话语权 (related) | removed_horizontal=2
[edge] 中医文化传播 -> 选择性强 (related) | removed_horizontal=2
[edge] 中医文化传播 -> 进社区 (example-of) | removed_horizontal=2
[edge] 受传者 -> 中医文化爱好者 (example-of) | removed_horizontal=2
[edge] 文字 -> 人体经络脏腑图 (example-of) | removed_horizontal=2
[edge] 受传者 -> 潜在受众 (example-of) | removed_horizontal=2
[edge] 受传者 -> 养生需求者 (example-of) | removed_horizontal=2
[edge] 文字 -> 导引图 (example-of) | removed_horizontal=2
[edge] 文字 -> 中药炮制图 (example-of) | removed_horizontal=2
[edge] 跨文化传播 -> 价值适应 (applies-to) | removed_horizontal=2
[edge] 中医文化传播的效益最大化原则 -> 受众变化 (applies-to) | removed_horizontal=2
[edge] 中医文化传播的效益最大化原则 -> 整体建设最大效益化 (example-of) | removed_horizontal=2
[edge] 文字 -> 运气图说 (example-of) | removed_horizontal=2
[edge] 中医文化传播的效益最大化原则 -> 文化内涵外化 (related) | removed_horizontal=2
[edge] 中医文化传播的效益最大化原则 -> 机构影响 (related) | removed_horizontal=2
[edge] 中医文化传播的效益最大化原则 -> 外在形象 (applies-to) | removed_horizontal=2
[edge] 中医文化传播的效益最大化原则 -> 社会热点 (applies-to) | removed_horizontal=2
[edge] 中医文化传播的效益最大化原则 -> 艺术形象设计 (applies-to) | removed_horizontal=2
[edge] 跨文化传播 -> 国家符号 (related) | removed_horizontal=2
[edge] 标准化建设 -> 中医医生处方权 (part-of) | removed_horizontal=2
[edge] 中医文化传播的效益最大化原则 -> 时事 (applies-to) | removed_horizontal=2
[edge] 标准化建设 -> 手术范围 (related) | removed_horizontal=2
[edge] 标准化建设 -> 民间名中医 (related) | removed_horizontal=2
完成，共处理 4157 个实体。输出文件：D:\tree-KG\TreeKG-main\src\output\中医文化学\02_hidden_kg\aggr_entities.json
Aggr log: D:\tree-KG\TreeKG-main\src\output\中医文化学\02_hidden_kg\logs\aggr.log
